Record_ID,Date,Warehouse,Shift,Process,Zone,Associate_ID,Orders_Processed,Avg_Cycle_Time_Min,Processing_Time_Min,Delay_Count,Delay_Time_Min,Error_Count,On_Time_Orders,Labor_Hours,Productivity,Error_Rate,On_Time_Rate,Month,Weekday
O00001,2025-04-13,WH-West,Morning,Sorting,E,A075,17,8.98,152.7,0,0.0,1,17,6.5,2.6153846153846154,0.058823529411764705,1.0,2025-04,Sunday
O00002,2025-10-04,WH-East,Afternoon,Picking,A,A049,18,11.68,210.2,0,0.0,0,18,6.73,2.674591381872214,0.0,1.0,2025-10,Saturday
O00003,2025-02-20,WH-South,Night,Packing,E,A051,20,5.0,100.0,0,0.0,0,20,8.21,2.4360535931790497,0.0,1.0,2025-02,Thursday
O00004,2025-09-21,WH-North,Night,Picking,D,A002,17,16.8,285.6,1,26.5,0,17,7.49,2.2696929238985315,0.0,1.0,2025-09,Sunday
O00005,2025-09-27,WH-East,Morning,Packing,D,A062,16,11.93,190.9,0,0.0,0,16,6.85,2.3357664233576645,0.0,1.0,2025-09,Saturday
O00006,2025-01-15,WH-North,Morning,Packing,A,A008,21,8.65,181.7,1,15.9,0,21,8.66,2.4249422632794455,0.0,1.0,2025-01,Wednesday
O00007,2025-11-24,WH-South,Morning,Picking,E,A044,18,16.43,295.8,2,39.0,0,17,6.56,2.7439024390243905,0.0,0.9444444444444444,2025-11,Monday
O00008,2025-06-28,WH-North,Afternoon,Picking,D,A023,19,15.99,303.8,0,0.0,0,19,8.24,2.3058252427184467,0.0,1.0,2025-06,Saturday
O00009,2025-10-11,WH-West,Night,Packing,D,A028,14,9.14,128.0,0,0.0,1,14,7.18,1.9498607242339834,0.07142857142857142,1.0,2025-10,Saturday
O00010,2025-10-10,WH-South,Night,Dispatch,C,A009,18,13.88,249.8,1,11.7,0,18,7.9,2.2784810126582276,0.0,1.0,2025-10,Friday
O00011,2025-06-29,WH-South,Night,Dispatch,B,A003,15,12.26,183.8,1,14.1,1,15,7.1,2.1126760563380285,0.06666666666666667,1.0,2025-06,Sunday
O00012,2025-05-10,WH-East,Afternoon,Packing,D,A055,21,8.92,187.3,1,21.9,0,21,7.84,2.678571428571429,0.0,1.0,2025-05,Saturday
O00013,2025-08-28,WH-West,Morning,Packing,E,A003,19,10.02,190.4,0,0.0,0,19,8.23,2.3086269744835963,0.0,1.0,2025-08,Thursday
O00014,2025-05-08,WH-South,Night,Packing,A,A050,25,9.09,227.2,1,26.0,1,25,7.82,3.19693094629156,0.04,1.0,2025-05,Thursday
O00015,2025-01-02,WH-West,Night,Packing,C,A009,15,10.27,154.1,5,103.9,0,11,8.85,1.6949152542372883,0.0,0.7333333333333333,2025-01,Thursday
O00016,2025-06-02,WH-North,Morning,Packing,C,A080,13,10.26,133.4,2,39.9,0,12,8.09,1.6069221260815822,0.0,0.9230769230769231,2025-06,Monday
O00017,2025-01-22,WH-North,Night,Picking,C,A027,22,13.34,293.4,1,14.2,0,22,8.11,2.712700369913687,0.0,1.0,2025-01,Wednesday
O00018,2025-01-17,WH-West,Afternoon,Picking,C,A037,26,20.8,540.8,3,49.4,1,24,7.29,3.5665294924554183,0.038461538461538464,0.9230769230769231,2025-01,Friday
O00019,2025-05-08,WH-South,Morning,Sorting,C,A046,11,10.64,117.1,2,31.8,0,10,8.52,1.2910798122065728,0.0,0.9090909090909091,2025-05,Thursday
O00020,2025-12-21,WH-North,Afternoon,Picking,A,A036,22,14.13,310.8,3,48.8,0,20,7.95,2.7672955974842766,0.0,0.9090909090909091,2025-12,Sunday
O00021,2025-12-08,WH-South,Morning,Dispatch,B,A058,5,10.82,54.1,0,0.0,0,5,7.04,0.7102272727272727,0.0,1.0,2025-12,Monday
O00022,2025-01-05,WH-South,Night,Picking,C,A055,13,16.72,217.4,2,33.5,0,12,8.36,1.555023923444976,0.0,0.9230769230769231,2025-01,Sunday
O00023,2025-12-12,WH-North,Night,Sorting,A,A012,17,6.81,115.8,3,87.0,1,15,7.89,2.1546261089987326,0.058823529411764705,0.8823529411764706,2025-12,Friday
O00024,2025-10-05,WH-East,Morning,Packing,C,A057,16,8.37,133.9,0,0.0,2,16,6.94,2.3054755043227666,0.125,1.0,2025-10,Sunday
O00025,2025-08-06,WH-East,Night,Picking,E,A023,24,21.97,527.2,6,137.4,1,20,6.82,3.5190615835777126,0.041666666666666664,0.8333333333333334,2025-08,Wednesday
O00026,2025-06-28,WH-West,Afternoon,Sorting,B,A043,14,8.21,114.9,0,0.0,0,14,8.21,1.7052375152253347,0.0,1.0,2025-06,Saturday
O00027,2025-12-03,WH-East,Morning,Sorting,B,A007,12,10.25,123.0,2,23.8,0,11,8.52,1.4084507042253522,0.0,0.9166666666666666,2025-12,Wednesday
O00028,2025-06-26,WH-East,Morning,Picking,E,A012,17,14.77,251.1,1,27.9,0,17,8.57,1.9836639439906651,0.0,1.0,2025-06,Thursday
O00029,2025-12-08,WH-South,Morning,Picking,E,A019,11,18.78,206.6,1,15.2,0,11,8.38,1.3126491646778042,0.0,1.0,2025-12,Monday
O00030,2025-05-31,WH-West,Morning,Dispatch,B,A039,21,14.66,307.9,4,105.8,0,18,7.06,2.974504249291785,0.0,0.8571428571428571,2025-05,Saturday
O00031,2025-10-10,WH-East,Morning,Picking,C,A008,16,12.2,195.3,2,55.9,0,15,7.73,2.069857697283312,0.0,0.9375,2025-10,Friday
O00032,2025-05-21,WH-South,Afternoon,Sorting,E,A039,21,7.47,156.8,2,54.2,0,20,8.91,2.356902356902357,0.0,0.9523809523809523,2025-05,Wednesday
O00033,2025-02-13,WH-West,Afternoon,Picking,E,A075,25,12.82,320.5,0,0.0,0,25,8.99,2.7808676307007785,0.0,1.0,2025-02,Thursday
O00034,2025-02-23,WH-East,Night,Picking,D,A074,27,14.54,392.7,2,24.3,0,26,7.38,3.658536585365854,0.0,0.9629629629629629,2025-02,Sunday
O00035,2025-06-27,WH-North,Morning,Picking,C,A063,18,15.43,277.7,0,0.0,1,18,8.87,2.0293122886133035,0.05555555555555555,1.0,2025-06,Friday
O00036,2025-09-13,WH-East,Night,Picking,B,A005,13,16.43,213.5,4,68.5,0,10,6.64,1.957831325301205,0.0,0.7692307692307693,2025-09,Saturday
O00037,2025-01-06,WH-East,Afternoon,Sorting,C,A053,19,6.39,121.4,0,0.0,0,19,7.19,2.642559109874826,0.0,1.0,2025-01,Monday
O00038,2025-09-17,WH-North,Afternoon,Packing,D,A072,18,13.39,241.0,1,29.3,0,18,8.48,2.1226415094339623,0.0,1.0,2025-09,Wednesday
O00039,2025-04-22,WH-South,Afternoon,Sorting,B,A075,14,5.0,70.0,2,38.6,1,13,7.49,1.8691588785046729,0.07142857142857142,0.9285714285714286,2025-04,Tuesday
O00040,2025-09-04,WH-South,Afternoon,Sorting,B,A056,10,11.61,116.1,1,12.6,0,10,7.35,1.3605442176870748,0.0,1.0,2025-09,Thursday
O00041,2025-04-21,WH-North,Morning,Picking,D,A004,16,19.14,306.2,0,0.0,0,16,6.92,2.3121387283236996,0.0,1.0,2025-04,Monday
O00042,2025-04-02,WH-South,Morning,Packing,E,A012,14,9.2,128.8,1,8.9,1,14,8.07,1.7348203221809169,0.07142857142857142,1.0,2025-04,Wednesday
O00043,2025-08-27,WH-South,Morning,Picking,A,A026,24,14.45,346.7,2,49.4,0,23,8.3,2.8915662650602405,0.0,0.9583333333333334,2025-08,Wednesday
O00044,2025-06-03,WH-North,Morning,Sorting,C,A018,17,8.09,137.5,0,0.0,0,17,6.55,2.595419847328244,0.0,1.0,2025-06,Tuesday
O00045,2025-09-30,WH-North,Morning,Picking,A,A013,19,13.98,265.6,0,0.0,0,19,8.36,2.272727272727273,0.0,1.0,2025-09,Tuesday
O00046,2025-08-24,WH-North,Morning,Picking,B,A064,19,17.7,336.3,2,20.5,0,18,7.11,2.6722925457102673,0.0,0.9473684210526315,2025-08,Sunday
O00047,2025-01-04,WH-West,Morning,Sorting,A,A003,18,8.98,161.6,2,23.5,0,17,8.82,2.0408163265306123,0.0,0.9444444444444444,2025-01,Saturday
O00048,2025-12-01,WH-East,Afternoon,Sorting,E,A070,14,7.79,109.0,3,57.4,1,12,7.3,1.9178082191780823,0.07142857142857142,0.8571428571428571,2025-12,Monday
O00049,2025-09-16,WH-North,Morning,Picking,B,A044,14,19.97,279.6,1,26.7,0,14,7.52,1.8617021276595747,0.0,1.0,2025-09,Tuesday
O00050,2025-05-17,WH-North,Morning,Dispatch,D,A064,21,10.49,220.3,1,13.2,0,21,8.77,2.394526795895097,0.0,1.0,2025-05,Saturday
O00051,2025-03-30,WH-West,Morning,Sorting,C,A038,18,5.0,90.0,1,9.5,0,18,7.86,2.2900763358778624,0.0,1.0,2025-03,Sunday
O00052,2025-07-17,WH-West,Afternoon,Picking,D,A015,24,16.49,395.8,4,100.5,0,21,7.01,3.4236804564907275,0.0,0.875,2025-07,Thursday
O00053,2025-11-18,WH-East,Night,Picking,E,A031,16,14.14,226.2,2,50.0,0,15,8.0,2.0,0.0,0.9375,2025-11,Tuesday
O00054,2025-10-19,WH-East,Afternoon,Sorting,B,A038,14,14.26,199.7,1,28.1,0,14,6.75,2.074074074074074,0.0,1.0,2025-10,Sunday
O00055,2025-04-21,WH-East,Afternoon,Picking,D,A005,25,14.63,365.6,1,24.2,2,25,8.81,2.837684449489217,0.08,1.0,2025-04,Monday
O00056,2025-09-14,WH-North,Night,Sorting,A,A001,24,5.15,123.6,2,30.7,1,23,6.51,3.686635944700461,0.041666666666666664,0.9583333333333334,2025-09,Sunday
O00057,2025-10-18,WH-South,Afternoon,Dispatch,B,A007,16,8.24,131.9,1,11.9,0,16,7.55,2.119205298013245,0.0,1.0,2025-10,Saturday
O00058,2025-12-10,WH-South,Night,Picking,B,A028,14,13.35,186.9,4,48.2,0,11,7.27,1.925722145804677,0.0,0.7857142857142857,2025-12,Wednesday
O00059,2025-08-03,WH-South,Night,Picking,E,A049,19,13.36,253.9,2,40.6,0,18,6.95,2.7338129496402876,0.0,0.9473684210526315,2025-08,Sunday
O00060,2025-02-24,WH-West,Morning,Picking,B,A055,13,17.76,230.9,1,12.9,0,13,8.18,1.5892420537897312,0.0,1.0,2025-02,Monday
O00061,2025-11-24,WH-North,Night,Picking,A,A008,11,15.78,173.6,3,43.3,1,9,6.53,1.6845329249617151,0.09090909090909091,0.8181818181818182,2025-11,Monday
O00062,2025-09-20,WH-East,Night,Picking,C,A036,20,15.11,302.2,3,48.0,0,18,8.58,2.331002331002331,0.0,0.9,2025-09,Saturday
O00063,2025-10-20,WH-South,Afternoon,Packing,D,A024,12,9.95,119.4,0,0.0,0,12,8.35,1.437125748502994,0.0,1.0,2025-10,Monday
O00064,2025-08-25,WH-South,Morning,Packing,D,A026,18,10.83,195.0,0,0.0,1,18,6.79,2.6509572901325478,0.05555555555555555,1.0,2025-08,Monday
O00065,2025-12-22,WH-South,Morning,Packing,B,A076,14,10.64,149.0,2,56.2,0,13,7.46,1.876675603217158,0.0,0.9285714285714286,2025-12,Monday
O00066,2025-05-02,WH-South,Morning,Dispatch,A,A051,11,14.46,159.0,0,0.0,0,11,8.79,1.2514220705346986,0.0,1.0,2025-05,Friday
O00067,2025-07-06,WH-South,Afternoon,Packing,E,A056,14,11.52,161.3,0,0.0,0,14,7.34,1.9073569482288828,0.0,1.0,2025-07,Sunday
O00068,2025-06-03,WH-South,Morning,Picking,A,A061,20,10.2,204.0,0,0.0,1,20,8.24,2.4271844660194173,0.05,1.0,2025-06,Tuesday
O00069,2025-04-12,WH-East,Morning,Picking,C,A049,17,16.66,283.2,3,80.0,0,15,7.72,2.202072538860104,0.0,0.8823529411764706,2025-04,Saturday
O00070,2025-05-23,WH-East,Morning,Packing,B,A016,26,10.3,267.8,2,46.7,0,25,8.81,2.951191827468785,0.0,0.9615384615384616,2025-05,Friday
O00071,2025-11-11,WH-West,Afternoon,Dispatch,C,A018,18,8.81,158.7,1,27.5,0,18,7.6,2.368421052631579,0.0,1.0,2025-11,Tuesday
O00072,2025-12-30,WH-East,Night,Packing,A,A013,19,13.54,257.2,0,0.0,0,19,8.69,2.186421173762946,0.0,1.0,2025-12,Tuesday
O00073,2025-05-21,WH-South,Night,Picking,D,A029,22,19.75,434.4,4,96.9,0,19,6.78,3.2448377581120944,0.0,0.8636363636363636,2025-05,Wednesday
O00074,2025-05-22,WH-South,Night,Sorting,E,A025,15,7.09,106.4,0,0.0,0,15,6.81,2.2026431718061676,0.0,1.0,2025-05,Thursday
O00075,2025-07-06,WH-West,Night,Picking,C,A062,19,14.42,273.9,2,23.8,0,18,6.97,2.72596843615495,0.0,0.9473684210526315,2025-07,Sunday
O00076,2025-09-16,WH-West,Night,Packing,A,A009,13,11.23,146.0,2,51.9,0,12,7.06,1.841359773371105,0.0,0.9230769230769231,2025-09,Tuesday
O00077,2025-03-30,WH-East,Afternoon,Picking,A,A056,15,14.71,220.7,2,34.0,0,14,7.15,2.097902097902098,0.0,0.9333333333333333,2025-03,Sunday
O00078,2025-06-25,WH-South,Morning,Picking,E,A028,18,14.84,267.1,2,45.8,0,17,7.17,2.510460251046025,0.0,0.9444444444444444,2025-06,Wednesday
O00079,2025-09-19,WH-South,Night,Picking,C,A059,13,14.79,192.3,1,29.1,0,13,8.7,1.4942528735632186,0.0,1.0,2025-09,Friday
O00080,2025-06-09,WH-South,Afternoon,Picking,D,A002,23,12.43,285.8,0,0.0,0,23,8.95,2.569832402234637,0.0,1.0,2025-06,Monday
O00081,2025-01-17,WH-North,Morning,Picking,E,A035,12,13.88,166.6,1,11.9,0,12,8.47,1.4167650531286893,0.0,1.0,2025-01,Friday
O00082,2025-12-18,WH-West,Night,Picking,D,A022,21,13.18,276.7,0,0.0,1,21,8.98,2.3385300668151445,0.047619047619047616,1.0,2025-12,Thursday
O00083,2025-06-24,WH-West,Afternoon,Picking,E,A076,16,15.83,253.3,1,29.9,0,16,7.63,2.0969855832241153,0.0,1.0,2025-06,Tuesday
O00084,2025-02-08,WH-South,Night,Picking,B,A047,20,16.7,334.0,2,35.0,2,19,7.55,2.6490066225165565,0.1,0.95,2025-02,Saturday
O00085,2025-03-25,WH-South,Morning,Dispatch,A,A058,24,8.87,212.9,3,81.3,1,22,8.43,2.8469750889679717,0.041666666666666664,0.9166666666666666,2025-03,Tuesday
O00086,2025-06-23,WH-East,Morning,Sorting,D,A053,13,11.61,150.9,0,0.0,0,13,7.12,1.8258426966292134,0.0,1.0,2025-06,Monday
O00087,2025-01-09,WH-North,Afternoon,Picking,E,A002,22,13.31,292.8,0,0.0,0,22,8.0,2.75,0.0,1.0,2025-01,Thursday
O00088,2025-02-01,WH-East,Afternoon,Dispatch,A,A008,21,11.94,250.7,0,0.0,0,21,6.55,3.2061068702290076,0.0,1.0,2025-02,Saturday
O00089,2025-11-06,WH-East,Afternoon,Packing,B,A002,18,6.54,117.7,1,23.3,1,18,6.6,2.7272727272727275,0.05555555555555555,1.0,2025-11,Thursday
O00090,2025-11-01,WH-West,Morning,Dispatch,A,A006,19,9.23,175.4,0,0.0,1,19,8.06,2.357320099255583,0.05263157894736842,1.0,2025-11,Saturday
O00091,2025-03-25,WH-South,Night,Picking,D,A080,19,19.19,364.6,2,18.7,0,18,6.9,2.753623188405797,0.0,0.9473684210526315,2025-03,Tuesday
O00092,2025-10-28,WH-East,Morning,Packing,E,A008,24,8.28,198.6,0,0.0,0,24,8.13,2.9520295202952025,0.0,1.0,2025-10,Tuesday
O00093,2025-02-06,WH-West,Night,Packing,B,A035,14,11.21,156.9,0,0.0,0,14,8.62,1.6241299303944317,0.0,1.0,2025-02,Thursday
O00094,2025-10-20,WH-South,Morning,Dispatch,B,A049,18,10.95,197.1,0,0.0,0,18,7.99,2.252816020025031,0.0,1.0,2025-10,Monday
O00095,2025-09-19,WH-East,Night,Picking,E,A012,16,12.78,204.4,3,48.6,0,14,7.53,2.1248339973439574,0.0,0.875,2025-09,Friday
O00096,2025-02-10,WH-North,Night,Packing,A,A002,11,11.56,127.1,1,26.9,0,11,7.97,1.3801756587202008,0.0,1.0,2025-02,Monday
O00097,2025-06-13,WH-West,Afternoon,Picking,C,A014,16,11.78,188.5,1,28.9,0,16,7.4,2.162162162162162,0.0,1.0,2025-06,Friday
O00098,2025-10-11,WH-North,Afternoon,Packing,E,A049,19,11.06,210.1,0,0.0,0,19,6.64,2.86144578313253,0.0,1.0,2025-10,Saturday
O00099,2025-10-20,WH-West,Morning,Picking,E,A059,16,16.29,260.7,1,18.8,0,16,6.85,2.3357664233576645,0.0,1.0,2025-10,Monday
O00100,2025-05-06,WH-South,Afternoon,Picking,B,A001,21,14.87,312.2,0,0.0,0,21,8.15,2.576687116564417,0.0,1.0,2025-05,Tuesday
O00101,2025-04-29,WH-West,Afternoon,Packing,A,A026,24,12.76,306.3,0,0.0,0,24,8.13,2.9520295202952025,0.0,1.0,2025-04,Tuesday
O00102,2025-03-31,WH-South,Morning,Packing,A,A033,17,12.97,220.4,2,54.7,0,16,7.32,2.322404371584699,0.0,0.9411764705882353,2025-03,Monday
O00103,2025-04-12,WH-South,Night,Dispatch,C,A075,16,8.65,138.4,3,60.2,0,14,7.86,2.035623409669211,0.0,0.875,2025-04,Saturday
O00104,2025-10-18,WH-North,Morning,Packing,B,A066,17,12.91,219.5,2,17.1,0,16,7.45,2.2818791946308723,0.0,0.9411764705882353,2025-10,Saturday
O00105,2025-10-31,WH-East,Afternoon,Packing,B,A043,24,9.53,228.7,0,0.0,0,24,7.21,3.3287101248266295,0.0,1.0,2025-10,Friday
O00106,2025-01-27,WH-West,Afternoon,Packing,B,A036,21,11.38,239.0,3,80.7,1,19,6.96,3.0172413793103448,0.047619047619047616,0.9047619047619048,2025-01,Monday
O00107,2025-11-08,WH-West,Morning,Dispatch,D,A068,11,13.19,145.1,0,0.0,0,11,7.79,1.4120667522464698,0.0,1.0,2025-11,Saturday
O00108,2025-08-08,WH-North,Morning,Packing,B,A042,24,5.0,120.0,0,0.0,0,24,8.56,2.803738317757009,0.0,1.0,2025-08,Friday
O00109,2025-03-01,WH-East,Night,Sorting,B,A055,19,9.58,182.1,1,8.5,1,19,8.02,2.369077306733167,0.05263157894736842,1.0,2025-03,Saturday
O00110,2025-06-09,WH-East,Morning,Packing,A,A025,21,11.03,231.7,1,23.2,2,21,6.82,3.0791788856304985,0.09523809523809523,1.0,2025-06,Monday
O00111,2025-01-19,WH-East,Morning,Dispatch,E,A036,14,10.38,145.3,0,0.0,0,14,8.5,1.6470588235294117,0.0,1.0,2025-01,Sunday
O00112,2025-01-27,WH-East,Morning,Packing,C,A044,16,6.94,111.0,3,72.2,0,14,6.65,2.406015037593985,0.0,0.875,2025-01,Monday
O00113,2025-10-27,WH-North,Night,Packing,A,A055,18,13.96,251.3,3,39.5,0,16,6.88,2.616279069767442,0.0,0.8888888888888888,2025-10,Monday
O00114,2025-01-05,WH-East,Afternoon,Picking,E,A070,15,13.23,198.5,2,23.0,0,14,6.79,2.2091310751104567,0.0,0.9333333333333333,2025-01,Sunday
O00115,2025-05-31,WH-North,Morning,Picking,C,A073,18,14.48,260.7,1,25.3,0,18,7.92,2.272727272727273,0.0,1.0,2025-05,Saturday
O00116,2025-09-01,WH-North,Night,Picking,B,A045,16,13.76,220.1,3,29.3,0,14,6.93,2.308802308802309,0.0,0.875,2025-09,Monday
O00117,2025-05-10,WH-North,Night,Packing,B,A025,19,12.28,233.3,0,0.0,1,19,7.29,2.606310013717421,0.05263157894736842,1.0,2025-05,Saturday
O00118,2025-01-25,WH-East,Morning,Packing,D,A025,14,6.01,84.1,1,21.1,1,14,8.69,1.611047180667434,0.07142857142857142,1.0,2025-01,Saturday
O00119,2025-11-12,WH-West,Morning,Picking,B,A060,16,10.67,170.8,0,0.0,1,16,8.05,1.9875776397515525,0.0625,1.0,2025-11,Wednesday
O00120,2025-03-24,WH-North,Morning,Sorting,C,A007,20,8.7,173.9,3,44.2,0,18,7.82,2.557544757033248,0.0,0.9,2025-03,Monday
O00121,2025-08-19,WH-East,Night,Packing,E,A007,18,8.98,161.7,2,34.4,1,17,7.96,2.2613065326633164,0.05555555555555555,0.9444444444444444,2025-08,Tuesday
O00122,2025-11-10,WH-North,Afternoon,Picking,B,A053,18,11.09,199.7,1,26.6,0,18,7.72,2.3316062176165806,0.0,1.0,2025-11,Monday
O00123,2025-07-15,WH-West,Morning,Packing,C,A052,23,10.73,246.8,2,28.3,1,22,7.13,3.2258064516129035,0.043478260869565216,0.9565217391304348,2025-07,Tuesday
O00124,2025-08-20,WH-South,Afternoon,Packing,C,A072,17,8.17,138.9,0,0.0,0,17,6.62,2.56797583081571,0.0,1.0,2025-08,Wednesday
O00125,2025-07-19,WH-North,Afternoon,Picking,C,A024,16,11.31,180.9,2,34.7,0,15,7.79,2.053915275994865,0.0,0.9375,2025-07,Saturday
O00126,2025-12-03,WH-South,Afternoon,Packing,B,A079,14,5.55,77.7,3,26.8,1,12,8.5,1.6470588235294117,0.07142857142857142,0.8571428571428571,2025-12,Wednesday
O00127,2025-05-20,WH-South,Morning,Packing,D,A011,8,7.93,63.4,1,16.6,0,8,7.18,1.1142061281337048,0.0,1.0,2025-05,Tuesday
O00128,2025-08-01,WH-East,Afternoon,Picking,E,A032,16,14.5,232.1,0,0.0,0,16,7.05,2.269503546099291,0.0,1.0,2025-08,Friday
O00129,2025-05-06,WH-West,Afternoon,Sorting,D,A075,16,8.74,139.8,1,23.1,0,16,8.91,1.7957351290684624,0.0,1.0,2025-05,Tuesday
O00130,2025-03-29,WH-South,Afternoon,Sorting,A,A056,19,5.0,95.0,0,0.0,0,19,8.69,2.186421173762946,0.0,1.0,2025-03,Saturday
O00131,2025-08-17,WH-North,Afternoon,Picking,A,A005,24,14.61,350.7,1,24.3,1,24,8.04,2.985074626865672,0.041666666666666664,1.0,2025-08,Sunday
O00132,2025-03-07,WH-South,Night,Packing,B,A058,16,9.51,152.1,0,0.0,1,16,8.99,1.7797552836484982,0.0625,1.0,2025-03,Friday
O00133,2025-05-12,WH-South,Afternoon,Sorting,C,A026,17,5.0,85.0,1,20.9,0,17,8.11,2.0961775585696674,0.0,1.0,2025-05,Monday
O00134,2025-08-04,WH-North,Morning,Sorting,B,A030,22,11.16,245.4,2,18.6,0,21,8.46,2.6004728132387704,0.0,0.9545454545454546,2025-08,Monday
O00135,2025-04-27,WH-West,Afternoon,Packing,D,A055,21,8.54,179.4,3,35.4,0,19,7.74,2.7131782945736433,0.0,0.9047619047619048,2025-04,Sunday
O00136,2025-02-16,WH-North,Afternoon,Sorting,C,A009,27,7.57,204.4,2,46.8,0,26,7.97,3.3877038895859473,0.0,0.9629629629629629,2025-02,Sunday
O00137,2025-07-17,WH-South,Morning,Dispatch,B,A035,17,11.08,188.3,1,18.6,0,17,6.7,2.5373134328358207,0.0,1.0,2025-07,Thursday
O00138,2025-08-19,WH-West,Night,Sorting,D,A070,9,9.0,81.0,0,0.0,1,9,7.68,1.171875,0.1111111111111111,1.0,2025-08,Tuesday
O00139,2025-08-01,WH-North,Morning,Picking,D,A007,15,11.9,178.5,1,25.1,0,15,7.72,1.9430051813471503,0.0,1.0,2025-08,Friday
O00140,2025-07-03,WH-North,Afternoon,Packing,E,A068,16,7.69,123.1,0,0.0,0,16,7.87,2.0330368487928845,0.0,1.0,2025-07,Thursday
O00141,2025-05-23,WH-West,Morning,Sorting,A,A037,20,5.0,100.0,2,21.0,0,19,7.06,2.8328611898017,0.0,0.95,2025-05,Friday
O00142,2025-11-23,WH-East,Afternoon,Dispatch,E,A028,21,18.04,378.8,2,36.2,0,20,6.91,3.0390738060781475,0.0,0.9523809523809523,2025-11,Sunday
O00143,2025-01-02,WH-East,Morning,Picking,C,A039,19,17.49,332.4,1,25.3,0,19,7.15,2.657342657342657,0.0,1.0,2025-01,Thursday
O00144,2025-01-20,WH-East,Afternoon,Sorting,E,A079,14,8.14,114.0,2,18.9,0,13,8.77,1.596351197263398,0.0,0.9285714285714286,2025-01,Monday
O00145,2025-04-07,WH-South,Night,Picking,A,A050,11,12.68,139.5,0,0.0,0,11,7.19,1.5299026425591098,0.0,1.0,2025-04,Monday
O00146,2025-03-13,WH-West,Morning,Dispatch,B,A042,17,10.72,182.2,0,0.0,0,17,8.74,1.9450800915331807,0.0,1.0,2025-03,Thursday
O00147,2025-12-29,WH-West,Morning,Picking,E,A032,20,19.16,383.1,0,0.0,1,20,7.76,2.577319587628866,0.05,1.0,2025-12,Monday
O00148,2025-01-16,WH-West,Afternoon,Picking,E,A034,17,11.33,192.6,0,0.0,0,17,8.3,2.048192771084337,0.0,1.0,2025-01,Thursday
O00149,2025-06-03,WH-North,Afternoon,Picking,E,A009,22,11.48,252.6,2,31.7,0,21,8.57,2.5670945157526255,0.0,0.9545454545454546,2025-06,Tuesday
O00150,2025-10-13,WH-North,Afternoon,Sorting,A,A035,13,10.85,141.0,2,43.3,0,12,8.6,1.5116279069767442,0.0,0.9230769230769231,2025-10,Monday
O00151,2025-05-19,WH-West,Morning,Picking,E,A016,12,15.17,182.1,1,9.7,0,12,8.67,1.384083044982699,0.0,1.0,2025-05,Monday
O00152,2025-10-30,WH-South,Morning,Picking,E,A053,22,11.48,252.6,0,0.0,1,22,7.9,2.7848101265822782,0.045454545454545456,1.0,2025-10,Thursday
O00153,2025-04-01,WH-South,Morning,Picking,E,A072,12,13.76,165.1,0,0.0,0,12,8.92,1.345291479820628,0.0,1.0,2025-04,Tuesday
O00154,2025-05-30,WH-West,Morning,Dispatch,B,A019,22,15.53,341.6,2,52.5,0,21,8.68,2.5345622119815667,0.0,0.9545454545454546,2025-05,Friday
O00155,2025-04-30,WH-East,Afternoon,Picking,A,A064,19,15.86,301.4,1,27.3,1,19,7.33,2.592087312414734,0.05263157894736842,1.0,2025-04,Wednesday
O00156,2025-03-27,WH-West,Morning,Picking,E,A062,22,11.79,259.3,3,28.2,1,20,8.0,2.75,0.045454545454545456,0.9090909090909091,2025-03,Thursday
O00157,2025-07-20,WH-West,Afternoon,Sorting,A,A008,18,6.36,114.6,3,64.1,0,16,7.98,2.255639097744361,0.0,0.8888888888888888,2025-07,Sunday
O00158,2025-06-06,WH-East,Afternoon,Picking,D,A022,15,9.42,141.4,2,33.9,1,14,6.51,2.3041474654377883,0.06666666666666667,0.9333333333333333,2025-06,Friday
O00159,2025-03-02,WH-South,Morning,Picking,D,A065,17,12.59,214.1,1,21.0,0,17,8.64,1.9675925925925926,0.0,1.0,2025-03,Sunday
O00160,2025-07-09,WH-West,Night,Picking,E,A049,14,19.7,275.7,0,0.0,1,14,7.21,1.941747572815534,0.07142857142857142,1.0,2025-07,Wednesday
O00161,2025-01-17,WH-North,Morning,Packing,A,A039,18,8.23,148.1,1,28.0,0,18,8.02,2.2443890274314215,0.0,1.0,2025-01,Friday
O00162,2025-08-28,WH-South,Afternoon,Dispatch,E,A008,23,8.22,189.0,2,54.4,0,22,8.16,2.818627450980392,0.0,0.9565217391304348,2025-08,Thursday
O00163,2025-06-10,WH-South,Morning,Picking,D,A040,21,13.44,282.2,3,63.2,0,19,8.09,2.595797280593325,0.0,0.9047619047619048,2025-06,Tuesday
O00164,2025-04-28,WH-North,Morning,Picking,C,A002,18,12.37,222.7,3,53.6,0,16,7.5,2.4,0.0,0.8888888888888888,2025-04,Monday
O00165,2025-12-23,WH-North,Afternoon,Picking,A,A038,23,18.6,427.8,1,25.4,0,23,8.5,2.7058823529411766,0.0,1.0,2025-12,Tuesday
O00166,2025-07-14,WH-West,Night,Packing,C,A048,18,8.14,146.5,0,0.0,0,18,8.4,2.142857142857143,0.0,1.0,2025-07,Monday
O00167,2025-02-16,WH-North,Morning,Packing,D,A035,16,5.79,92.7,2,25.6,2,15,7.64,2.094240837696335,0.125,0.9375,2025-02,Sunday
O00168,2025-04-23,WH-North,Afternoon,Picking,C,A067,29,11.99,347.6,0,0.0,0,29,6.9,4.202898550724638,0.0,1.0,2025-04,Wednesday
O00169,2025-11-02,WH-South,Morning,Packing,B,A037,28,10.6,296.8,2,58.3,0,27,7.46,3.753351206434316,0.0,0.9642857142857143,2025-11,Sunday
O00170,2025-10-05,WH-East,Morning,Packing,B,A053,23,12.26,282.0,0,0.0,0,23,6.64,3.463855421686747,0.0,1.0,2025-10,Sunday
O00171,2025-01-21,WH-West,Afternoon,Picking,D,A063,13,13.49,175.3,3,61.6,0,11,7.0,1.8571428571428572,0.0,0.8461538461538461,2025-01,Tuesday
O00172,2025-12-07,WH-North,Night,Sorting,C,A064,19,13.84,262.9,1,8.8,1,19,7.87,2.4142312579415504,0.05263157894736842,1.0,2025-12,Sunday
O00173,2025-01-05,WH-West,Morning,Dispatch,D,A070,13,11.97,155.6,2,28.6,0,12,8.4,1.5476190476190474,0.0,0.9230769230769231,2025-01,Sunday
O00174,2025-07-22,WH-West,Morning,Sorting,E,A078,17,8.98,152.6,1,25.7,0,17,8.99,1.8909899888765294,0.0,1.0,2025-07,Tuesday
O00175,2025-11-24,WH-West,Afternoon,Sorting,C,A063,24,13.83,332.0,1,18.5,1,24,8.31,2.8880866425992777,0.041666666666666664,1.0,2025-11,Monday
O00176,2025-02-23,WH-South,Afternoon,Packing,D,A066,16,10.48,167.7,3,89.6,0,14,6.51,2.457757296466974,0.0,0.875,2025-02,Sunday
O00177,2025-03-08,WH-East,Night,Sorting,E,A013,21,10.97,230.4,2,37.5,0,20,7.52,2.792553191489362,0.0,0.9523809523809523,2025-03,Saturday
O00178,2025-12-24,WH-South,Afternoon,Packing,E,A045,21,11.77,247.2,0,0.0,0,21,6.78,3.0973451327433628,0.0,1.0,2025-12,Wednesday
O00179,2025-06-11,WH-West,Afternoon,Picking,B,A013,20,13.3,266.0,1,13.9,0,20,7.96,2.512562814070352,0.0,1.0,2025-06,Wednesday
O00180,2025-10-22,WH-North,Afternoon,Dispatch,E,A019,16,14.57,233.1,0,0.0,0,16,7.62,2.099737532808399,0.0,1.0,2025-10,Wednesday
O00181,2025-01-10,WH-West,Afternoon,Packing,B,A014,17,7.29,123.9,1,28.2,0,17,7.5,2.2666666666666666,0.0,1.0,2025-01,Friday
O00182,2025-10-17,WH-North,Afternoon,Picking,D,A049,16,11.46,183.4,1,14.1,0,16,6.66,2.4024024024024024,0.0,1.0,2025-10,Friday
O00183,2025-11-02,WH-South,Morning,Dispatch,E,A028,11,13.82,152.0,0,0.0,1,11,7.58,1.4511873350923483,0.09090909090909091,1.0,2025-11,Sunday
O00184,2025-06-26,WH-South,Night,Packing,A,A058,20,8.78,175.6,2,28.3,0,19,8.19,2.442002442002442,0.0,0.95,2025-06,Thursday
O00185,2025-10-08,WH-South,Morning,Sorting,D,A037,8,8.0,64.0,1,12.6,0,8,7.42,1.0781671159029649,0.0,1.0,2025-10,Wednesday
O00186,2025-01-13,WH-South,Night,Sorting,A,A073,20,9.5,190.1,1,16.7,2,20,6.81,2.9368575624082234,0.1,1.0,2025-01,Monday
O00187,2025-01-03,WH-South,Afternoon,Picking,A,A021,15,9.64,144.6,1,16.3,0,15,6.55,2.290076335877863,0.0,1.0,2025-01,Friday
O00188,2025-12-22,WH-West,Morning,Sorting,A,A012,19,8.3,157.7,2,45.8,0,18,8.43,2.253855278766311,0.0,0.9473684210526315,2025-12,Monday
O00189,2025-06-24,WH-North,Morning,Sorting,E,A042,12,8.25,99.1,0,0.0,0,12,7.25,1.6551724137931034,0.0,1.0,2025-06,Tuesday
O00190,2025-05-15,WH-West,Afternoon,Packing,A,A072,14,13.87,194.2,4,37.3,0,11,7.96,1.7587939698492463,0.0,0.7857142857142857,2025-05,Thursday
O00191,2025-04-14,WH-West,Night,Dispatch,B,A075,29,8.85,256.6,1,21.7,1,29,7.95,3.647798742138365,0.034482758620689655,1.0,2025-04,Monday
O00192,2025-09-24,WH-West,Afternoon,Dispatch,D,A075,15,10.46,156.9,1,18.3,1,15,8.27,1.8137847642079807,0.06666666666666667,1.0,2025-09,Wednesday
O00193,2025-08-30,WH-East,Night,Packing,A,A075,8,12.59,100.7,5,100.2,0,4,7.65,1.0457516339869282,0.0,0.5,2025-08,Saturday
O00194,2025-01-03,WH-North,Afternoon,Picking,C,A033,18,12.04,216.6,1,22.0,0,18,7.52,2.393617021276596,0.0,1.0,2025-01,Friday
O00195,2025-07-06,WH-West,Afternoon,Picking,A,A018,19,14.41,273.7,0,0.0,1,19,8.86,2.144469525959368,0.05263157894736842,1.0,2025-07,Sunday
O00196,2025-04-17,WH-South,Night,Dispatch,E,A008,22,12.1,266.3,1,25.2,2,22,8.41,2.6159334126040426,0.09090909090909091,1.0,2025-04,Thursday
O00197,2025-04-03,WH-South,Morning,Picking,E,A028,14,12.26,171.7,2,34.9,0,13,7.7,1.8181818181818181,0.0,0.9285714285714286,2025-04,Thursday
O00198,2025-05-21,WH-North,Night,Picking,C,A034,21,11.29,237.1,4,63.4,1,18,7.13,2.9453015427769986,0.047619047619047616,0.8571428571428571,2025-05,Wednesday
O00199,2025-06-30,WH-South,Afternoon,Picking,B,A026,25,10.18,254.6,0,0.0,0,25,8.67,2.883506343713956,0.0,1.0,2025-06,Monday
O00200,2025-08-25,WH-North,Afternoon,Sorting,C,A021,18,8.08,145.5,1,27.7,1,18,8.73,2.0618556701030926,0.05555555555555555,1.0,2025-08,Monday
O00201,2025-05-12,WH-West,Night,Packing,E,A008,13,9.08,118.1,0,0.0,1,13,7.77,1.6731016731016732,0.07692307692307693,1.0,2025-05,Monday
O00202,2025-07-14,WH-North,Night,Picking,D,A024,16,15.11,241.8,2,28.8,1,15,7.48,2.13903743315508,0.0625,0.9375,2025-07,Monday
O00203,2025-06-30,WH-East,Morning,Packing,E,A057,15,11.7,175.5,2,29.3,0,14,8.28,1.8115942028985508,0.0,0.9333333333333333,2025-06,Monday
O00204,2025-07-25,WH-North,Morning,Dispatch,D,A039,14,9.13,127.8,1,16.4,0,14,8.38,1.6706443914081144,0.0,1.0,2025-07,Friday
O00205,2025-02-01,WH-North,Night,Packing,C,A010,18,10.36,186.5,0,0.0,1,18,8.27,2.176541717049577,0.05555555555555555,1.0,2025-02,Saturday
O00206,2025-02-20,WH-South,Night,Sorting,C,A070,25,9.23,230.7,2,51.5,0,24,7.36,3.3967391304347823,0.0,0.96,2025-02,Thursday
O00207,2025-09-19,WH-East,Morning,Picking,A,A076,20,9.3,186.0,1,16.5,1,20,6.54,3.058103975535168,0.05,1.0,2025-09,Friday
O00208,2025-02-12,WH-West,Morning,Sorting,B,A061,11,9.23,101.6,1,19.8,0,11,7.57,1.453104359313078,0.0,1.0,2025-02,Wednesday
O00209,2025-10-10,WH-South,Morning,Dispatch,C,A019,17,9.21,156.5,3,65.2,0,15,8.58,1.9813519813519813,0.0,0.8823529411764706,2025-10,Friday
O00210,2025-03-24,WH-East,Morning,Picking,A,A012,15,11.47,172.0,0,0.0,0,15,8.33,1.800720288115246,0.0,1.0,2025-03,Monday
O00211,2025-11-30,WH-East,Morning,Picking,B,A019,20,12.74,254.8,3,75.5,1,18,8.0,2.5,0.05,0.9,2025-11,Sunday
O00212,2025-01-29,WH-South,Night,Dispatch,B,A062,18,8.87,159.7,1,16.9,1,18,8.26,2.179176755447942,0.05555555555555555,1.0,2025-01,Wednesday
O00213,2025-08-07,WH-South,Morning,Packing,B,A035,15,10.52,157.8,1,9.7,1,15,7.24,2.0718232044198897,0.06666666666666667,1.0,2025-08,Thursday
O00214,2025-05-28,WH-East,Afternoon,Packing,E,A034,21,10.17,213.6,1,22.8,0,21,7.81,2.6888604353393086,0.0,1.0,2025-05,Wednesday
O00215,2025-02-28,WH-East,Night,Dispatch,B,A010,19,13.49,256.4,1,21.8,0,19,8.84,2.1493212669683257,0.0,1.0,2025-02,Friday
O00216,2025-05-17,WH-South,Night,Picking,E,A046,14,17.25,241.5,1,8.2,0,14,6.73,2.080237741456166,0.0,1.0,2025-05,Saturday
O00217,2025-12-07,WH-West,Afternoon,Picking,E,A073,14,17.05,238.7,0,0.0,1,14,6.63,2.1116138763197587,0.07142857142857142,1.0,2025-12,Sunday
O00218,2025-02-16,WH-North,Morning,Picking,C,A048,25,16.59,414.8,1,21.1,0,25,7.43,3.3647375504710633,0.0,1.0,2025-02,Sunday
O00219,2025-05-18,WH-West,Morning,Packing,E,A046,17,12.44,211.5,1,25.6,0,17,8.66,1.9630484988452657,0.0,1.0,2025-05,Sunday
O00220,2025-12-19,WH-West,Afternoon,Sorting,E,A002,20,6.12,122.4,2,44.6,1,19,6.66,3.003003003003003,0.05,0.95,2025-12,Friday
O00221,2025-12-20,WH-South,Night,Packing,E,A004,19,8.82,167.5,1,23.7,0,19,7.52,2.526595744680851,0.0,1.0,2025-12,Saturday
O00222,2025-04-12,WH-North,Morning,Picking,B,A021,21,13.92,292.4,2,16.4,1,20,7.61,2.759526938239159,0.047619047619047616,0.9523809523809523,2025-04,Saturday
O00223,2025-08-22,WH-East,Morning,Picking,D,A025,23,15.4,354.3,1,14.0,0,23,7.3,3.1506849315068495,0.0,1.0,2025-08,Friday
O00224,2025-11-13,WH-South,Afternoon,Packing,A,A005,20,11.52,230.3,3,34.6,0,18,6.95,2.8776978417266186,0.0,0.9,2025-11,Thursday
O00225,2025-02-15,WH-South,Afternoon,Packing,E,A066,18,10.94,196.8,1,24.1,1,18,6.8,2.6470588235294117,0.05555555555555555,1.0,2025-02,Saturday
O00226,2025-04-25,WH-North,Afternoon,Packing,C,A015,21,5.4,113.5,3,68.8,0,19,8.38,2.5059665871121717,0.0,0.9047619047619048,2025-04,Friday
O00227,2025-12-20,WH-South,Night,Packing,E,A048,19,7.76,147.5,1,16.6,1,19,7.01,2.7104136947218262,0.05263157894736842,1.0,2025-12,Saturday
O00228,2025-11-01,WH-West,Afternoon,Packing,C,A025,20,8.98,179.6,1,23.7,1,20,8.33,2.4009603841536613,0.05,1.0,2025-11,Saturday
O00229,2025-03-14,WH-East,Night,Sorting,A,A051,15,11.33,169.9,2,34.0,0,14,6.54,2.293577981651376,0.0,0.9333333333333333,2025-03,Friday
O00230,2025-02-17,WH-North,Morning,Packing,A,A036,23,10.11,232.5,2,59.5,0,22,8.86,2.595936794582393,0.0,0.9565217391304348,2025-02,Monday
O00231,2025-08-22,WH-South,Morning,Picking,C,A055,16,16.24,259.9,1,12.8,0,16,7.71,2.0752269779507135,0.0,1.0,2025-08,Friday
O00232,2025-12-14,WH-East,Morning,Picking,A,A036,22,17.19,378.1,3,33.3,1,20,8.05,2.732919254658385,0.045454545454545456,0.9090909090909091,2025-12,Sunday
O00233,2025-01-29,WH-South,Afternoon,Picking,E,A058,19,14.48,275.1,1,18.4,1,19,7.18,2.6462395543175488,0.05263157894736842,1.0,2025-01,Wednesday
O00234,2025-01-08,WH-East,Morning,Packing,B,A076,21,12.35,259.4,1,10.9,0,21,7.63,2.7522935779816513,0.0,1.0,2025-01,Wednesday
O00235,2025-11-14,WH-West,Morning,Sorting,C,A038,21,11.24,236.1,1,22.4,1,21,6.66,3.153153153153153,0.047619047619047616,1.0,2025-11,Friday
O00236,2025-07-26,WH-West,Afternoon,Picking,D,A076,13,14.29,185.7,1,17.1,1,13,8.56,1.5186915887850467,0.07692307692307693,1.0,2025-07,Saturday
O00237,2025-11-12,WH-North,Afternoon,Picking,C,A029,17,14.58,247.9,7,56.9,0,12,7.93,2.1437578814627996,0.0,0.7058823529411765,2025-11,Wednesday
O00238,2025-09-10,WH-South,Night,Dispatch,E,A054,19,11.04,209.8,1,8.3,1,19,8.06,2.357320099255583,0.05263157894736842,1.0,2025-09,Wednesday
O00239,2025-12-22,WH-North,Night,Packing,C,A003,19,14.42,274.0,1,21.1,2,19,8.82,2.1541950113378685,0.10526315789473684,1.0,2025-12,Monday
O00240,2025-07-02,WH-East,Afternoon,Packing,E,A012,18,8.77,157.9,2,57.8,1,17,7.41,2.42914979757085,0.05555555555555555,0.9444444444444444,2025-07,Wednesday
O00241,2025-07-01,WH-South,Night,Picking,E,A041,10,15.88,158.8,1,8.9,0,10,7.63,1.3106159895150722,0.0,1.0,2025-07,Tuesday
O00242,2025-05-22,WH-North,Afternoon,Picking,C,A043,17,15.5,263.5,5,131.7,0,13,6.7,2.5373134328358207,0.0,0.7647058823529411,2025-05,Thursday
O00243,2025-03-16,WH-East,Morning,Picking,E,A040,19,16.09,305.6,2,32.5,1,18,8.71,2.1814006888633752,0.05263157894736842,0.9473684210526315,2025-03,Sunday
O00244,2025-03-14,WH-West,Morning,Dispatch,A,A008,12,16.11,193.3,1,22.7,1,12,7.27,1.6506189821182944,0.08333333333333333,1.0,2025-03,Friday
O00245,2025-01-11,WH-West,Afternoon,Picking,C,A020,10,14.83,148.3,0,0.0,0,10,6.89,1.451378809869376,0.0,1.0,2025-01,Saturday
O00246,2025-04-20,WH-East,Morning,Picking,B,A039,16,14.05,224.8,0,0.0,0,16,8.75,1.8285714285714285,0.0,1.0,2025-04,Sunday
O00247,2025-12-04,WH-South,Night,Picking,B,A031,15,13.1,196.5,2,43.5,0,14,7.72,1.9430051813471503,0.0,0.9333333333333333,2025-12,Thursday
O00248,2025-05-25,WH-South,Night,Picking,B,A053,17,14.75,250.8,5,99.2,1,13,8.97,1.8952062430323298,0.058823529411764705,0.7647058823529411,2025-05,Sunday
O00249,2025-02-09,WH-South,Morning,Packing,A,A063,19,8.0,151.9,1,23.4,0,19,7.78,2.442159383033419,0.0,1.0,2025-02,Sunday
O00250,2025-12-31,WH-West,Morning,Packing,A,A060,18,10.83,194.9,0,0.0,0,18,8.15,2.2085889570552144,0.0,1.0,2025-12,Wednesday
O00251,2025-07-10,WH-East,Morning,Picking,D,A003,13,12.67,164.7,0,0.0,1,13,8.49,1.5312131919905771,0.07692307692307693,1.0,2025-07,Thursday
O00252,2025-07-09,WH-West,Morning,Picking,E,A022,21,16.99,356.7,1,16.3,0,21,7.16,2.9329608938547485,0.0,1.0,2025-07,Wednesday
O00253,2025-09-30,WH-South,Morning,Dispatch,C,A059,19,13.86,263.3,2,47.0,1,18,7.44,2.553763440860215,0.05263157894736842,0.9473684210526315,2025-09,Tuesday
O00254,2025-08-26,WH-West,Morning,Picking,E,A055,20,16.5,329.9,1,25.0,0,20,8.07,2.4783147459727384,0.0,1.0,2025-08,Tuesday
O00255,2025-11-09,WH-South,Night,Picking,C,A075,17,14.62,248.6,1,16.4,1,17,7.48,2.2727272727272725,0.058823529411764705,1.0,2025-11,Sunday
O00256,2025-05-19,WH-East,Afternoon,Picking,B,A040,26,11.77,305.9,0,0.0,1,26,7.81,3.329065300896287,0.038461538461538464,1.0,2025-05,Monday
O00257,2025-08-21,WH-South,Afternoon,Picking,E,A066,15,11.07,166.0,4,56.8,1,12,6.53,2.2970903522205206,0.06666666666666667,0.8,2025-08,Thursday
O00258,2025-10-15,WH-East,Morning,Packing,C,A058,15,12.87,193.0,0,0.0,0,15,8.98,1.6703786191536747,0.0,1.0,2025-10,Wednesday
O00259,2025-04-07,WH-West,Morning,Picking,D,A038,10,14.81,148.1,0,0.0,0,10,7.75,1.2903225806451613,0.0,1.0,2025-04,Monday
O00260,2025-09-07,WH-North,Morning,Dispatch,D,A064,15,9.13,137.0,0,0.0,1,15,8.46,1.7730496453900708,0.06666666666666667,1.0,2025-09,Sunday
O00261,2025-06-12,WH-North,Afternoon,Packing,B,A050,15,7.94,119.1,0,0.0,0,15,8.58,1.7482517482517483,0.0,1.0,2025-06,Thursday
O00262,2025-08-02,WH-North,Afternoon,Picking,E,A015,27,12.48,336.9,2,33.2,0,26,6.61,4.084720121028744,0.0,0.9629629629629629,2025-08,Saturday
O00263,2025-12-30,WH-East,Afternoon,Dispatch,D,A023,21,13.66,286.9,0,0.0,1,21,6.75,3.111111111111111,0.047619047619047616,1.0,2025-12,Tuesday
O00264,2025-06-30,WH-South,Morning,Dispatch,E,A069,10,12.23,122.3,1,22.5,0,10,6.76,1.4792899408284024,0.0,1.0,2025-06,Monday
O00265,2025-03-31,WH-West,Afternoon,Packing,E,A054,17,8.56,145.6,0,0.0,0,17,7.05,2.4113475177304964,0.0,1.0,2025-03,Monday
O00266,2025-04-11,WH-East,Morning,Packing,B,A021,21,8.95,188.0,2,18.3,0,20,6.89,3.0478955007256894,0.0,0.9523809523809523,2025-04,Friday
O00267,2025-06-15,WH-South,Afternoon,Sorting,E,A015,23,5.0,115.0,1,28.5,1,23,7.83,2.937420178799489,0.043478260869565216,1.0,2025-06,Sunday
O00268,2025-01-26,WH-West,Morning,Picking,C,A064,19,13.03,247.5,2,26.5,0,18,8.43,2.253855278766311,0.0,0.9473684210526315,2025-01,Sunday
O00269,2025-08-27,WH-East,Morning,Picking,D,A035,17,15.06,256.1,1,10.3,0,17,7.53,2.2576361221779546,0.0,1.0,2025-08,Wednesday
O00270,2025-11-10,WH-East,Morning,Picking,D,A040,13,16.99,220.9,0,0.0,0,13,8.7,1.4942528735632186,0.0,1.0,2025-11,Monday
O00271,2025-10-14,WH-North,Morning,Dispatch,A,A045,23,6.36,146.3,0,0.0,0,23,7.29,3.1550068587105624,0.0,1.0,2025-10,Tuesday
O00272,2025-07-16,WH-West,Morning,Packing,E,A023,23,8.34,191.9,1,16.3,1,23,7.13,3.2258064516129035,0.043478260869565216,1.0,2025-07,Wednesday
O00273,2025-05-26,WH-North,Afternoon,Picking,B,A006,16,17.77,284.3,1,25.7,1,16,7.5,2.1333333333333333,0.0625,1.0,2025-05,Monday
O00274,2025-09-04,WH-North,Night,Picking,D,A076,20,12.27,245.4,0,0.0,0,20,8.06,2.4813895781637716,0.0,1.0,2025-09,Thursday
O00275,2025-06-24,WH-South,Afternoon,Dispatch,A,A028,12,15.48,185.7,2,51.4,0,11,6.9,1.7391304347826086,0.0,0.9166666666666666,2025-06,Tuesday
O00276,2025-02-17,WH-North,Morning,Picking,E,A045,15,13.32,199.9,0,0.0,0,15,8.82,1.7006802721088434,0.0,1.0,2025-02,Monday
O00277,2025-11-27,WH-South,Morning,Sorting,C,A016,15,5.0,75.0,2,47.2,0,14,8.76,1.7123287671232876,0.0,0.9333333333333333,2025-11,Thursday
O00278,2025-03-04,WH-North,Afternoon,Sorting,A,A063,14,11.74,164.3,2,35.8,0,13,8.68,1.6129032258064517,0.0,0.9285714285714286,2025-03,Tuesday
O00279,2025-05-31,WH-North,Afternoon,Picking,D,A037,21,15.25,320.3,0,0.0,0,21,8.78,2.3917995444191344,0.0,1.0,2025-05,Saturday
O00280,2025-10-12,WH-North,Morning,Picking,B,A069,23,18.61,428.0,0,0.0,0,23,8.94,2.5727069351230427,0.0,1.0,2025-10,Sunday
O00281,2025-12-22,WH-West,Night,Picking,C,A019,22,11.61,255.5,0,0.0,0,22,6.71,3.278688524590164,0.0,1.0,2025-12,Monday
O00282,2025-11-20,WH-North,Morning,Dispatch,B,A007,12,12.28,147.3,0,0.0,0,12,8.09,1.4833127317676145,0.0,1.0,2025-11,Thursday
O00283,2025-04-05,WH-South,Afternoon,Packing,B,A066,16,9.07,145.1,4,33.4,1,13,6.6,2.4242424242424243,0.0625,0.8125,2025-04,Saturday
O00284,2025-08-13,WH-South,Morning,Packing,E,A071,15,11.09,166.4,0,0.0,2,15,8.18,1.8337408312958436,0.13333333333333333,1.0,2025-08,Wednesday
O00285,2025-07-14,WH-South,Afternoon,Packing,B,A049,20,5.86,117.2,1,23.2,0,20,8.06,2.4813895781637716,0.0,1.0,2025-07,Monday
O00286,2025-12-27,WH-East,Morning,Packing,E,A022,12,8.69,104.3,0,0.0,0,12,7.99,1.5018773466833542,0.0,1.0,2025-12,Saturday
O00287,2025-01-12,WH-South,Afternoon,Picking,A,A048,17,12.64,214.8,2,55.2,0,16,7.91,2.1491782553729455,0.0,0.9411764705882353,2025-01,Sunday
O00288,2025-10-07,WH-South,Afternoon,Sorting,B,A058,17,5.82,99.0,1,19.6,0,17,8.75,1.9428571428571428,0.0,1.0,2025-10,Tuesday
O00289,2025-08-05,WH-South,Night,Packing,C,A023,14,13.03,182.4,0,0.0,0,14,8.16,1.7156862745098038,0.0,1.0,2025-08,Tuesday
O00290,2025-05-22,WH-North,Morning,Sorting,A,A041,17,12.34,209.7,0,0.0,0,17,7.22,2.3545706371191137,0.0,1.0,2025-05,Thursday
O00291,2025-07-25,WH-North,Morning,Sorting,A,A054,24,8.31,199.4,1,22.7,2,24,7.06,3.3994334277620397,0.08333333333333333,1.0,2025-07,Friday
O00292,2025-03-13,WH-North,Morning,Picking,C,A039,18,16.31,293.6,3,44.2,0,16,8.18,2.2004889975550124,0.0,0.8888888888888888,2025-03,Thursday
O00293,2025-11-22,WH-East,Afternoon,Picking,D,A035,20,10.06,201.1,3,75.5,0,18,8.42,2.375296912114014,0.0,0.9,2025-11,Saturday
O00294,2025-02-21,WH-South,Night,Picking,D,A072,29,15.18,440.2,2,19.8,0,28,6.76,4.289940828402367,0.0,0.9655172413793104,2025-02,Friday
O00295,2025-09-25,WH-South,Morning,Picking,B,A027,26,12.32,320.2,2,59.0,0,25,6.84,3.801169590643275,0.0,0.9615384615384616,2025-09,Thursday
O00296,2025-09-20,WH-East,Afternoon,Picking,B,A012,16,10.19,163.0,0,0.0,0,16,8.42,1.9002375296912115,0.0,1.0,2025-09,Saturday
O00297,2025-04-28,WH-South,Night,Packing,A,A007,17,10.55,179.3,2,30.9,0,16,6.9,2.463768115942029,0.0,0.9411764705882353,2025-04,Monday
O00298,2025-10-13,WH-South,Morning,Picking,D,A045,17,11.55,196.4,1,22.3,0,17,8.53,1.992966002344666,0.0,1.0,2025-10,Monday
O00299,2025-01-07,WH-East,Night,Picking,B,A057,19,9.79,186.1,0,0.0,0,19,8.34,2.278177458033573,0.0,1.0,2025-01,Tuesday
O00300,2025-08-06,WH-North,Morning,Picking,E,A035,12,11.44,137.3,0,0.0,0,12,7.98,1.5037593984962405,0.0,1.0,2025-08,Wednesday
O00301,2025-05-26,WH-North,Night,Packing,C,A059,16,5.02,80.3,2,29.9,1,15,8.79,1.820250284414107,0.0625,0.9375,2025-05,Monday
O00302,2025-10-19,WH-West,Morning,Dispatch,A,A058,17,12.65,215.1,2,59.8,0,16,8.74,1.9450800915331807,0.0,0.9411764705882353,2025-10,Sunday
O00303,2025-08-17,WH-West,Afternoon,Picking,E,A076,22,13.56,298.4,1,9.2,0,22,8.76,2.5114155251141552,0.0,1.0,2025-08,Sunday
O00304,2025-08-24,WH-East,Night,Sorting,B,A011,23,5.33,122.5,2,52.3,1,22,8.46,2.718676122931442,0.043478260869565216,0.9565217391304348,2025-08,Sunday
O00305,2025-07-04,WH-North,Morning,Dispatch,D,A051,20,15.5,310.0,1,22.7,0,20,7.6,2.6315789473684212,0.0,1.0,2025-07,Friday
O00306,2025-12-05,WH-East,Morning,Packing,D,A038,18,11.39,204.9,1,11.2,0,18,6.66,2.7027027027027026,0.0,1.0,2025-12,Friday
O00307,2025-02-14,WH-East,Afternoon,Dispatch,A,A060,15,5.38,80.7,1,18.0,0,15,8.84,1.6968325791855203,0.0,1.0,2025-02,Friday
O00308,2025-12-11,WH-North,Morning,Packing,A,A036,13,13.38,173.9,1,8.1,0,13,8.1,1.6049382716049383,0.0,1.0,2025-12,Thursday
O00309,2025-06-04,WH-East,Afternoon,Packing,D,A068,13,10.28,133.6,1,16.6,0,13,6.74,1.9287833827893175,0.0,1.0,2025-06,Wednesday
O00310,2025-04-28,WH-East,Morning,Packing,E,A047,25,11.27,281.7,0,0.0,1,25,8.98,2.7839643652561246,0.04,1.0,2025-04,Monday
O00311,2025-11-05,WH-East,Night,Sorting,A,A065,16,12.28,196.5,3,69.7,0,14,7.54,2.1220159151193636,0.0,0.875,2025-11,Wednesday
O00312,2025-03-21,WH-East,Afternoon,Packing,D,A035,17,5.63,95.7,0,0.0,1,17,8.77,1.9384264538198404,0.058823529411764705,1.0,2025-03,Friday
O00313,2025-03-06,WH-South,Morning,Sorting,C,A023,16,5.23,83.7,0,0.0,0,16,8.57,1.866977829638273,0.0,1.0,2025-03,Thursday
O00314,2025-06-19,WH-South,Morning,Sorting,C,A009,21,9.43,198.1,0,0.0,0,21,7.6,2.763157894736842,0.0,1.0,2025-06,Thursday
O00315,2025-05-28,WH-North,Afternoon,Packing,A,A066,15,5.4,81.0,1,20.9,1,15,6.94,2.1613832853025934,0.06666666666666667,1.0,2025-05,Wednesday
O00316,2025-12-21,WH-North,Morning,Sorting,D,A035,24,7.92,190.1,0,0.0,0,24,8.73,2.7491408934707904,0.0,1.0,2025-12,Sunday
O00317,2025-08-14,WH-East,Night,Packing,C,A073,19,7.92,150.5,1,20.2,0,19,7.57,2.509907529722589,0.0,1.0,2025-08,Thursday
O00318,2025-12-18,WH-West,Morning,Sorting,B,A030,21,6.4,134.5,0,0.0,0,21,7.47,2.8112449799196786,0.0,1.0,2025-12,Thursday
O00319,2025-06-17,WH-East,Night,Dispatch,C,A052,21,12.44,261.3,1,24.2,0,21,6.83,3.0746705710102487,0.0,1.0,2025-06,Tuesday
O00320,2025-03-08,WH-North,Morning,Dispatch,E,A011,14,12.35,173.0,2,26.5,0,13,8.4,1.6666666666666665,0.0,0.9285714285714286,2025-03,Saturday
O00321,2025-05-10,WH-East,Night,Packing,E,A023,16,8.89,142.2,0,0.0,2,16,7.57,2.113606340819022,0.125,1.0,2025-05,Saturday
O00322,2025-08-08,WH-North,Afternoon,Picking,B,A075,20,11.74,234.8,0,0.0,0,20,7.0,2.857142857142857,0.0,1.0,2025-08,Friday
O00323,2025-05-24,WH-West,Night,Sorting,D,A055,22,11.09,244.1,0,0.0,2,22,7.17,3.0683403068340307,0.09090909090909091,1.0,2025-05,Saturday
O00324,2025-06-28,WH-North,Morning,Sorting,B,A017,15,11.45,171.7,2,46.4,1,14,8.21,1.8270401948842874,0.06666666666666667,0.9333333333333333,2025-06,Saturday
O00325,2025-12-03,WH-East,Morning,Picking,B,A028,16,15.83,253.3,1,26.9,0,16,8.26,1.937046004842615,0.0,1.0,2025-12,Wednesday
O00326,2025-07-10,WH-North,Afternoon,Packing,C,A007,21,11.48,241.0,2,52.8,0,20,6.97,3.0129124820659974,0.0,0.9523809523809523,2025-07,Thursday
O00327,2025-06-14,WH-South,Afternoon,Packing,E,A048,12,13.05,156.5,2,21.0,0,11,8.72,1.3761467889908257,0.0,0.9166666666666666,2025-06,Saturday
O00328,2025-12-01,WH-North,Morning,Dispatch,C,A062,27,14.64,395.4,1,11.1,0,27,7.86,3.4351145038167936,0.0,1.0,2025-12,Monday
O00329,2025-01-01,WH-North,Morning,Packing,E,A071,24,7.16,171.7,1,9.6,1,24,7.99,3.0037546933667083,0.041666666666666664,1.0,2025-01,Wednesday
O00330,2025-04-03,WH-South,Afternoon,Sorting,E,A016,23,8.06,185.4,0,0.0,0,23,8.83,2.6047565118912797,0.0,1.0,2025-04,Thursday
O00331,2025-12-16,WH-East,Night,Packing,D,A064,16,9.07,145.2,1,28.1,1,16,8.36,1.9138755980861246,0.0625,1.0,2025-12,Tuesday
O00332,2025-06-06,WH-North,Morning,Sorting,A,A001,12,5.0,60.0,0,0.0,0,12,8.3,1.4457831325301203,0.0,1.0,2025-06,Friday
O00333,2025-04-15,WH-East,Night,Picking,B,A056,20,18.16,363.1,5,98.8,0,16,8.52,2.347417840375587,0.0,0.8,2025-04,Tuesday
O00334,2025-05-26,WH-West,Afternoon,Picking,A,A068,16,13.17,210.7,1,26.0,0,16,8.57,1.866977829638273,0.0,1.0,2025-05,Monday
O00335,2025-11-24,WH-South,Morning,Picking,C,A063,10,11.75,117.5,3,79.4,0,8,8.27,1.2091898428053205,0.0,0.8,2025-11,Monday
O00336,2025-05-02,WH-South,Morning,Picking,C,A056,15,8.99,134.9,0,0.0,0,15,8.66,1.7321016166281755,0.0,1.0,2025-05,Friday
O00337,2025-07-17,WH-North,Night,Picking,E,A016,24,11.52,276.4,1,20.0,0,24,8.23,2.916160388821385,0.0,1.0,2025-07,Thursday
O00338,2025-01-10,WH-North,Afternoon,Sorting,A,A001,13,5.46,71.0,0,0.0,0,13,6.6,1.9696969696969697,0.0,1.0,2025-01,Friday
O00339,2025-12-01,WH-West,Morning,Picking,E,A055,17,15.01,255.1,0,0.0,0,17,8.44,2.014218009478673,0.0,1.0,2025-12,Monday
O00340,2025-06-03,WH-East,Afternoon,Packing,A,A041,18,8.63,155.3,4,91.1,1,15,8.05,2.2360248447204967,0.05555555555555555,0.8333333333333334,2025-06,Tuesday
O00341,2025-03-31,WH-East,Night,Picking,A,A074,19,16.0,304.1,1,18.4,0,19,7.79,2.4390243902439024,0.0,1.0,2025-03,Monday
O00342,2025-01-13,WH-South,Afternoon,Picking,B,A075,14,16.44,230.2,0,0.0,0,14,6.72,2.0833333333333335,0.0,1.0,2025-01,Monday
O00343,2025-08-17,WH-West,Morning,Picking,A,A068,26,14.8,384.8,2,24.6,0,25,8.79,2.957906712172924,0.0,0.9615384615384616,2025-08,Sunday
O00344,2025-03-23,WH-North,Night,Picking,D,A020,19,18.13,344.5,0,0.0,0,19,7.04,2.6988636363636362,0.0,1.0,2025-03,Sunday
O00345,2025-09-04,WH-East,Night,Packing,B,A046,29,5.0,145.0,4,70.2,2,26,7.41,3.913630229419703,0.06896551724137931,0.896551724137931,2025-09,Thursday
O00346,2025-11-04,WH-West,Afternoon,Picking,D,A016,17,13.59,231.1,0,0.0,0,17,7.66,2.219321148825065,0.0,1.0,2025-11,Tuesday
O00347,2025-05-14,WH-East,Morning,Sorting,C,A026,14,7.71,107.9,0,0.0,0,14,8.89,1.574803149606299,0.0,1.0,2025-05,Wednesday
O00348,2025-04-18,WH-South,Night,Packing,E,A078,15,14.16,212.4,0,0.0,0,15,6.6,2.272727272727273,0.0,1.0,2025-04,Friday
O00349,2025-03-28,WH-North,Afternoon,Sorting,D,A002,13,11.8,153.4,3,66.8,0,11,8.74,1.4874141876430205,0.0,0.8461538461538461,2025-03,Friday
O00350,2025-10-05,WH-North,Night,Packing,E,A051,14,11.65,163.0,1,26.7,0,14,7.39,1.8944519621109608,0.0,1.0,2025-10,Sunday
O00351,2025-03-10,WH-North,Afternoon,Picking,E,A037,12,14.39,172.7,5,69.2,0,8,6.98,1.7191977077363896,0.0,0.6666666666666666,2025-03,Monday
O00352,2025-04-29,WH-North,Morning,Sorting,A,A067,15,5.0,75.0,1,11.7,0,15,8.04,1.865671641791045,0.0,1.0,2025-04,Tuesday
O00353,2025-05-12,WH-East,Morning,Picking,B,A006,14,17.41,243.7,1,15.4,0,14,6.99,2.0028612303290414,0.0,1.0,2025-05,Monday
O00354,2025-07-31,WH-North,Afternoon,Picking,E,A014,23,18.1,416.3,1,9.5,1,23,7.47,3.0789825970548863,0.043478260869565216,1.0,2025-07,Thursday
O00355,2025-05-09,WH-East,Night,Dispatch,D,A074,25,16.11,402.7,1,29.4,0,25,8.04,3.109452736318408,0.0,1.0,2025-05,Friday
O00356,2025-02-08,WH-South,Afternoon,Picking,A,A076,14,14.9,208.6,2,41.4,0,13,6.59,2.12443095599393,0.0,0.9285714285714286,2025-02,Saturday
O00357,2025-06-29,WH-South,Morning,Sorting,A,A002,15,7.85,117.7,1,15.3,0,15,6.77,2.2156573116691285,0.0,1.0,2025-06,Sunday
O00358,2025-06-21,WH-North,Afternoon,Dispatch,B,A058,19,10.62,201.8,1,26.7,0,19,7.23,2.627939142461964,0.0,1.0,2025-06,Saturday
O00359,2025-10-06,WH-North,Morning,Picking,B,A053,12,10.91,130.9,0,0.0,0,12,7.79,1.5404364569961488,0.0,1.0,2025-10,Monday
O00360,2025-07-05,WH-South,Morning,Picking,D,A077,23,14.44,332.0,0,0.0,1,23,7.36,3.125,0.043478260869565216,1.0,2025-07,Saturday
O00361,2025-05-31,WH-East,Afternoon,Packing,E,A013,20,7.52,150.4,3,36.1,1,18,7.69,2.600780234070221,0.05,0.9,2025-05,Saturday
O00362,2025-01-11,WH-East,Night,Dispatch,E,A040,16,10.42,166.7,1,8.8,0,16,7.51,2.130492676431425,0.0,1.0,2025-01,Saturday
O00363,2025-09-01,WH-South,Night,Picking,B,A077,17,18.84,320.2,1,28.3,3,17,6.58,2.5835866261398177,0.17647058823529413,1.0,2025-09,Monday
O00364,2025-05-23,WH-East,Morning,Picking,C,A010,20,11.31,226.3,2,35.1,1,19,6.95,2.8776978417266186,0.05,0.95,2025-05,Friday
O00365,2025-03-04,WH-East,Morning,Packing,E,A041,12,11.06,132.8,0,0.0,0,12,8.16,1.4705882352941175,0.0,1.0,2025-03,Tuesday
O00366,2025-09-30,WH-South,Morning,Packing,B,A039,22,9.48,208.5,0,0.0,0,22,8.83,2.491506228765572,0.0,1.0,2025-09,Tuesday
O00367,2025-08-20,WH-East,Morning,Picking,C,A043,18,15.55,279.8,2,36.9,0,17,8.92,2.0179372197309418,0.0,0.9444444444444444,2025-08,Wednesday
O00368,2025-08-02,WH-East,Night,Dispatch,D,A049,12,16.1,193.2,2,23.0,0,11,8.56,1.4018691588785046,0.0,0.9166666666666666,2025-08,Saturday
O00369,2025-01-16,WH-South,Morning,Packing,E,A019,15,9.02,135.3,2,23.3,0,14,8.85,1.6949152542372883,0.0,0.9333333333333333,2025-01,Thursday
O00370,2025-11-21,WH-North,Afternoon,Picking,E,A010,15,12.2,183.0,2,58.3,0,14,8.41,1.78359096313912,0.0,0.9333333333333333,2025-11,Friday
O00371,2025-02-18,WH-North,Afternoon,Picking,D,A061,26,15.29,397.5,0,0.0,0,26,8.48,3.0660377358490565,0.0,1.0,2025-02,Tuesday
O00372,2025-10-19,WH-South,Morning,Dispatch,A,A071,16,7.64,122.2,3,42.4,1,14,6.86,2.332361516034985,0.0625,0.875,2025-10,Sunday
O00373,2025-01-18,WH-South,Night,Sorting,A,A065,19,5.38,102.3,2,19.3,0,18,8.67,2.1914648212226067,0.0,0.9473684210526315,2025-01,Saturday
O00374,2025-07-03,WH-West,Night,Picking,E,A073,27,8.63,232.9,0,0.0,1,27,6.54,4.128440366972477,0.037037037037037035,1.0,2025-07,Thursday
O00375,2025-09-15,WH-South,Afternoon,Sorting,B,A071,18,7.99,143.7,1,20.0,0,18,7.79,2.310654685494223,0.0,1.0,2025-09,Monday
O00376,2025-02-26,WH-East,Morning,Sorting,C,A023,16,10.95,175.1,1,18.7,1,16,7.94,2.0151133501259446,0.0625,1.0,2025-02,Wednesday
O00377,2025-07-30,WH-South,Afternoon,Picking,E,A001,14,12.81,179.4,2,47.1,0,13,8.68,1.6129032258064517,0.0,0.9285714285714286,2025-07,Wednesday
O00378,2025-03-23,WH-West,Afternoon,Sorting,D,A018,12,6.83,81.9,2,42.4,0,11,7.78,1.5424164524421593,0.0,0.9166666666666666,2025-03,Sunday
O00379,2025-06-07,WH-West,Night,Packing,D,A066,18,12.35,222.3,0,0.0,0,18,7.38,2.4390243902439024,0.0,1.0,2025-06,Saturday
O00380,2025-07-04,WH-North,Night,Sorting,B,A012,18,5.75,103.5,3,24.2,1,16,7.45,2.4161073825503356,0.05555555555555555,0.8888888888888888,2025-07,Friday
O00381,2025-04-29,WH-North,Afternoon,Dispatch,C,A034,23,11.65,268.0,0,0.0,2,23,6.68,3.44311377245509,0.08695652173913043,1.0,2025-04,Tuesday
O00382,2025-11-28,WH-South,Morning,Picking,B,A004,11,17.01,187.1,0,0.0,0,11,6.52,1.687116564417178,0.0,1.0,2025-11,Friday
O00383,2025-07-24,WH-South,Morning,Dispatch,C,A003,17,9.78,166.3,0,0.0,0,17,8.37,2.0310633213859024,0.0,1.0,2025-07,Thursday
O00384,2025-05-21,WH-South,Afternoon,Picking,C,A002,16,17.4,278.4,1,25.9,0,16,7.62,2.099737532808399,0.0,1.0,2025-05,Wednesday
O00385,2025-08-04,WH-West,Night,Picking,A,A053,19,8.33,158.2,2,27.5,0,18,8.31,2.286401925391095,0.0,0.9473684210526315,2025-08,Monday
O00386,2025-04-27,WH-East,Afternoon,Packing,C,A071,12,7.69,92.3,0,0.0,0,12,7.24,1.6574585635359116,0.0,1.0,2025-04,Sunday
O00387,2025-02-14,WH-West,Afternoon,Picking,B,A079,20,18.65,372.9,1,8.8,0,20,6.7,2.9850746268656714,0.0,1.0,2025-02,Friday
O00388,2025-08-31,WH-South,Afternoon,Picking,D,A016,12,16.46,197.5,2,20.7,0,11,8.67,1.384083044982699,0.0,0.9166666666666666,2025-08,Sunday
O00389,2025-10-28,WH-East,Afternoon,Picking,E,A027,14,16.92,236.9,2,41.2,1,13,8.65,1.6184971098265895,0.07142857142857142,0.9285714285714286,2025-10,Tuesday
O00390,2025-06-28,WH-South,Afternoon,Sorting,E,A011,20,6.97,139.4,0,0.0,2,20,8.78,2.277904328018223,0.1,1.0,2025-06,Saturday
O00391,2025-03-25,WH-North,Morning,Sorting,D,A064,17,9.69,164.7,0,0.0,2,17,8.15,2.085889570552147,0.11764705882352941,1.0,2025-03,Tuesday
O00392,2025-08-06,WH-East,Afternoon,Sorting,D,A026,16,7.6,121.6,1,21.1,1,16,8.73,1.8327605956471935,0.0625,1.0,2025-08,Wednesday
O00393,2025-07-27,WH-South,Morning,Packing,B,A058,19,9.55,181.4,1,15.3,0,19,8.08,2.3514851485148514,0.0,1.0,2025-07,Sunday
O00394,2025-12-07,WH-East,Morning,Sorting,B,A009,11,9.33,102.6,1,12.1,0,11,6.64,1.6566265060240966,0.0,1.0,2025-12,Sunday
O00395,2025-08-20,WH-North,Afternoon,Picking,E,A073,30,15.77,473.0,4,93.1,0,27,8.4,3.571428571428571,0.0,0.9,2025-08,Wednesday
O00396,2025-05-09,WH-North,Afternoon,Picking,E,A067,19,12.75,242.2,1,22.5,1,19,8.18,2.3227383863080684,0.05263157894736842,1.0,2025-05,Friday
O00397,2025-04-13,WH-West,Morning,Picking,C,A001,14,12.25,171.5,1,18.6,0,14,8.8,1.5909090909090908,0.0,1.0,2025-04,Sunday
O00398,2025-01-24,WH-South,Night,Picking,A,A054,24,15.7,376.9,2,56.1,2,23,6.91,3.4732272069464543,0.08333333333333333,0.9583333333333334,2025-01,Friday
O00399,2025-03-16,WH-South,Morning,Picking,C,A039,25,15.73,393.2,0,0.0,0,25,8.86,2.8216704288939054,0.0,1.0,2025-03,Sunday
O00400,2025-01-28,WH-South,Afternoon,Picking,D,A055,12,14.66,176.0,1,10.9,0,12,6.99,1.7167381974248928,0.0,1.0,2025-01,Tuesday
O00401,2025-06-30,WH-East,Morning,Picking,B,A050,12,12.21,146.5,0,0.0,0,12,6.93,1.7316017316017316,0.0,1.0,2025-06,Monday
O00402,2025-09-30,WH-West,Afternoon,Sorting,A,A002,20,6.28,125.6,3,76.7,0,18,8.45,2.366863905325444,0.0,0.9,2025-09,Tuesday
O00403,2025-08-17,WH-West,Afternoon,Packing,D,A005,27,10.93,295.0,0,0.0,0,27,8.78,3.0751708428246016,0.0,1.0,2025-08,Sunday
O00404,2025-04-24,WH-East,Morning,Sorting,E,A079,16,9.46,151.4,0,0.0,0,16,8.13,1.9680196801968017,0.0,1.0,2025-04,Thursday
O00405,2025-04-24,WH-East,Morning,Picking,B,A058,15,16.13,242.0,3,33.0,2,13,8.91,1.6835016835016834,0.13333333333333333,0.8666666666666667,2025-04,Thursday
O00406,2025-02-01,WH-East,Afternoon,Picking,E,A003,14,10.93,153.0,0,0.0,0,14,7.79,1.797175866495507,0.0,1.0,2025-02,Saturday
O00407,2025-06-28,WH-North,Night,Sorting,A,A002,10,8.52,85.2,3,70.8,0,8,6.93,1.443001443001443,0.0,0.8,2025-06,Saturday
O00408,2025-06-11,WH-East,Morning,Picking,C,A013,23,11.54,265.4,1,25.9,1,23,7.12,3.230337078651685,0.043478260869565216,1.0,2025-06,Wednesday
O00409,2025-12-20,WH-South,Morning,Picking,D,A022,15,11.43,171.5,3,71.3,0,13,7.36,2.0380434782608696,0.0,0.8666666666666667,2025-12,Saturday
O00410,2025-11-24,WH-East,Night,Packing,C,A062,18,8.79,158.1,2,54.6,0,17,8.96,2.008928571428571,0.0,0.9444444444444444,2025-11,Monday
O00411,2025-05-15,WH-East,Morning,Picking,D,A069,19,12.37,235.0,1,28.1,0,19,7.77,2.4453024453024454,0.0,1.0,2025-05,Thursday
O00412,2025-06-25,WH-South,Afternoon,Dispatch,B,A038,21,12.15,255.2,0,0.0,0,21,8.58,2.4475524475524475,0.0,1.0,2025-06,Wednesday
O00413,2025-09-03,WH-West,Afternoon,Packing,C,A023,17,9.82,166.9,0,0.0,0,17,7.67,2.2164276401564535,0.0,1.0,2025-09,Wednesday
O00414,2025-09-26,WH-West,Night,Picking,C,A059,20,15.9,318.1,1,29.2,0,20,8.12,2.4630541871921183,0.0,1.0,2025-09,Friday
O00415,2025-05-19,WH-South,Afternoon,Dispatch,D,A063,17,10.88,184.9,1,19.7,2,17,8.5,2.0,0.11764705882352941,1.0,2025-05,Monday
O00416,2025-01-29,WH-North,Morning,Packing,B,A043,16,10.02,160.3,1,13.9,3,16,8.65,1.8497109826589595,0.1875,1.0,2025-01,Wednesday
O00417,2025-08-20,WH-North,Morning,Sorting,A,A048,15,9.67,145.0,2,50.0,0,14,8.74,1.7162471395881007,0.0,0.9333333333333333,2025-08,Wednesday
O00418,2025-05-07,WH-East,Morning,Picking,D,A066,14,15.44,216.2,1,28.9,0,14,6.87,2.037845705967977,0.0,1.0,2025-05,Wednesday
O00419,2025-08-04,WH-West,Morning,Picking,C,A060,8,14.09,112.8,3,59.8,0,6,7.75,1.032258064516129,0.0,0.75,2025-08,Monday
O00420,2025-02-07,WH-East,Morning,Sorting,B,A070,16,7.32,117.1,2,42.7,0,15,8.11,1.9728729963008633,0.0,0.9375,2025-02,Friday
O00421,2025-04-04,WH-North,Afternoon,Picking,C,A053,26,15.57,404.7,3,43.6,0,24,8.91,2.9180695847362514,0.0,0.9230769230769231,2025-04,Friday
O00422,2025-09-13,WH-North,Morning,Dispatch,A,A050,20,13.0,260.1,1,22.1,0,20,8.28,2.4154589371980677,0.0,1.0,2025-09,Saturday
O00423,2025-10-07,WH-West,Morning,Packing,E,A060,15,9.69,145.4,2,24.4,0,14,7.4,2.0270270270270268,0.0,0.9333333333333333,2025-10,Tuesday
O00424,2025-07-05,WH-East,Morning,Sorting,E,A023,16,5.47,87.6,1,28.6,0,16,8.79,1.820250284414107,0.0,1.0,2025-07,Saturday
O00425,2025-11-22,WH-West,Afternoon,Picking,D,A074,15,9.27,139.1,0,0.0,0,15,7.88,1.9035532994923858,0.0,1.0,2025-11,Saturday
O00426,2025-01-12,WH-South,Afternoon,Picking,A,A032,14,13.04,182.5,1,23.6,0,14,7.55,1.8543046357615895,0.0,1.0,2025-01,Sunday
O00427,2025-04-13,WH-South,Afternoon,Picking,B,A047,14,17.3,242.2,2,23.9,0,13,6.7,2.08955223880597,0.0,0.9285714285714286,2025-04,Sunday
O00428,2025-01-24,WH-West,Night,Picking,D,A018,25,11.81,295.3,1,24.0,0,25,7.01,3.566333808844508,0.0,1.0,2025-01,Friday
O00429,2025-12-14,WH-North,Night,Sorting,D,A019,13,11.38,147.9,1,8.4,0,13,7.53,1.7264276228419655,0.0,1.0,2025-12,Sunday
O00430,2025-11-02,WH-North,Night,Packing,D,A066,12,8.37,100.4,1,19.3,0,12,8.06,1.4888337468982629,0.0,1.0,2025-11,Sunday
O00431,2025-07-10,WH-East,Morning,Sorting,D,A075,21,7.31,153.5,0,0.0,0,21,7.14,2.9411764705882355,0.0,1.0,2025-07,Thursday
O00432,2025-11-30,WH-South,Morning,Packing,E,A058,15,10.67,160.1,0,0.0,0,15,8.71,1.7221584385763489,0.0,1.0,2025-11,Sunday
O00433,2025-07-25,WH-East,Morning,Picking,B,A015,19,12.3,233.6,0,0.0,0,19,8.11,2.342786683107275,0.0,1.0,2025-07,Friday
O00434,2025-10-17,WH-West,Morning,Packing,A,A018,23,12.42,285.6,0,0.0,0,23,8.8,2.6136363636363633,0.0,1.0,2025-10,Friday
O00435,2025-08-22,WH-North,Night,Picking,B,A078,17,11.34,192.8,1,25.0,1,17,6.88,2.4709302325581395,0.058823529411764705,1.0,2025-08,Friday
O00436,2025-04-13,WH-East,Morning,Sorting,D,A039,16,7.98,127.6,1,29.7,1,16,7.48,2.13903743315508,0.0625,1.0,2025-04,Sunday
O00437,2025-01-07,WH-South,Morning,Packing,B,A020,13,5.4,70.2,1,12.9,0,13,7.75,1.6774193548387097,0.0,1.0,2025-01,Tuesday
O00438,2025-04-25,WH-East,Morning,Sorting,D,A078,11,5.0,55.0,0,0.0,0,11,7.5,1.4666666666666666,0.0,1.0,2025-04,Friday
O00439,2025-05-27,WH-East,Afternoon,Sorting,A,A010,18,7.58,136.5,1,27.0,0,18,8.75,2.057142857142857,0.0,1.0,2025-05,Tuesday
O00440,2025-08-10,WH-East,Afternoon,Packing,B,A055,22,6.59,145.0,3,57.6,0,20,7.46,2.9490616621983916,0.0,0.9090909090909091,2025-08,Sunday
O00441,2025-02-09,WH-North,Morning,Packing,B,A009,13,9.69,126.0,2,19.7,0,12,7.28,1.7857142857142856,0.0,0.9230769230769231,2025-02,Sunday
O00442,2025-05-19,WH-East,Morning,Packing,E,A040,16,10.77,172.4,2,48.1,0,15,7.36,2.1739130434782608,0.0,0.9375,2025-05,Monday
O00443,2025-04-23,WH-East,Afternoon,Packing,B,A006,19,5.0,95.0,0,0.0,1,19,7.52,2.526595744680851,0.05263157894736842,1.0,2025-04,Wednesday
O00444,2025-01-12,WH-West,Morning,Dispatch,D,A039,17,13.71,233.0,0,0.0,1,17,8.75,1.9428571428571428,0.058823529411764705,1.0,2025-01,Sunday
O00445,2025-09-25,WH-North,Afternoon,Packing,C,A068,17,11.04,187.6,1,29.0,1,17,7.28,2.3351648351648353,0.058823529411764705,1.0,2025-09,Thursday
O00446,2025-10-19,WH-West,Night,Packing,E,A028,22,8.68,190.9,1,28.2,1,22,6.98,3.151862464183381,0.045454545454545456,1.0,2025-10,Sunday
O00447,2025-08-12,WH-West,Morning,Picking,E,A031,27,16.61,448.4,2,59.6,0,26,8.58,3.1468531468531467,0.0,0.9629629629629629,2025-08,Tuesday
O00448,2025-03-27,WH-North,Afternoon,Sorting,A,A042,17,11.41,193.9,3,60.2,1,15,7.96,2.135678391959799,0.058823529411764705,0.8823529411764706,2025-03,Thursday
O00449,2025-01-16,WH-North,Night,Picking,E,A031,16,10.82,173.2,1,28.1,1,16,7.76,2.061855670103093,0.0625,1.0,2025-01,Thursday
O00450,2025-05-02,WH-West,Morning,Picking,A,A062,21,12.9,271.0,2,48.3,0,20,7.73,2.7166882276843465,0.0,0.9523809523809523,2025-05,Friday
O00451,2025-04-02,WH-East,Afternoon,Picking,B,A059,21,11.25,236.2,0,0.0,0,21,7.58,2.7704485488126647,0.0,1.0,2025-04,Wednesday
O00452,2025-05-03,WH-East,Night,Dispatch,A,A062,18,13.43,241.8,0,0.0,0,18,8.21,2.192448233861145,0.0,1.0,2025-05,Saturday
O00453,2025-04-23,WH-North,Afternoon,Dispatch,B,A018,23,9.77,224.8,2,44.6,1,22,8.06,2.853598014888337,0.043478260869565216,0.9565217391304348,2025-04,Wednesday
O00454,2025-12-26,WH-South,Morning,Packing,B,A053,20,11.8,236.0,0,0.0,2,20,7.46,2.680965147453083,0.1,1.0,2025-12,Friday
O00455,2025-10-22,WH-North,Morning,Picking,A,A049,30,13.36,400.7,0,0.0,0,30,6.7,4.477611940298507,0.0,1.0,2025-10,Wednesday
O00456,2025-10-07,WH-North,Morning,Sorting,D,A057,15,7.83,117.4,1,27.2,0,15,6.73,2.2288261515601784,0.0,1.0,2025-10,Tuesday
O00457,2025-05-08,WH-East,Afternoon,Picking,A,A075,21,15.43,324.0,4,63.6,1,18,7.08,2.9661016949152543,0.047619047619047616,0.8571428571428571,2025-05,Thursday
O00458,2025-07-22,WH-West,Morning,Picking,C,A070,18,13.91,250.4,3,46.2,0,16,8.95,2.011173184357542,0.0,0.8888888888888888,2025-07,Tuesday
O00459,2025-08-13,WH-East,Afternoon,Picking,D,A011,16,13.77,220.3,2,18.3,1,15,8.89,1.7997750281214846,0.0625,0.9375,2025-08,Wednesday
O00460,2025-11-05,WH-East,Afternoon,Packing,E,A004,16,10.04,160.6,1,17.2,0,16,6.51,2.457757296466974,0.0,1.0,2025-11,Wednesday
O00461,2025-09-27,WH-North,Afternoon,Dispatch,D,A029,16,11.08,177.2,2,18.2,0,15,8.48,1.8867924528301885,0.0,0.9375,2025-09,Saturday
O00462,2025-11-30,WH-South,Morning,Sorting,C,A048,25,8.53,213.4,2,40.2,2,24,7.03,3.5561877667140824,0.08,0.96,2025-11,Sunday
O00463,2025-07-04,WH-South,Morning,Picking,D,A076,15,12.06,181.0,0,0.0,0,15,7.0,2.142857142857143,0.0,1.0,2025-07,Friday
O00464,2025-05-05,WH-South,Morning,Picking,E,A070,18,16.03,288.5,1,25.8,0,18,7.89,2.2813688212927756,0.0,1.0,2025-05,Monday
O00465,2025-02-08,WH-South,Night,Packing,E,A018,27,15.58,420.7,1,22.9,0,27,8.0,3.375,0.0,1.0,2025-02,Saturday
O00466,2025-07-17,WH-West,Morning,Packing,D,A010,14,7.78,108.9,1,17.6,0,14,7.57,1.8494055482166445,0.0,1.0,2025-07,Thursday
O00467,2025-03-25,WH-South,Morning,Picking,B,A005,15,9.06,135.9,3,73.1,0,13,6.83,2.1961932650073206,0.0,0.8666666666666667,2025-03,Tuesday
O00468,2025-12-19,WH-East,Night,Picking,D,A055,23,12.13,278.9,1,19.6,1,23,7.08,3.248587570621469,0.043478260869565216,1.0,2025-12,Friday
O00469,2025-06-12,WH-South,Afternoon,Picking,B,A028,20,15.43,308.6,1,14.2,0,20,8.3,2.4096385542168672,0.0,1.0,2025-06,Thursday
O00470,2025-02-25,WH-East,Morning,Picking,D,A009,17,15.41,261.9,1,13.4,0,17,7.35,2.312925170068027,0.0,1.0,2025-02,Tuesday
O00471,2025-04-15,WH-South,Morning,Picking,A,A006,11,12.1,133.1,1,26.2,0,11,7.99,1.3767209011264079,0.0,1.0,2025-04,Tuesday
O00472,2025-08-06,WH-West,Morning,Packing,B,A030,18,7.55,136.0,0,0.0,0,18,8.16,2.2058823529411766,0.0,1.0,2025-08,Wednesday
O00473,2025-03-18,WH-West,Morning,Picking,B,A048,13,16.71,217.2,2,19.3,2,12,7.52,1.7287234042553192,0.15384615384615385,0.9230769230769231,2025-03,Tuesday
O00474,2025-04-15,WH-North,Afternoon,Packing,D,A025,13,10.53,136.8,2,42.3,0,12,6.66,1.951951951951952,0.0,0.9230769230769231,2025-04,Tuesday
O00475,2025-06-18,WH-East,Afternoon,Packing,E,A079,15,13.49,202.4,0,0.0,1,15,6.89,2.177068214804064,0.06666666666666667,1.0,2025-06,Wednesday
O00476,2025-04-11,WH-South,Night,Picking,B,A001,18,14.13,254.3,4,106.9,0,15,8.56,2.102803738317757,0.0,0.8333333333333334,2025-04,Friday
O00477,2025-07-01,WH-North,Morning,Sorting,A,A028,29,8.15,236.5,0,0.0,0,29,7.66,3.7859007832898173,0.0,1.0,2025-07,Tuesday
O00478,2025-05-03,WH-West,Night,Dispatch,E,A077,16,9.68,154.9,0,0.0,1,16,7.69,2.0806241872561766,0.0625,1.0,2025-05,Saturday
O00479,2025-10-20,WH-North,Afternoon,Dispatch,C,A009,26,9.93,258.3,0,0.0,0,26,8.91,2.9180695847362514,0.0,1.0,2025-10,Monday
O00480,2025-03-13,WH-West,Morning,Packing,B,A046,16,11.93,190.8,0,0.0,0,16,7.96,2.0100502512562812,0.0,1.0,2025-03,Thursday
O00481,2025-12-04,WH-North,Morning,Picking,A,A031,17,12.25,208.3,0,0.0,1,17,8.45,2.0118343195266273,0.058823529411764705,1.0,2025-12,Thursday
O00482,2025-08-29,WH-North,Afternoon,Sorting,A,A075,20,8.4,168.1,2,39.4,0,19,7.48,2.6737967914438503,0.0,0.95,2025-08,Friday
O00483,2025-11-18,WH-South,Morning,Picking,A,A077,21,10.98,230.5,1,18.7,1,21,6.57,3.1963470319634704,0.047619047619047616,1.0,2025-11,Tuesday
O00484,2025-07-12,WH-North,Morning,Packing,B,A047,26,7.59,197.4,0,0.0,0,26,7.65,3.3986928104575163,0.0,1.0,2025-07,Saturday
O00485,2025-10-12,WH-West,Morning,Packing,B,A042,22,15.01,330.2,3,47.5,0,20,8.5,2.588235294117647,0.0,0.9090909090909091,2025-10,Sunday
O00486,2025-01-09,WH-South,Afternoon,Dispatch,C,A020,14,11.49,160.9,0,0.0,1,14,8.04,1.7412935323383087,0.07142857142857142,1.0,2025-01,Thursday
O00487,2025-02-16,WH-West,Night,Picking,D,A068,19,10.32,196.0,4,36.7,0,16,6.62,2.8700906344410875,0.0,0.8421052631578947,2025-02,Sunday
O00488,2025-01-28,WH-East,Afternoon,Picking,B,A073,23,12.01,276.3,0,0.0,1,23,6.84,3.3625730994152048,0.043478260869565216,1.0,2025-01,Tuesday
O00489,2025-05-21,WH-East,Night,Sorting,A,A043,17,6.79,115.5,4,67.2,2,14,8.11,2.0961775585696674,0.11764705882352941,0.8235294117647058,2025-05,Wednesday
O00490,2025-09-12,WH-South,Afternoon,Dispatch,E,A062,17,14.75,250.7,0,0.0,0,17,8.62,1.97215777262181,0.0,1.0,2025-09,Friday
O00491,2025-03-16,WH-North,Morning,Picking,A,A066,18,10.62,191.1,2,51.4,0,17,8.64,2.083333333333333,0.0,0.9444444444444444,2025-03,Sunday
O00492,2025-11-13,WH-North,Morning,Picking,D,A067,14,11.14,156.0,1,23.2,0,14,7.37,1.8995929443690638,0.0,1.0,2025-11,Thursday
O00493,2025-04-21,WH-North,Morning,Picking,C,A073,22,14.05,309.1,1,9.7,0,22,8.37,2.6284348864994027,0.0,1.0,2025-04,Monday
O00494,2025-02-07,WH-East,Morning,Sorting,E,A040,17,5.0,85.0,2,16.4,1,16,7.15,2.3776223776223775,0.058823529411764705,0.9411764705882353,2025-02,Friday
O00495,2025-12-31,WH-South,Night,Picking,D,A063,20,18.1,362.0,0,0.0,0,20,8.32,2.4038461538461537,0.0,1.0,2025-12,Wednesday
O00496,2025-06-26,WH-West,Morning,Packing,E,A005,15,7.05,105.7,0,0.0,1,15,7.64,1.9633507853403143,0.06666666666666667,1.0,2025-06,Thursday
O00497,2025-09-14,WH-South,Afternoon,Picking,D,A080,22,12.93,284.4,1,12.0,0,22,7.58,2.9023746701846966,0.0,1.0,2025-09,Sunday
O00498,2025-03-09,WH-West,Morning,Sorting,D,A063,20,8.23,164.6,1,24.8,0,20,7.71,2.594033722438392,0.0,1.0,2025-03,Sunday
O00499,2025-06-01,WH-East,Afternoon,Picking,B,A041,21,13.81,289.9,1,22.4,0,21,8.92,2.3542600896860986,0.0,1.0,2025-06,Sunday
O00500,2025-07-23,WH-North,Night,Packing,D,A079,10,9.53,95.3,2,47.7,1,9,7.52,1.3297872340425532,0.1,0.9,2025-07,Wednesday
O00501,2025-08-01,WH-South,Night,Sorting,A,A023,25,10.6,264.9,2,28.2,0,24,8.86,2.8216704288939054,0.0,0.96,2025-08,Friday
O00502,2025-11-23,WH-West,Afternoon,Packing,B,A057,21,10.23,214.9,2,18.0,0,20,8.07,2.6022304832713754,0.0,0.9523809523809523,2025-11,Sunday
O00503,2025-04-06,WH-North,Afternoon,Packing,D,A028,15,5.0,75.0,1,24.1,0,15,8.07,1.858736059479554,0.0,1.0,2025-04,Sunday
O00504,2025-03-14,WH-East,Afternoon,Picking,D,A058,14,17.4,243.6,2,20.3,0,13,8.98,1.5590200445434297,0.0,0.9285714285714286,2025-03,Friday
O00505,2025-03-23,WH-North,Afternoon,Picking,D,A061,15,7.57,113.6,0,0.0,0,15,8.79,1.7064846416382253,0.0,1.0,2025-03,Sunday
O00506,2025-01-27,WH-South,Afternoon,Picking,C,A068,16,9.06,145.0,1,28.5,0,16,7.13,2.244039270687237,0.0,1.0,2025-01,Monday
O00507,2025-07-18,WH-East,Afternoon,Dispatch,B,A023,15,12.83,192.4,5,54.5,0,11,8.74,1.7162471395881007,0.0,0.7333333333333333,2025-07,Friday
O00508,2025-10-07,WH-West,Afternoon,Packing,B,A043,16,7.38,118.1,3,78.1,1,14,6.8,2.3529411764705883,0.0625,0.875,2025-10,Tuesday
O00509,2025-04-24,WH-East,Night,Picking,B,A065,25,13.29,332.2,1,9.0,1,25,7.61,3.2851511169513796,0.04,1.0,2025-04,Thursday
O00510,2025-05-19,WH-South,Night,Packing,E,A047,17,11.61,197.3,0,0.0,0,17,6.57,2.5875190258751903,0.0,1.0,2025-05,Monday
O00511,2025-07-21,WH-West,Morning,Picking,A,A065,19,10.89,206.8,1,14.2,1,19,8.61,2.2067363530778166,0.05263157894736842,1.0,2025-07,Monday
O00512,2025-03-10,WH-West,Afternoon,Picking,A,A032,19,15.31,290.8,1,29.3,1,19,8.08,2.3514851485148514,0.05263157894736842,1.0,2025-03,Monday
O00513,2025-03-02,WH-West,Morning,Dispatch,C,A043,15,7.24,108.6,0,0.0,2,15,6.6,2.272727272727273,0.13333333333333333,1.0,2025-03,Sunday
O00514,2025-04-04,WH-North,Morning,Dispatch,D,A017,19,12.64,240.2,0,0.0,1,19,8.15,2.331288343558282,0.05263157894736842,1.0,2025-04,Friday
O00515,2025-01-31,WH-North,Afternoon,Picking,A,A053,13,12.82,166.7,1,10.7,0,13,8.19,1.5873015873015874,0.0,1.0,2025-01,Friday
O00516,2025-04-25,WH-East,Afternoon,Picking,E,A026,13,16.58,215.6,1,13.9,0,13,7.48,1.7379679144385025,0.0,1.0,2025-04,Friday
O00517,2025-11-18,WH-South,Morning,Packing,E,A075,14,12.76,178.6,0,0.0,0,14,6.7,2.08955223880597,0.0,1.0,2025-11,Tuesday
O00518,2025-07-14,WH-South,Morning,Sorting,C,A054,19,11.6,220.5,0,0.0,2,19,7.22,2.6315789473684212,0.10526315789473684,1.0,2025-07,Monday
O00519,2025-10-14,WH-North,Night,Packing,D,A053,10,10.78,107.8,1,23.2,0,10,7.51,1.3315579227696406,0.0,1.0,2025-10,Tuesday
O00520,2025-08-23,WH-North,Afternoon,Dispatch,A,A017,11,13.67,150.3,1,14.7,0,11,8.66,1.2702078521939955,0.0,1.0,2025-08,Saturday
O00521,2025-03-08,WH-North,Morning,Sorting,E,A068,17,5.0,85.0,0,0.0,0,17,8.16,2.0833333333333335,0.0,1.0,2025-03,Saturday
O00522,2025-10-01,WH-North,Morning,Packing,C,A001,24,8.7,208.9,0,0.0,0,24,8.1,2.9629629629629632,0.0,1.0,2025-10,Wednesday
O00523,2025-08-29,WH-North,Afternoon,Picking,C,A023,14,18.9,264.6,1,14.4,2,14,8.9,1.5730337078651684,0.14285714285714285,1.0,2025-08,Friday
O00524,2025-05-27,WH-West,Night,Packing,C,A014,24,8.86,212.5,4,61.6,0,21,6.55,3.66412213740458,0.0,0.875,2025-05,Tuesday
O00525,2025-04-22,WH-South,Afternoon,Packing,B,A041,24,7.77,186.4,1,16.9,1,24,7.55,3.178807947019868,0.041666666666666664,1.0,2025-04,Tuesday
O00526,2025-03-10,WH-West,Night,Dispatch,E,A061,13,11.03,143.4,1,19.1,1,13,8.88,1.4639639639639639,0.07692307692307693,1.0,2025-03,Monday
O00527,2025-05-12,WH-West,Morning,Picking,B,A026,20,14.4,287.9,0,0.0,0,20,8.9,2.2471910112359548,0.0,1.0,2025-05,Monday
O00528,2025-08-06,WH-East,Night,Picking,D,A065,22,16.48,362.5,2,48.1,0,21,8.03,2.7397260273972606,0.0,0.9545454545454546,2025-08,Wednesday
O00529,2025-08-30,WH-East,Afternoon,Picking,E,A019,23,12.66,291.3,0,0.0,1,23,8.58,2.6806526806526807,0.043478260869565216,1.0,2025-08,Saturday
O00530,2025-10-08,WH-North,Morning,Packing,B,A070,17,5.0,85.0,2,41.2,0,16,8.64,1.9675925925925926,0.0,0.9411764705882353,2025-10,Wednesday
O00531,2025-08-11,WH-North,Afternoon,Packing,D,A037,12,12.44,149.3,1,26.1,0,12,7.42,1.6172506738544474,0.0,1.0,2025-08,Monday
O00532,2025-07-03,WH-North,Afternoon,Picking,D,A043,25,14.0,350.0,1,8.0,0,25,7.84,3.188775510204082,0.0,1.0,2025-07,Thursday
O00533,2025-10-28,WH-South,Afternoon,Packing,A,A076,14,11.34,158.8,0,0.0,0,14,6.53,2.1439509954058193,0.0,1.0,2025-10,Tuesday
O00534,2025-01-25,WH-East,Morning,Picking,B,A033,19,14.77,280.6,2,17.7,0,18,6.63,2.865761689291101,0.0,0.9473684210526315,2025-01,Saturday
O00535,2025-08-17,WH-West,Afternoon,Dispatch,E,A012,13,17.45,226.8,3,56.2,0,11,7.31,1.7783857729138168,0.0,0.8461538461538461,2025-08,Sunday
O00536,2025-03-08,WH-West,Night,Dispatch,B,A061,9,12.49,112.4,1,17.6,0,9,6.91,1.3024602026049203,0.0,1.0,2025-03,Saturday
O00537,2025-09-13,WH-East,Morning,Packing,D,A002,22,10.42,229.3,2,20.8,1,21,6.89,3.193033381712627,0.045454545454545456,0.9545454545454546,2025-09,Saturday
O00538,2025-09-11,WH-North,Afternoon,Sorting,A,A030,16,10.37,165.9,3,74.8,0,14,8.71,1.8369690011481055,0.0,0.875,2025-09,Thursday
O00539,2025-07-29,WH-South,Afternoon,Sorting,E,A005,10,8.12,81.2,2,49.8,0,9,7.28,1.3736263736263736,0.0,0.9,2025-07,Tuesday
O00540,2025-10-23,WH-West,Morning,Dispatch,C,A003,20,13.81,276.1,1,14.1,3,20,8.38,2.386634844868735,0.15,1.0,2025-10,Thursday
O00541,2025-04-01,WH-East,Afternoon,Sorting,C,A047,16,9.51,152.2,0,0.0,0,16,6.86,2.332361516034985,0.0,1.0,2025-04,Tuesday
O00542,2025-07-08,WH-West,Afternoon,Dispatch,E,A066,13,7.93,103.1,2,39.2,0,12,6.5,2.0,0.0,0.9230769230769231,2025-07,Tuesday
O00543,2025-12-12,WH-South,Night,Packing,B,A059,21,11.2,235.3,0,0.0,3,21,7.44,2.82258064516129,0.14285714285714285,1.0,2025-12,Friday
O00544,2025-10-08,WH-North,Morning,Dispatch,D,A076,20,9.67,193.4,1,24.5,0,20,8.7,2.298850574712644,0.0,1.0,2025-10,Wednesday
O00545,2025-03-11,WH-East,Morning,Picking,E,A043,21,10.4,218.3,1,23.8,0,21,8.27,2.5392986698911733,0.0,1.0,2025-03,Tuesday
O00546,2025-11-17,WH-South,Night,Picking,B,A071,21,16.07,337.4,2,44.1,0,20,7.23,2.904564315352697,0.0,0.9523809523809523,2025-11,Monday
O00547,2025-05-31,WH-South,Night,Picking,A,A019,14,15.08,211.1,1,25.6,0,14,8.18,1.7114914425427874,0.0,1.0,2025-05,Saturday
O00548,2025-06-24,WH-North,Morning,Sorting,B,A044,23,10.12,232.6,1,18.6,0,23,7.41,3.1039136302294197,0.0,1.0,2025-06,Tuesday
O00549,2025-02-28,WH-North,Night,Dispatch,C,A063,16,15.95,255.2,3,61.0,0,14,7.0,2.2857142857142856,0.0,0.875,2025-02,Friday
O00550,2025-04-24,WH-West,Morning,Packing,A,A003,19,8.47,160.9,1,20.5,0,19,6.67,2.848575712143928,0.0,1.0,2025-04,Thursday
O00551,2025-04-21,WH-West,Morning,Dispatch,B,A007,25,8.81,220.1,2,41.1,0,24,8.15,3.067484662576687,0.0,0.96,2025-04,Monday
O00552,2025-04-17,WH-South,Morning,Picking,D,A057,16,15.86,253.8,0,0.0,0,16,6.52,2.4539877300613497,0.0,1.0,2025-04,Thursday
O00553,2025-09-21,WH-West,Afternoon,Picking,A,A066,24,10.33,247.9,1,24.4,0,24,7.78,3.0848329048843186,0.0,1.0,2025-09,Sunday
O00554,2025-01-31,WH-South,Afternoon,Picking,B,A062,13,13.14,170.9,2,53.3,0,12,7.73,1.6817593790426908,0.0,0.9230769230769231,2025-01,Friday
O00555,2025-01-21,WH-West,Afternoon,Picking,E,A044,8,16.24,129.9,0,0.0,0,8,8.33,0.9603841536614646,0.0,1.0,2025-01,Tuesday
O00556,2025-01-15,WH-North,Morning,Picking,E,A026,12,12.5,150.1,1,23.7,0,12,6.7,1.791044776119403,0.0,1.0,2025-01,Wednesday
O00557,2025-02-20,WH-South,Afternoon,Picking,E,A040,22,10.94,240.6,0,0.0,0,22,7.4,2.972972972972973,0.0,1.0,2025-02,Thursday
O00558,2025-10-07,WH-South,Afternoon,Dispatch,A,A017,16,9.9,158.4,3,86.7,0,14,8.01,1.9975031210986267,0.0,0.875,2025-10,Tuesday
O00559,2025-02-07,WH-West,Afternoon,Packing,D,A071,13,9.09,118.2,0,0.0,0,13,6.58,1.9756838905775076,0.0,1.0,2025-02,Friday
O00560,2025-06-07,WH-East,Night,Picking,C,A053,18,15.85,285.4,4,50.6,1,15,7.05,2.5531914893617023,0.05555555555555555,0.8333333333333334,2025-06,Saturday
O00561,2025-11-16,WH-West,Night,Packing,E,A041,19,10.28,195.3,1,23.5,1,19,7.26,2.6170798898071626,0.05263157894736842,1.0,2025-11,Sunday
O00562,2025-05-19,WH-North,Night,Packing,D,A048,23,11.01,253.3,1,22.8,1,23,7.5,3.066666666666667,0.043478260869565216,1.0,2025-05,Monday
O00563,2025-08-24,WH-East,Afternoon,Packing,B,A021,14,12.38,173.3,2,16.5,1,13,8.55,1.6374269005847952,0.07142857142857142,0.9285714285714286,2025-08,Sunday
O00564,2025-12-30,WH-East,Morning,Picking,E,A003,15,9.64,144.6,0,0.0,2,15,7.17,2.092050209205021,0.13333333333333333,1.0,2025-12,Tuesday
O00565,2025-04-24,WH-West,Morning,Sorting,E,A047,15,6.74,101.1,0,0.0,1,15,8.13,1.8450184501845017,0.06666666666666667,1.0,2025-04,Thursday
O00566,2025-04-02,WH-South,Morning,Picking,A,A039,20,18.36,367.1,1,29.2,0,20,7.7,2.5974025974025974,0.0,1.0,2025-04,Wednesday
O00567,2025-02-18,WH-West,Morning,Picking,C,A034,21,10.95,229.9,2,57.0,2,20,7.4,2.8378378378378377,0.09523809523809523,0.9523809523809523,2025-02,Tuesday
O00568,2025-09-22,WH-East,Night,Packing,C,A070,23,7.63,175.5,4,48.8,0,20,7.96,2.8894472361809047,0.0,0.8695652173913043,2025-09,Monday
O00569,2025-08-23,WH-West,Afternoon,Picking,C,A068,17,17.7,300.8,0,0.0,0,17,7.71,2.204928664072633,0.0,1.0,2025-08,Saturday
O00570,2025-11-20,WH-South,Afternoon,Picking,A,A018,16,16.53,264.5,0,0.0,0,16,7.8,2.0512820512820515,0.0,1.0,2025-11,Thursday
O00571,2025-07-23,WH-East,Night,Picking,E,A059,17,9.49,161.3,0,0.0,0,17,7.43,2.288021534320323,0.0,1.0,2025-07,Wednesday
O00572,2025-04-23,WH-East,Morning,Picking,C,A063,16,14.83,237.3,1,27.7,0,16,8.27,1.9347037484885128,0.0,1.0,2025-04,Wednesday
O00573,2025-04-09,WH-East,Morning,Packing,C,A053,18,10.61,190.9,0,0.0,1,18,6.77,2.6587887740029545,0.05555555555555555,1.0,2025-04,Wednesday
O00574,2025-12-15,WH-North,Night,Sorting,C,A055,12,8.31,99.7,2,25.8,0,11,8.98,1.3363028953229399,0.0,0.9166666666666666,2025-12,Monday
O00575,2025-04-30,WH-North,Night,Packing,B,A031,24,7.25,174.1,1,22.9,0,24,7.94,3.022670025188917,0.0,1.0,2025-04,Wednesday
O00576,2025-09-24,WH-East,Morning,Dispatch,E,A013,17,10.45,177.7,2,54.5,1,16,8.95,1.8994413407821231,0.058823529411764705,0.9411764705882353,2025-09,Wednesday
O00577,2025-03-21,WH-North,Afternoon,Picking,D,A026,19,16.59,315.3,1,10.1,1,19,7.37,2.5780189959294435,0.05263157894736842,1.0,2025-03,Friday
O00578,2025-08-15,WH-East,Night,Sorting,C,A006,18,5.72,103.0,0,0.0,0,18,8.77,2.0524515393386547,0.0,1.0,2025-08,Friday
O00579,2025-03-27,WH-North,Afternoon,Packing,B,A013,17,13.49,229.4,0,0.0,1,17,8.51,1.9976498237367804,0.058823529411764705,1.0,2025-03,Thursday
O00580,2025-08-10,WH-North,Afternoon,Packing,B,A048,19,7.09,134.6,0,0.0,1,19,6.55,2.900763358778626,0.05263157894736842,1.0,2025-08,Sunday
O00581,2025-04-18,WH-South,Afternoon,Packing,E,A048,22,9.94,218.8,0,0.0,0,22,6.91,3.183791606367583,0.0,1.0,2025-04,Friday
O00582,2025-07-03,WH-South,Morning,Picking,E,A009,22,17.39,382.6,0,0.0,1,22,8.74,2.517162471395881,0.045454545454545456,1.0,2025-07,Thursday
O00583,2025-03-26,WH-West,Afternoon,Picking,E,A037,19,12.29,233.4,1,8.9,0,19,6.95,2.7338129496402876,0.0,1.0,2025-03,Wednesday
O00584,2025-10-02,WH-East,Night,Packing,C,A026,17,12.05,204.9,4,93.3,0,14,7.6,2.236842105263158,0.0,0.8235294117647058,2025-10,Thursday
O00585,2025-04-04,WH-North,Afternoon,Sorting,E,A040,17,11.04,187.8,2,57.4,0,16,7.66,2.219321148825065,0.0,0.9411764705882353,2025-04,Friday
O00586,2025-02-26,WH-East,Morning,Picking,B,A033,21,15.2,319.2,0,0.0,0,21,8.58,2.4475524475524475,0.0,1.0,2025-02,Wednesday
O00587,2025-06-20,WH-West,Afternoon,Sorting,C,A041,18,8.94,160.9,0,0.0,0,18,7.79,2.310654685494223,0.0,1.0,2025-06,Friday
O00588,2025-12-14,WH-South,Night,Packing,C,A065,18,8.98,161.6,2,28.9,0,17,7.75,2.3225806451612905,0.0,0.9444444444444444,2025-12,Sunday
O00589,2025-03-13,WH-South,Morning,Packing,D,A049,15,7.98,119.6,1,29.1,0,15,8.47,1.7709563164108617,0.0,1.0,2025-03,Thursday
O00590,2025-09-08,WH-East,Morning,Picking,E,A053,16,14.47,231.5,1,26.3,1,16,7.56,2.1164021164021167,0.0625,1.0,2025-09,Monday
O00591,2025-01-18,WH-South,Morning,Packing,C,A044,16,10.93,174.9,1,20.6,0,16,7.07,2.263083451202263,0.0,1.0,2025-01,Saturday
O00592,2025-04-21,WH-South,Night,Picking,C,A005,8,17.64,141.1,2,30.7,0,7,8.17,0.9791921664626683,0.0,0.875,2025-04,Monday
O00593,2025-07-26,WH-North,Morning,Packing,A,A061,19,7.98,151.6,4,97.0,0,16,8.61,2.2067363530778166,0.0,0.8421052631578947,2025-07,Saturday
O00594,2025-05-24,WH-South,Night,Dispatch,A,A054,15,9.64,144.7,1,8.3,0,15,7.2,2.0833333333333335,0.0,1.0,2025-05,Saturday
O00595,2025-01-12,WH-North,Night,Sorting,B,A022,20,8.36,167.2,3,57.9,0,18,6.95,2.8776978417266186,0.0,0.9,2025-01,Sunday
O00596,2025-03-02,WH-North,Afternoon,Dispatch,C,A001,19,11.79,224.0,1,14.8,0,19,8.93,2.127659574468085,0.0,1.0,2025-03,Sunday
O00597,2025-08-09,WH-East,Night,Picking,D,A022,24,13.32,319.8,1,15.8,0,24,7.72,3.1088082901554404,0.0,1.0,2025-08,Saturday
O00598,2025-04-29,WH-North,Afternoon,Packing,A,A004,17,7.24,123.1,1,16.6,0,17,7.94,2.141057934508816,0.0,1.0,2025-04,Tuesday
O00599,2025-02-11,WH-South,Morning,Dispatch,D,A034,24,14.59,350.0,1,19.3,1,24,7.43,3.2301480484522207,0.041666666666666664,1.0,2025-02,Tuesday
O00600,2025-08-09,WH-North,Night,Picking,A,A021,19,15.48,294.1,1,22.6,0,19,8.91,2.132435465768799,0.0,1.0,2025-08,Saturday
O00601,2025-02-26,WH-West,Afternoon,Packing,B,A004,24,8.22,197.2,1,13.9,1,24,6.67,3.598200899550225,0.041666666666666664,1.0,2025-02,Wednesday
O00602,2025-10-26,WH-South,Afternoon,Picking,D,A026,13,10.23,133.0,0,0.0,1,13,6.84,1.9005847953216375,0.07692307692307693,1.0,2025-10,Sunday
O00603,2025-10-17,WH-East,Afternoon,Packing,C,A028,18,10.73,193.1,2,53.9,0,17,7.63,2.3591087811271296,0.0,0.9444444444444444,2025-10,Friday
O00604,2025-11-16,WH-East,Morning,Packing,B,A020,16,5.0,80.0,1,27.9,0,16,8.95,1.787709497206704,0.0,1.0,2025-11,Sunday
O00605,2025-01-27,WH-South,Afternoon,Picking,D,A057,16,11.08,177.3,0,0.0,0,16,8.95,1.787709497206704,0.0,1.0,2025-01,Monday
O00606,2025-10-18,WH-West,Night,Packing,C,A024,17,5.0,85.0,1,17.9,0,17,6.73,2.526002971768202,0.0,1.0,2025-10,Saturday
O00607,2025-03-01,WH-South,Afternoon,Sorting,B,A044,19,12.23,232.4,0,0.0,1,19,7.58,2.5065963060686016,0.05263157894736842,1.0,2025-03,Saturday
O00608,2025-10-02,WH-North,Afternoon,Packing,B,A067,21,5.0,105.0,0,0.0,2,21,6.84,3.0701754385964914,0.09523809523809523,1.0,2025-10,Thursday
O00609,2025-01-04,WH-East,Morning,Picking,B,A019,21,12.79,268.5,1,20.9,0,21,6.72,3.125,0.0,1.0,2025-01,Saturday
O00610,2025-04-11,WH-East,Afternoon,Picking,A,A012,17,15.15,257.6,1,25.3,0,17,8.37,2.0310633213859024,0.0,1.0,2025-04,Friday
O00611,2025-04-01,WH-West,Afternoon,Picking,E,A060,10,15.1,151.0,4,105.2,0,7,8.16,1.2254901960784315,0.0,0.7,2025-04,Tuesday
O00612,2025-06-01,WH-South,Morning,Picking,B,A072,17,13.33,226.7,2,20.0,0,16,8.0,2.125,0.0,0.9411764705882353,2025-06,Sunday
O00613,2025-01-23,WH-South,Morning,Sorting,D,A064,19,9.91,188.3,2,50.2,1,18,7.4,2.5675675675675675,0.05263157894736842,0.9473684210526315,2025-01,Thursday
O00614,2025-03-08,WH-North,Morning,Picking,E,A030,18,13.91,250.5,0,0.0,1,18,6.82,2.6392961876832843,0.05555555555555555,1.0,2025-03,Saturday
O00615,2025-02-15,WH-East,Night,Sorting,C,A054,21,7.18,150.7,3,34.8,0,19,7.63,2.7522935779816513,0.0,0.9047619047619048,2025-02,Saturday
O00616,2025-10-06,WH-South,Afternoon,Picking,B,A005,29,12.55,364.1,1,15.1,0,29,7.75,3.7419354838709675,0.0,1.0,2025-10,Monday
O00617,2025-07-29,WH-North,Afternoon,Sorting,D,A050,19,5.7,108.2,1,22.7,0,19,6.72,2.8273809523809526,0.0,1.0,2025-07,Tuesday
O00618,2025-03-19,WH-South,Afternoon,Sorting,E,A036,15,6.21,93.2,0,0.0,0,15,8.92,1.6816143497757847,0.0,1.0,2025-03,Wednesday
O00619,2025-08-03,WH-West,Morning,Packing,E,A061,17,7.5,127.6,2,17.8,0,16,7.96,2.135678391959799,0.0,0.9411764705882353,2025-08,Sunday
O00620,2025-09-02,WH-North,Afternoon,Sorting,E,A025,11,5.0,55.0,0,0.0,2,11,8.13,1.3530135301353012,0.18181818181818182,1.0,2025-09,Tuesday
O00621,2025-09-23,WH-West,Afternoon,Picking,A,A044,17,13.73,233.3,0,0.0,1,17,8.56,1.9859813084112148,0.058823529411764705,1.0,2025-09,Tuesday
O00622,2025-01-14,WH-West,Morning,Packing,E,A018,25,7.63,190.6,1,28.3,0,25,6.74,3.7091988130563798,0.0,1.0,2025-01,Tuesday
O00623,2025-08-22,WH-West,Morning,Sorting,E,A033,25,7.73,193.2,1,16.7,0,25,8.62,2.900232018561485,0.0,1.0,2025-08,Friday
O00624,2025-08-19,WH-East,Afternoon,Picking,A,A021,27,12.31,332.4,4,88.1,1,24,7.88,3.4263959390862944,0.037037037037037035,0.8888888888888888,2025-08,Tuesday
O00625,2025-10-09,WH-South,Morning,Picking,B,A061,23,16.45,378.4,0,0.0,1,23,6.89,3.3381712626995648,0.043478260869565216,1.0,2025-10,Thursday
O00626,2025-09-07,WH-East,Morning,Picking,D,A012,17,20.41,347.0,0,0.0,0,17,8.49,2.0023557126030624,0.0,1.0,2025-09,Sunday
O00627,2025-09-21,WH-West,Morning,Picking,D,A060,12,12.49,149.8,0,0.0,2,12,7.89,1.5209125475285172,0.16666666666666666,1.0,2025-09,Sunday
O00628,2025-11-14,WH-West,Morning,Packing,E,A068,14,12.01,168.1,1,22.0,0,14,8.89,1.574803149606299,0.0,1.0,2025-11,Friday
O00629,2025-03-30,WH-East,Afternoon,Sorting,C,A049,20,5.0,100.0,0,0.0,0,20,8.22,2.4330900243309,0.0,1.0,2025-03,Sunday
O00630,2025-06-22,WH-East,Afternoon,Packing,C,A031,22,8.32,183.1,0,0.0,0,22,7.69,2.860858257477243,0.0,1.0,2025-06,Sunday
O00631,2025-09-29,WH-North,Night,Sorting,E,A052,18,12.99,233.9,1,20.7,0,18,7.95,2.2641509433962264,0.0,1.0,2025-09,Monday
O00632,2025-04-12,WH-West,Afternoon,Packing,A,A013,11,7.54,83.0,2,46.1,0,10,6.78,1.6224188790560472,0.0,0.9090909090909091,2025-04,Saturday
O00633,2025-03-09,WH-South,Afternoon,Picking,D,A038,16,14.92,238.7,0,0.0,0,16,7.94,2.0151133501259446,0.0,1.0,2025-03,Sunday
O00634,2025-05-30,WH-East,Morning,Picking,E,A022,17,10.1,171.6,1,19.4,0,17,8.98,1.8930957683741647,0.0,1.0,2025-05,Friday
O00635,2025-09-21,WH-West,Afternoon,Picking,A,A018,15,16.18,242.8,0,0.0,0,15,8.83,1.6987542468856172,0.0,1.0,2025-09,Sunday
O00636,2025-09-22,WH-West,Morning,Packing,C,A064,18,12.23,220.1,4,70.8,1,15,8.06,2.2332506203473943,0.05555555555555555,0.8333333333333334,2025-09,Monday
O00637,2025-04-28,WH-West,Morning,Packing,D,A018,11,12.16,133.8,2,39.0,0,10,6.81,1.6152716593245229,0.0,0.9090909090909091,2025-04,Monday
O00638,2025-05-31,WH-North,Morning,Picking,A,A070,14,13.74,192.4,2,36.3,0,13,7.69,1.8205461638491547,0.0,0.9285714285714286,2025-05,Saturday
O00639,2025-03-03,WH-South,Afternoon,Packing,B,A039,24,9.77,234.6,3,73.2,0,22,7.17,3.3472803347280333,0.0,0.9166666666666666,2025-03,Monday
O00640,2025-06-23,WH-East,Night,Packing,E,A027,19,11.24,213.5,2,48.3,0,18,7.39,2.571041948579161,0.0,0.9473684210526315,2025-06,Monday
O00641,2025-12-27,WH-North,Night,Sorting,B,A034,12,7.86,94.3,3,84.0,0,10,8.42,1.4251781472684086,0.0,0.8333333333333334,2025-12,Saturday
O00642,2025-02-09,WH-North,Afternoon,Picking,C,A072,15,13.87,208.1,0,0.0,0,15,6.69,2.242152466367713,0.0,1.0,2025-02,Sunday
O00643,2025-08-17,WH-East,Afternoon,Packing,E,A048,8,9.01,72.1,3,44.5,1,6,8.58,0.9324009324009324,0.125,0.75,2025-08,Sunday
O00644,2025-09-17,WH-North,Night,Sorting,C,A012,18,6.97,125.4,3,81.8,0,16,7.51,2.396804260985353,0.0,0.8888888888888888,2025-09,Wednesday
O00645,2025-04-20,WH-South,Afternoon,Sorting,D,A054,10,10.18,101.8,1,10.0,0,10,7.83,1.277139208173691,0.0,1.0,2025-04,Sunday
O00646,2025-11-08,WH-West,Afternoon,Packing,C,A070,17,10.2,173.3,0,0.0,1,17,7.06,2.407932011331445,0.058823529411764705,1.0,2025-11,Saturday
O00647,2025-07-14,WH-East,Morning,Picking,C,A027,20,16.72,334.5,1,28.1,0,20,7.63,2.6212319790301444,0.0,1.0,2025-07,Monday
O00648,2025-10-04,WH-East,Night,Packing,D,A029,22,12.68,279.0,1,25.0,0,22,7.63,2.8833551769331587,0.0,1.0,2025-10,Saturday
O00649,2025-01-15,WH-South,Morning,Picking,A,A011,16,16.82,269.1,0,0.0,1,16,8.94,1.789709172259508,0.0625,1.0,2025-01,Wednesday
O00650,2025-02-17,WH-East,Morning,Picking,E,A038,26,15.93,414.3,2,43.6,1,25,8.92,2.914798206278027,0.038461538461538464,0.9615384615384616,2025-02,Monday
O00651,2025-09-12,WH-East,Afternoon,Dispatch,A,A069,27,11.91,321.5,3,40.7,1,25,6.91,3.907380607814761,0.037037037037037035,0.9259259259259259,2025-09,Friday
O00652,2025-04-17,WH-North,Morning,Sorting,A,A025,25,5.0,125.0,2,31.7,0,24,8.04,3.109452736318408,0.0,0.96,2025-04,Thursday
O00653,2025-09-29,WH-East,Afternoon,Picking,A,A080,21,16.65,349.6,2,47.5,0,20,7.03,2.987197724039829,0.0,0.9523809523809523,2025-09,Monday
O00654,2025-12-18,WH-North,Afternoon,Sorting,C,A004,20,6.61,132.2,1,13.5,0,20,8.7,2.298850574712644,0.0,1.0,2025-12,Thursday
O00655,2025-02-26,WH-East,Night,Picking,B,A055,14,15.33,214.6,0,0.0,0,14,7.8,1.794871794871795,0.0,1.0,2025-02,Wednesday
O00656,2025-07-30,WH-East,Afternoon,Picking,D,A050,18,15.14,272.5,3,27.3,1,16,6.69,2.6905829596412554,0.05555555555555555,0.8888888888888888,2025-07,Wednesday
O00657,2025-10-09,WH-East,Afternoon,Dispatch,E,A063,19,14.63,278.0,1,18.2,0,19,8.87,2.1420518602029315,0.0,1.0,2025-10,Thursday
O00658,2025-04-11,WH-East,Morning,Packing,A,A027,18,10.24,184.4,1,12.0,1,18,6.53,2.756508422664625,0.05555555555555555,1.0,2025-04,Friday
O00659,2025-05-18,WH-North,Morning,Picking,D,A053,19,13.38,254.2,0,0.0,1,19,8.1,2.345679012345679,0.05263157894736842,1.0,2025-05,Sunday
O00660,2025-09-15,WH-North,Afternoon,Packing,E,A056,19,10.28,195.3,3,79.7,0,17,8.57,2.2170361726954493,0.0,0.8947368421052632,2025-09,Monday
O00661,2025-07-29,WH-West,Morning,Packing,A,A045,19,9.38,178.3,1,23.7,0,19,8.93,2.127659574468085,0.0,1.0,2025-07,Tuesday
O00662,2025-01-13,WH-North,Night,Sorting,E,A014,16,7.41,118.6,1,12.2,1,16,7.14,2.2408963585434174,0.0625,1.0,2025-01,Monday
O00663,2025-01-31,WH-West,Afternoon,Picking,B,A021,17,9.84,167.3,2,52.8,0,16,8.31,2.045728038507822,0.0,0.9411764705882353,2025-01,Friday
O00664,2025-10-31,WH-West,Morning,Dispatch,E,A080,17,11.27,191.6,1,22.8,0,17,6.52,2.607361963190184,0.0,1.0,2025-10,Friday
O00665,2025-10-31,WH-West,Afternoon,Picking,D,A016,18,16.62,299.2,0,0.0,0,18,7.96,2.2613065326633164,0.0,1.0,2025-10,Friday
O00666,2025-12-24,WH-South,Night,Picking,E,A054,16,11.46,183.3,0,0.0,0,16,6.9,2.318840579710145,0.0,1.0,2025-12,Wednesday
O00667,2025-10-14,WH-West,Morning,Picking,A,A061,14,14.6,204.3,1,21.4,1,14,8.18,1.7114914425427874,0.07142857142857142,1.0,2025-10,Tuesday
O00668,2025-02-22,WH-South,Afternoon,Dispatch,B,A057,27,16.46,444.5,3,53.1,1,25,8.44,3.199052132701422,0.037037037037037035,0.9259259259259259,2025-02,Saturday
O00669,2025-10-31,WH-East,Morning,Picking,D,A044,13,10.46,135.9,2,47.0,0,12,7.27,1.7881705639614858,0.0,0.9230769230769231,2025-10,Friday
O00670,2025-03-07,WH-North,Afternoon,Picking,B,A005,23,9.51,218.7,0,0.0,1,23,6.53,3.5222052067381315,0.043478260869565216,1.0,2025-03,Friday
O00671,2025-12-22,WH-South,Night,Packing,C,A055,10,6.17,61.7,2,25.7,0,9,7.87,1.2706480304955527,0.0,0.9,2025-12,Monday
O00672,2025-10-24,WH-North,Morning,Packing,D,A027,17,7.18,122.0,2,48.5,0,16,7.16,2.3743016759776534,0.0,0.9411764705882353,2025-10,Friday
O00673,2025-10-13,WH-South,Morning,Picking,E,A076,13,16.97,220.6,2,48.4,0,12,7.12,1.8258426966292134,0.0,0.9230769230769231,2025-10,Monday
O00674,2025-10-11,WH-South,Night,Sorting,E,A062,15,9.67,145.0,2,36.7,1,14,7.47,2.0080321285140563,0.06666666666666667,0.9333333333333333,2025-10,Saturday
O00675,2025-06-12,WH-West,Afternoon,Picking,D,A045,20,13.41,268.2,5,113.5,0,16,7.77,2.574002574002574,0.0,0.8,2025-06,Thursday
O00676,2025-07-13,WH-East,Night,Packing,E,A053,18,11.09,199.5,4,111.4,1,15,8.83,2.0385050962627407,0.05555555555555555,0.8333333333333334,2025-07,Sunday
O00677,2025-01-06,WH-East,Morning,Picking,A,A078,9,9.37,84.3,1,23.1,0,9,7.56,1.1904761904761905,0.0,1.0,2025-01,Monday
O00678,2025-08-16,WH-East,Night,Picking,D,A050,16,17.41,278.5,0,0.0,0,16,8.91,1.7957351290684624,0.0,1.0,2025-08,Saturday
O00679,2025-08-12,WH-South,Morning,Sorting,A,A035,17,7.39,125.7,1,24.4,0,17,8.52,1.995305164319249,0.0,1.0,2025-08,Tuesday
O00680,2025-04-26,WH-East,Night,Picking,D,A010,18,16.87,303.7,1,17.3,0,18,7.7,2.3376623376623376,0.0,1.0,2025-04,Saturday
O00681,2025-01-06,WH-North,Morning,Picking,C,A044,22,16.49,362.7,0,0.0,1,22,7.01,3.138373751783167,0.045454545454545456,1.0,2025-01,Monday
O00682,2025-09-19,WH-North,Afternoon,Picking,D,A064,19,16.26,308.9,0,0.0,0,19,6.52,2.914110429447853,0.0,1.0,2025-09,Friday
O00683,2025-11-20,WH-South,Afternoon,Sorting,B,A064,22,6.1,134.1,2,27.9,0,21,8.98,2.4498886414253898,0.0,0.9545454545454546,2025-11,Thursday
O00684,2025-09-29,WH-East,Night,Picking,A,A012,20,13.25,265.0,2,49.2,0,19,7.69,2.600780234070221,0.0,0.95,2025-09,Monday
O00685,2025-04-23,WH-South,Morning,Packing,C,A071,17,6.13,104.3,1,28.6,0,17,8.42,2.019002375296912,0.0,1.0,2025-04,Wednesday
O00686,2025-01-27,WH-North,Morning,Picking,D,A045,19,17.31,328.9,1,27.1,1,19,7.32,2.5956284153005464,0.05263157894736842,1.0,2025-01,Monday
O00687,2025-06-13,WH-North,Afternoon,Dispatch,B,A078,15,9.32,139.8,1,13.7,0,15,6.58,2.2796352583586628,0.0,1.0,2025-06,Friday
O00688,2025-08-12,WH-West,Night,Sorting,D,A025,17,5.85,99.5,2,45.9,0,16,7.73,2.1992238033635187,0.0,0.9411764705882353,2025-08,Tuesday
O00689,2025-04-26,WH-West,Afternoon,Picking,A,A002,17,13.27,225.7,4,94.5,0,14,7.52,2.2606382978723407,0.0,0.8235294117647058,2025-04,Saturday
O00690,2025-03-22,WH-North,Afternoon,Picking,D,A071,25,15.11,377.8,4,61.6,0,22,7.5,3.3333333333333335,0.0,0.88,2025-03,Saturday
O00691,2025-09-19,WH-West,Afternoon,Picking,E,A008,22,15.57,342.4,0,0.0,0,22,7.55,2.913907284768212,0.0,1.0,2025-09,Friday
O00692,2025-10-16,WH-East,Afternoon,Sorting,E,A048,24,12.16,291.9,0,0.0,1,24,6.71,3.5767511177347244,0.041666666666666664,1.0,2025-10,Thursday
O00693,2025-10-01,WH-West,Afternoon,Sorting,E,A058,19,9.03,171.6,1,17.0,1,19,7.36,2.5815217391304346,0.05263157894736842,1.0,2025-10,Wednesday
O00694,2025-09-07,WH-West,Afternoon,Packing,A,A080,11,11.54,126.9,2,25.3,0,10,7.58,1.4511873350923483,0.0,0.9090909090909091,2025-09,Sunday
O00695,2025-06-09,WH-East,Morning,Packing,A,A058,14,13.39,187.4,1,20.5,2,14,8.75,1.6,0.14285714285714285,1.0,2025-06,Monday
O00696,2025-09-12,WH-South,Night,Packing,E,A078,26,12.67,329.3,0,0.0,0,26,7.13,3.6465638148667603,0.0,1.0,2025-09,Friday
O00697,2025-02-22,WH-North,Night,Packing,A,A026,18,9.33,168.0,3,88.5,1,16,8.42,2.137767220902613,0.05555555555555555,0.8888888888888888,2025-02,Saturday
O00698,2025-11-26,WH-East,Afternoon,Packing,E,A066,21,13.48,283.1,0,0.0,2,21,6.65,3.1578947368421053,0.09523809523809523,1.0,2025-11,Wednesday
O00699,2025-06-14,WH-West,Afternoon,Picking,C,A068,19,15.48,294.1,1,18.5,0,19,7.31,2.5991792065663475,0.0,1.0,2025-06,Saturday
O00700,2025-04-13,WH-South,Morning,Packing,E,A070,17,9.8,166.6,1,11.9,0,17,7.69,2.2106631989596877,0.0,1.0,2025-04,Sunday
O00701,2025-06-08,WH-South,Night,Picking,D,A048,19,14.23,270.4,2,58.5,0,18,8.37,2.2700119474313025,0.0,0.9473684210526315,2025-06,Sunday
O00702,2025-08-19,WH-West,Morning,Sorting,A,A013,24,7.13,171.2,1,29.7,1,24,8.74,2.745995423340961,0.041666666666666664,1.0,2025-08,Tuesday
O00703,2025-10-09,WH-South,Night,Picking,E,A008,20,13.25,265.1,0,0.0,1,20,8.71,2.296211251435132,0.05,1.0,2025-10,Thursday
O00704,2025-06-28,WH-West,Afternoon,Packing,B,A054,18,7.84,141.1,0,0.0,0,18,7.07,2.545968882602546,0.0,1.0,2025-06,Saturday
O00705,2025-07-26,WH-South,Morning,Dispatch,D,A066,24,11.37,272.9,0,0.0,0,24,7.95,3.0188679245283017,0.0,1.0,2025-07,Saturday
O00706,2025-08-13,WH-West,Morning,Picking,A,A018,10,12.4,124.0,1,15.7,0,10,8.95,1.11731843575419,0.0,1.0,2025-08,Wednesday
O00707,2025-06-29,WH-South,Afternoon,Sorting,A,A023,16,6.18,98.9,1,11.7,0,16,6.59,2.4279210925644916,0.0,1.0,2025-06,Sunday
O00708,2025-12-09,WH-North,Afternoon,Picking,A,A018,28,11.88,332.7,3,80.8,0,26,8.59,3.2596041909196742,0.0,0.9285714285714286,2025-12,Tuesday
O00709,2025-02-25,WH-East,Afternoon,Dispatch,A,A041,7,12.82,89.7,2,36.6,1,6,7.49,0.9345794392523364,0.14285714285714285,0.8571428571428571,2025-02,Tuesday
O00710,2025-12-15,WH-North,Night,Dispatch,A,A052,17,9.91,168.5,1,9.2,1,17,7.54,2.2546419098143238,0.058823529411764705,1.0,2025-12,Monday
O00711,2025-09-09,WH-South,Afternoon,Picking,C,A052,17,14.11,239.9,1,27.2,0,17,6.55,2.595419847328244,0.0,1.0,2025-09,Tuesday
O00712,2025-07-17,WH-South,Night,Packing,B,A075,20,9.7,193.9,2,32.5,1,19,7.74,2.5839793281653747,0.05,0.95,2025-07,Thursday
O00713,2025-11-03,WH-North,Morning,Packing,E,A018,20,14.15,283.0,2,47.5,0,19,7.03,2.844950213371266,0.0,0.95,2025-11,Monday
O00714,2025-02-20,WH-South,Morning,Picking,C,A080,13,13.33,173.3,2,21.2,0,12,8.77,1.4823261117445838,0.0,0.9230769230769231,2025-02,Thursday
O00715,2025-06-06,WH-East,Morning,Packing,B,A079,20,10.09,201.7,2,27.5,0,19,7.33,2.728512960436562,0.0,0.95,2025-06,Friday
O00716,2025-10-10,WH-East,Afternoon,Dispatch,D,A018,17,11.09,188.6,1,19.1,0,17,8.32,2.043269230769231,0.0,1.0,2025-10,Friday
O00717,2025-06-08,WH-North,Afternoon,Picking,A,A066,21,13.74,288.6,1,20.9,0,21,8.68,2.4193548387096775,0.0,1.0,2025-06,Sunday
O00718,2025-08-23,WH-North,Morning,Packing,E,A065,26,8.78,228.2,2,31.9,1,25,8.03,3.2378580323785804,0.038461538461538464,0.9615384615384616,2025-08,Saturday
O00719,2025-12-05,WH-West,Morning,Dispatch,B,A049,23,7.18,165.2,1,26.2,0,23,6.77,3.397341211225997,0.0,1.0,2025-12,Friday
O00720,2025-11-21,WH-North,Night,Packing,C,A031,20,6.3,125.9,3,79.8,1,18,8.55,2.3391812865497075,0.05,0.9,2025-11,Friday
O00721,2025-10-13,WH-West,Morning,Sorting,B,A051,18,9.82,176.8,0,0.0,0,18,8.89,2.02474690663667,0.0,1.0,2025-10,Monday
O00722,2025-12-24,WH-North,Morning,Packing,A,A079,19,7.55,143.5,1,15.3,0,19,6.87,2.7656477438136826,0.0,1.0,2025-12,Wednesday
O00723,2025-10-08,WH-North,Afternoon,Picking,B,A041,13,13.65,177.4,2,37.5,0,12,8.22,1.581508515815085,0.0,0.9230769230769231,2025-10,Wednesday
O00724,2025-06-17,WH-South,Morning,Packing,B,A040,11,12.19,134.1,4,65.5,0,8,7.42,1.482479784366577,0.0,0.7272727272727273,2025-06,Tuesday
O00725,2025-10-21,WH-West,Morning,Dispatch,A,A015,12,10.73,128.8,0,0.0,0,12,8.64,1.3888888888888888,0.0,1.0,2025-10,Tuesday
O00726,2025-01-10,WH-North,Night,Dispatch,C,A060,19,12.38,235.2,3,79.9,0,17,7.5,2.533333333333333,0.0,0.8947368421052632,2025-01,Friday
O00727,2025-06-01,WH-East,Morning,Dispatch,A,A059,20,12.69,253.7,0,0.0,1,20,7.91,2.5284450063211126,0.05,1.0,2025-06,Sunday
O00728,2025-04-19,WH-North,Morning,Picking,E,A002,16,17.21,275.4,1,14.0,0,16,8.36,1.9138755980861246,0.0,1.0,2025-04,Saturday
O00729,2025-11-05,WH-West,Night,Picking,C,A004,23,14.57,335.2,2,28.6,0,22,7.64,3.010471204188482,0.0,0.9565217391304348,2025-11,Wednesday
O00730,2025-07-08,WH-East,Afternoon,Sorting,B,A056,15,6.32,94.7,1,18.5,2,15,8.32,1.8028846153846154,0.13333333333333333,1.0,2025-07,Tuesday
O00731,2025-03-28,WH-South,Night,Picking,B,A077,13,13.31,173.1,1,8.4,0,13,8.24,1.5776699029126213,0.0,1.0,2025-03,Friday
O00732,2025-04-21,WH-North,Morning,Picking,B,A047,23,10.97,252.4,0,0.0,1,23,7.32,3.14207650273224,0.043478260869565216,1.0,2025-04,Monday
O00733,2025-10-02,WH-South,Morning,Picking,C,A007,22,10.31,226.8,0,0.0,0,22,6.84,3.216374269005848,0.0,1.0,2025-10,Thursday
O00734,2025-09-11,WH-South,Afternoon,Sorting,C,A062,7,10.64,74.5,1,25.5,0,7,7.63,0.9174311926605505,0.0,1.0,2025-09,Thursday
O00735,2025-02-24,WH-East,Morning,Picking,A,A026,13,12.32,160.1,0,0.0,1,13,7.06,1.841359773371105,0.07692307692307693,1.0,2025-02,Monday
O00736,2025-01-28,WH-East,Afternoon,Dispatch,C,A064,17,14.78,251.2,1,20.6,1,17,7.5,2.2666666666666666,0.058823529411764705,1.0,2025-01,Tuesday
O00737,2025-10-12,WH-East,Afternoon,Picking,C,A018,19,14.61,277.5,3,86.9,1,17,7.24,2.6243093922651934,0.05263157894736842,0.8947368421052632,2025-10,Sunday
O00738,2025-11-07,WH-South,Afternoon,Packing,C,A039,10,7.87,78.7,1,20.5,0,10,6.52,1.5337423312883436,0.0,1.0,2025-11,Friday
O00739,2025-12-17,WH-North,Morning,Picking,A,A009,18,11.28,203.0,0,0.0,0,18,7.06,2.54957507082153,0.0,1.0,2025-12,Wednesday
O00740,2025-11-08,WH-West,Night,Dispatch,D,A031,18,9.92,178.6,1,9.7,1,18,8.51,2.1151586368977675,0.05555555555555555,1.0,2025-11,Saturday
O00741,2025-08-19,WH-South,Afternoon,Packing,B,A057,18,7.43,133.7,1,20.4,0,18,8.87,2.0293122886133035,0.0,1.0,2025-08,Tuesday
O00742,2025-07-12,WH-West,Afternoon,Picking,E,A078,15,12.65,189.8,2,25.3,1,14,8.83,1.6987542468856172,0.06666666666666667,0.9333333333333333,2025-07,Saturday
O00743,2025-07-15,WH-North,Morning,Packing,D,A015,17,9.48,161.2,1,21.6,0,17,7.26,2.3415977961432506,0.0,1.0,2025-07,Tuesday
O00744,2025-09-15,WH-South,Night,Packing,C,A031,21,10.25,215.3,4,38.5,1,18,8.62,2.4361948955916475,0.047619047619047616,0.8571428571428571,2025-09,Monday
O00745,2025-06-27,WH-West,Morning,Picking,B,A007,18,14.42,259.6,0,0.0,1,18,8.29,2.1712907117008444,0.05555555555555555,1.0,2025-06,Friday
O00746,2025-01-17,WH-West,Afternoon,Packing,A,A071,21,6.71,140.9,1,12.5,0,21,6.53,3.215926493108729,0.0,1.0,2025-01,Friday
O00747,2025-09-20,WH-South,Afternoon,Packing,A,A059,16,6.65,106.4,1,29.8,0,16,6.82,2.3460410557184748,0.0,1.0,2025-09,Saturday
O00748,2025-12-13,WH-North,Night,Sorting,D,A055,21,6.63,139.2,1,11.6,2,21,6.74,3.115727002967359,0.09523809523809523,1.0,2025-12,Saturday
O00749,2025-03-10,WH-West,Morning,Sorting,B,A047,16,6.21,99.3,2,57.8,0,15,6.74,2.373887240356083,0.0,0.9375,2025-03,Monday
O00750,2025-10-03,WH-West,Afternoon,Picking,D,A027,17,10.86,184.6,1,26.8,1,17,8.03,2.1170610211706102,0.058823529411764705,1.0,2025-10,Friday
O00751,2025-12-11,WH-West,Afternoon,Sorting,D,A017,14,6.24,87.3,1,20.8,1,14,8.67,1.6147635524798154,0.07142857142857142,1.0,2025-12,Thursday
O00752,2025-06-18,WH-South,Morning,Sorting,B,A074,21,9.8,205.9,1,14.2,0,21,6.61,3.177004538577912,0.0,1.0,2025-06,Wednesday
O00753,2025-12-26,WH-West,Night,Sorting,A,A019,15,11.91,178.6,0,0.0,0,15,8.17,1.8359853121175032,0.0,1.0,2025-12,Friday
O00754,2025-07-08,WH-East,Night,Picking,B,A064,18,13.94,250.9,2,26.2,1,17,8.66,2.0785219399538106,0.05555555555555555,0.9444444444444444,2025-07,Tuesday
O00755,2025-06-06,WH-West,Morning,Sorting,C,A001,13,5.0,65.0,1,15.7,1,13,6.67,1.949025487256372,0.07692307692307693,1.0,2025-06,Friday
O00756,2025-05-18,WH-East,Afternoon,Picking,C,A080,22,11.36,250.0,2,52.7,1,21,7.94,2.7707808564231735,0.045454545454545456,0.9545454545454546,2025-05,Sunday
O00757,2025-08-11,WH-East,Morning,Packing,B,A004,12,8.85,106.2,3,32.0,0,10,7.14,1.680672268907563,0.0,0.8333333333333334,2025-08,Monday
O00758,2025-01-16,WH-West,Afternoon,Dispatch,E,A015,18,12.02,216.3,2,21.7,1,17,7.97,2.258469259723965,0.05555555555555555,0.9444444444444444,2025-01,Thursday
O00759,2025-11-02,WH-East,Night,Sorting,E,A041,23,5.0,115.0,0,0.0,0,23,7.89,2.915082382762991,0.0,1.0,2025-11,Sunday
O00760,2025-10-05,WH-West,Morning,Picking,A,A074,18,12.95,233.0,0,0.0,0,18,7.2,2.5,0.0,1.0,2025-10,Sunday
O00761,2025-01-10,WH-East,Morning,Sorting,C,A070,29,12.37,358.7,1,21.0,1,29,8.11,3.5758323057953145,0.034482758620689655,1.0,2025-01,Friday
O00762,2025-08-13,WH-West,Morning,Sorting,B,A030,23,5.0,115.0,1,18.9,0,23,8.89,2.587176602924634,0.0,1.0,2025-08,Wednesday
O00763,2025-08-04,WH-East,Afternoon,Sorting,D,A004,17,10.87,184.7,0,0.0,0,17,7.01,2.425106990014265,0.0,1.0,2025-08,Monday
O00764,2025-04-25,WH-North,Morning,Packing,B,A044,15,9.28,139.3,1,8.6,0,15,7.04,2.1306818181818183,0.0,1.0,2025-04,Friday
O00765,2025-02-04,WH-West,Night,Picking,D,A061,19,16.66,316.6,1,13.3,0,19,8.91,2.132435465768799,0.0,1.0,2025-02,Tuesday
O00766,2025-11-27,WH-South,Afternoon,Picking,C,A015,15,14.68,220.2,0,0.0,1,15,8.81,1.70261066969353,0.06666666666666667,1.0,2025-11,Thursday
O00767,2025-07-16,WH-East,Afternoon,Sorting,B,A077,18,9.98,179.7,0,0.0,0,18,8.14,2.211302211302211,0.0,1.0,2025-07,Wednesday
O00768,2025-11-26,WH-North,Morning,Packing,A,A036,21,9.26,194.4,2,41.1,1,20,7.98,2.631578947368421,0.047619047619047616,0.9523809523809523,2025-11,Wednesday
O00769,2025-11-16,WH-South,Afternoon,Sorting,D,A031,20,10.64,212.7,2,56.8,1,19,7.14,2.801120448179272,0.05,0.95,2025-11,Sunday
O00770,2025-05-14,WH-East,Night,Packing,C,A063,20,10.87,217.3,3,81.7,2,18,8.18,2.444987775061125,0.1,0.9,2025-05,Wednesday
O00771,2025-12-18,WH-West,Morning,Dispatch,D,A067,17,11.74,199.6,1,14.0,0,17,7.54,2.2546419098143238,0.0,1.0,2025-12,Thursday
O00772,2025-06-21,WH-North,Morning,Picking,D,A038,19,11.05,209.9,2,47.4,0,18,7.47,2.5435073627844713,0.0,0.9473684210526315,2025-06,Saturday
O00773,2025-12-01,WH-North,Afternoon,Sorting,A,A005,16,10.4,166.5,0,0.0,1,16,6.58,2.43161094224924,0.0625,1.0,2025-12,Monday
O00774,2025-08-30,WH-North,Morning,Picking,B,A032,29,16.05,465.5,1,20.1,1,29,7.04,4.119318181818182,0.034482758620689655,1.0,2025-08,Saturday
O00775,2025-07-26,WH-South,Afternoon,Sorting,D,A003,19,9.06,172.1,1,15.3,0,19,7.29,2.606310013717421,0.0,1.0,2025-07,Saturday
O00776,2025-04-20,WH-West,Afternoon,Dispatch,D,A024,22,12.34,271.5,1,25.4,0,22,7.23,3.0428769017980635,0.0,1.0,2025-04,Sunday
O00777,2025-12-19,WH-South,Afternoon,Dispatch,C,A069,17,11.06,188.0,2,58.1,0,16,8.12,2.0935960591133007,0.0,0.9411764705882353,2025-12,Friday
O00778,2025-01-21,WH-West,Afternoon,Packing,D,A058,18,13.08,235.4,4,71.3,0,15,8.15,2.2085889570552144,0.0,0.8333333333333334,2025-01,Tuesday
O00779,2025-12-18,WH-West,Afternoon,Dispatch,A,A030,22,11.09,244.0,2,17.0,0,21,7.42,2.964959568733154,0.0,0.9545454545454546,2025-12,Thursday
O00780,2025-04-24,WH-North,Afternoon,Picking,E,A045,28,19.06,533.8,2,37.9,0,27,7.95,3.5220125786163523,0.0,0.9642857142857143,2025-04,Thursday
O00781,2025-12-03,WH-North,Afternoon,Picking,A,A055,27,14.21,383.7,3,71.8,1,25,8.49,3.1802120141342756,0.037037037037037035,0.9259259259259259,2025-12,Wednesday
O00782,2025-09-03,WH-South,Morning,Picking,B,A055,20,15.71,314.3,0,0.0,0,20,6.82,2.932551319648094,0.0,1.0,2025-09,Wednesday
O00783,2025-07-17,WH-East,Afternoon,Sorting,B,A028,17,8.94,151.9,2,17.1,0,16,6.85,2.4817518248175183,0.0,0.9411764705882353,2025-07,Thursday
O00784,2025-10-03,WH-North,Morning,Sorting,E,A027,9,8.6,77.4,2,34.8,0,8,7.73,1.1642949547218628,0.0,0.8888888888888888,2025-10,Friday
O00785,2025-06-05,WH-South,Afternoon,Sorting,C,A029,20,10.52,210.4,2,36.3,0,19,7.86,2.544529262086514,0.0,0.95,2025-06,Thursday
O00786,2025-05-08,WH-North,Morning,Dispatch,D,A077,22,8.78,193.1,0,0.0,1,22,7.88,2.7918781725888326,0.045454545454545456,1.0,2025-05,Thursday
O00787,2025-08-21,WH-West,Night,Picking,E,A001,16,12.93,206.9,2,27.0,0,15,7.02,2.2792022792022792,0.0,0.9375,2025-08,Thursday
O00788,2025-03-18,WH-North,Night,Picking,E,A016,19,13.77,261.6,0,0.0,0,19,8.01,2.3720349563046192,0.0,1.0,2025-03,Tuesday
O00789,2025-01-07,WH-East,Morning,Picking,D,A038,20,14.35,287.1,0,0.0,0,20,8.76,2.2831050228310503,0.0,1.0,2025-01,Tuesday
O00790,2025-03-07,WH-East,Afternoon,Picking,A,A009,12,12.62,151.5,0,0.0,0,12,7.87,1.5247776365946633,0.0,1.0,2025-03,Friday
O00791,2025-08-31,WH-North,Morning,Dispatch,D,A063,18,9.76,175.7,0,0.0,1,18,8.33,2.1608643457382954,0.05555555555555555,1.0,2025-08,Sunday
O00792,2025-11-04,WH-South,Morning,Dispatch,B,A031,14,14.61,204.6,1,17.7,0,14,8.59,1.6298020954598371,0.0,1.0,2025-11,Tuesday
O00793,2025-10-29,WH-West,Morning,Sorting,D,A061,16,5.0,80.0,3,57.7,0,14,8.5,1.8823529411764706,0.0,0.875,2025-10,Wednesday
O00794,2025-06-28,WH-West,Night,Picking,E,A061,23,13.67,314.5,0,0.0,1,23,8.5,2.7058823529411766,0.043478260869565216,1.0,2025-06,Saturday
O00795,2025-08-03,WH-North,Night,Sorting,B,A004,21,10.04,210.9,2,56.6,2,20,7.1,2.9577464788732395,0.09523809523809523,0.9523809523809523,2025-08,Sunday
O00796,2025-10-25,WH-South,Morning,Picking,C,A029,16,11.72,187.5,1,23.9,0,16,7.28,2.1978021978021975,0.0,1.0,2025-10,Saturday
O00797,2025-09-11,WH-West,Afternoon,Picking,D,A074,20,12.29,245.8,2,40.0,0,19,7.63,2.6212319790301444,0.0,0.95,2025-09,Thursday
O00798,2025-01-18,WH-West,Morning,Sorting,B,A005,18,10.0,180.1,1,25.4,0,18,8.56,2.102803738317757,0.0,1.0,2025-01,Saturday
O00799,2025-07-12,WH-South,Morning,Dispatch,C,A012,18,15.18,273.2,0,0.0,0,18,6.52,2.7607361963190185,0.0,1.0,2025-07,Saturday
O00800,2025-08-17,WH-South,Morning,Sorting,E,A065,18,8.29,149.2,3,60.0,0,16,7.61,2.3653088042049935,0.0,0.8888888888888888,2025-08,Sunday
O00801,2025-11-14,WH-East,Afternoon,Packing,C,A079,23,9.33,214.5,2,34.6,0,22,8.76,2.625570776255708,0.0,0.9565217391304348,2025-11,Friday
O00802,2025-08-11,WH-North,Afternoon,Picking,A,A028,20,14.17,283.5,0,0.0,0,20,8.64,2.314814814814815,0.0,1.0,2025-08,Monday
O00803,2025-04-26,WH-North,Night,Packing,E,A042,13,7.68,99.8,3,62.1,0,11,7.51,1.7310252996005326,0.0,0.8461538461538461,2025-04,Saturday
O00804,2025-11-04,WH-North,Afternoon,Dispatch,B,A053,22,14.83,326.3,2,20.9,0,21,8.24,2.6699029126213594,0.0,0.9545454545454546,2025-11,Tuesday
O00805,2025-12-29,WH-South,Afternoon,Dispatch,B,A046,27,17.95,484.7,0,0.0,0,27,7.49,3.604806408544726,0.0,1.0,2025-12,Monday
O00806,2025-04-20,WH-East,Morning,Picking,E,A045,18,14.14,254.5,1,15.4,0,18,7.94,2.2670025188916876,0.0,1.0,2025-04,Sunday
O00807,2025-11-01,WH-North,Morning,Picking,E,A034,16,17.3,276.8,2,35.9,0,15,6.68,2.3952095808383236,0.0,0.9375,2025-11,Saturday
O00808,2025-01-12,WH-South,Afternoon,Packing,C,A068,13,6.66,86.5,3,80.8,1,11,6.81,1.9089574155653453,0.07692307692307693,0.8461538461538461,2025-01,Sunday
O00809,2025-04-21,WH-South,Morning,Picking,D,A043,15,11.64,174.5,1,17.8,0,15,7.22,2.0775623268698062,0.0,1.0,2025-04,Monday
O00810,2025-05-11,WH-West,Morning,Dispatch,D,A014,18,11.97,215.5,0,0.0,1,18,7.78,2.313624678663239,0.05555555555555555,1.0,2025-05,Sunday
O00811,2025-02-21,WH-South,Night,Packing,E,A053,24,11.76,282.1,2,25.5,1,23,7.46,3.2171581769436997,0.041666666666666664,0.9583333333333334,2025-02,Friday
O00812,2025-12-26,WH-South,Morning,Sorting,D,A027,12,7.03,84.4,4,51.1,1,9,7.27,1.6506189821182944,0.08333333333333333,0.75,2025-12,Friday
O00813,2025-03-28,WH-East,Morning,Picking,B,A039,19,13.29,252.5,1,14.2,0,19,6.86,2.769679300291545,0.0,1.0,2025-03,Friday
O00814,2025-07-17,WH-South,Morning,Packing,D,A045,23,5.6,128.8,2,55.0,0,22,7.46,3.0831099195710454,0.0,0.9565217391304348,2025-07,Thursday
O00815,2025-03-15,WH-South,Morning,Sorting,B,A045,10,8.62,86.2,2,29.1,1,9,9.0,1.1111111111111112,0.1,0.9,2025-03,Saturday
O00816,2025-09-08,WH-West,Morning,Picking,C,A036,23,16.22,373.0,0,0.0,0,23,7.08,3.248587570621469,0.0,1.0,2025-09,Monday
O00817,2025-05-25,WH-South,Afternoon,Picking,C,A003,18,12.77,229.9,1,28.8,0,18,6.65,2.706766917293233,0.0,1.0,2025-05,Sunday
O00818,2025-01-25,WH-North,Afternoon,Sorting,E,A016,15,6.43,96.5,1,11.7,0,15,6.95,2.158273381294964,0.0,1.0,2025-01,Saturday
O00819,2025-10-10,WH-North,Morning,Packing,B,A015,16,8.26,132.2,0,0.0,0,16,7.84,2.0408163265306123,0.0,1.0,2025-10,Friday
O00820,2025-06-11,WH-South,Morning,Packing,B,A037,15,10.38,155.7,2,41.1,0,14,6.98,2.148997134670487,0.0,0.9333333333333333,2025-06,Wednesday
O00821,2025-10-14,WH-East,Morning,Picking,D,A063,15,18.47,277.0,2,28.9,0,14,7.59,1.9762845849802373,0.0,0.9333333333333333,2025-10,Tuesday
O00822,2025-11-17,WH-South,Night,Picking,E,A015,8,12.92,103.3,0,0.0,1,8,8.34,0.9592326139088729,0.125,1.0,2025-11,Monday
O00823,2025-12-19,WH-South,Afternoon,Sorting,B,A009,18,8.64,155.6,2,47.1,1,17,8.89,2.02474690663667,0.05555555555555555,0.9444444444444444,2025-12,Friday
O00824,2025-12-29,WH-North,Morning,Picking,C,A008,24,14.55,349.3,0,0.0,0,24,7.05,3.404255319148936,0.0,1.0,2025-12,Monday
O00825,2025-01-13,WH-East,Afternoon,Sorting,A,A024,21,5.07,106.5,2,48.2,0,20,7.62,2.7559055118110236,0.0,0.9523809523809523,2025-01,Monday
O00826,2025-01-11,WH-South,Morning,Picking,A,A040,21,15.72,330.2,0,0.0,2,21,8.85,2.3728813559322033,0.09523809523809523,1.0,2025-01,Saturday
O00827,2025-09-12,WH-South,Afternoon,Sorting,E,A040,16,5.85,93.7,1,28.0,0,16,8.51,1.8801410105757932,0.0,1.0,2025-09,Friday
O00828,2025-10-30,WH-South,Night,Picking,B,A030,22,14.37,316.2,2,41.9,1,21,6.73,3.2689450222882614,0.045454545454545456,0.9545454545454546,2025-10,Thursday
O00829,2025-06-02,WH-North,Afternoon,Packing,A,A048,16,11.3,180.8,4,101.8,0,13,8.07,1.9826517967781907,0.0,0.8125,2025-06,Monday
O00830,2025-09-14,WH-North,Night,Dispatch,C,A004,22,6.49,142.8,3,54.9,0,20,7.1,3.098591549295775,0.0,0.9090909090909091,2025-09,Sunday
O00831,2025-12-19,WH-South,Afternoon,Sorting,B,A041,14,7.27,101.7,1,16.8,0,14,6.64,2.108433734939759,0.0,1.0,2025-12,Friday
O00832,2025-07-11,WH-North,Night,Picking,E,A003,18,12.89,232.0,4,67.4,2,15,8.99,2.0022246941045605,0.1111111111111111,0.8333333333333334,2025-07,Friday
O00833,2025-11-04,WH-South,Afternoon,Picking,D,A021,19,10.15,192.9,2,23.8,0,18,8.34,2.278177458033573,0.0,0.9473684210526315,2025-11,Tuesday
O00834,2025-02-18,WH-South,Night,Packing,B,A035,21,11.0,231.1,2,50.0,0,20,8.26,2.542372881355932,0.0,0.9523809523809523,2025-02,Tuesday
O00835,2025-07-21,WH-South,Morning,Picking,A,A052,16,13.28,212.4,0,0.0,0,16,6.55,2.4427480916030535,0.0,1.0,2025-07,Monday
O00836,2025-04-20,WH-East,Night,Sorting,E,A010,28,6.32,176.9,4,80.2,0,25,8.69,3.222094361334868,0.0,0.8928571428571429,2025-04,Sunday
O00837,2025-08-28,WH-East,Afternoon,Picking,B,A066,24,13.41,321.7,1,23.3,1,24,8.16,2.941176470588235,0.041666666666666664,1.0,2025-08,Thursday
O00838,2025-03-13,WH-North,Afternoon,Packing,E,A028,17,12.95,220.1,0,0.0,1,17,8.27,2.055622732769045,0.058823529411764705,1.0,2025-03,Thursday
O00839,2025-04-28,WH-West,Morning,Dispatch,B,A030,10,12.8,128.0,1,10.3,0,10,8.76,1.1415525114155252,0.0,1.0,2025-04,Monday
O00840,2025-09-01,WH-South,Night,Dispatch,B,A018,24,13.74,329.8,1,28.0,2,24,7.32,3.278688524590164,0.08333333333333333,1.0,2025-09,Monday
O00841,2025-12-04,WH-East,Night,Picking,C,A014,21,9.35,196.4,1,24.7,0,21,8.69,2.416570771001151,0.0,1.0,2025-12,Thursday
O00842,2025-01-27,WH-North,Night,Packing,B,A007,20,8.73,174.6,3,50.1,2,18,8.52,2.347417840375587,0.1,0.9,2025-01,Monday
O00843,2025-11-15,WH-North,Morning,Packing,B,A052,21,9.33,195.9,0,0.0,2,21,8.48,2.4764150943396226,0.09523809523809523,1.0,2025-11,Saturday
O00844,2025-03-14,WH-North,Morning,Packing,C,A007,16,13.31,212.9,1,29.1,0,16,8.69,1.8411967779056388,0.0,1.0,2025-03,Friday
O00845,2025-03-29,WH-East,Afternoon,Packing,B,A007,19,11.41,216.8,0,0.0,0,19,7.13,2.6647966339410942,0.0,1.0,2025-03,Saturday
O00846,2025-02-14,WH-North,Morning,Picking,C,A053,13,12.63,164.2,3,41.3,2,11,8.49,1.5312131919905771,0.15384615384615385,0.8461538461538461,2025-02,Friday
O00847,2025-11-03,WH-East,Morning,Sorting,C,A042,13,5.6,72.9,2,36.8,1,12,8.47,1.53482880755608,0.07692307692307693,0.9230769230769231,2025-11,Monday
O00848,2025-05-03,WH-West,Morning,Sorting,A,A019,16,10.29,164.7,0,0.0,0,16,7.02,2.2792022792022792,0.0,1.0,2025-05,Saturday
O00849,2025-07-09,WH-East,Morning,Picking,A,A038,16,11.87,190.0,3,35.6,0,14,8.12,1.9704433497536948,0.0,0.875,2025-07,Wednesday
O00850,2025-09-07,WH-West,Afternoon,Sorting,A,A021,25,8.58,214.4,1,15.1,0,25,8.46,2.9550827423167845,0.0,1.0,2025-09,Sunday
O00851,2025-12-08,WH-North,Morning,Packing,C,A014,14,12.52,175.2,2,32.1,1,13,6.6,2.121212121212121,0.07142857142857142,0.9285714285714286,2025-12,Monday
O00852,2025-02-17,WH-West,Morning,Packing,B,A055,18,10.8,194.3,0,0.0,0,18,7.53,2.3904382470119523,0.0,1.0,2025-02,Monday
O00853,2025-02-18,WH-West,Night,Packing,D,A041,17,5.77,98.1,2,28.9,1,16,7.29,2.3319615912208507,0.058823529411764705,0.9411764705882353,2025-02,Tuesday
O00854,2025-08-25,WH-North,Afternoon,Picking,E,A009,19,15.99,303.8,0,0.0,0,19,8.98,2.1158129175946545,0.0,1.0,2025-08,Monday
O00855,2025-08-31,WH-West,Afternoon,Picking,B,A047,20,11.58,231.5,1,15.4,0,20,7.66,2.6109660574412534,0.0,1.0,2025-08,Sunday
O00856,2025-11-12,WH-North,Afternoon,Picking,D,A054,10,12.76,127.6,2,49.5,0,9,8.84,1.1312217194570136,0.0,0.9,2025-11,Wednesday
O00857,2025-01-16,WH-West,Night,Picking,A,A039,20,14.48,289.6,2,40.7,0,19,8.56,2.336448598130841,0.0,0.95,2025-01,Thursday
O00858,2025-07-28,WH-South,Afternoon,Picking,D,A076,10,17.8,178.0,3,79.3,1,8,6.6,1.5151515151515151,0.1,0.8,2025-07,Monday
O00859,2025-09-05,WH-West,Night,Packing,C,A002,17,11.9,202.3,1,8.3,0,17,7.53,2.2576361221779546,0.0,1.0,2025-09,Friday
O00860,2025-04-27,WH-West,Morning,Dispatch,A,A018,17,13.91,236.4,0,0.0,0,17,7.22,2.3545706371191137,0.0,1.0,2025-04,Sunday
O00861,2025-12-20,WH-West,Morning,Packing,E,A053,16,9.93,158.9,3,82.4,0,14,8.1,1.9753086419753088,0.0,0.875,2025-12,Saturday
O00862,2025-03-13,WH-West,Night,Picking,B,A053,8,13.68,109.4,0,0.0,0,8,8.22,0.97323600973236,0.0,1.0,2025-03,Thursday
O00863,2025-01-01,WH-North,Afternoon,Sorting,E,A024,16,6.95,111.2,1,25.4,0,16,6.99,2.28898426323319,0.0,1.0,2025-01,Wednesday
O00864,2025-05-19,WH-West,Morning,Picking,D,A002,22,19.16,421.4,0,0.0,1,22,7.34,2.997275204359673,0.045454545454545456,1.0,2025-05,Monday
O00865,2025-05-07,WH-North,Afternoon,Picking,A,A063,23,9.89,227.5,1,24.5,0,23,8.29,2.774427020506635,0.0,1.0,2025-05,Wednesday
O00866,2025-12-19,WH-East,Morning,Sorting,A,A015,18,5.0,90.0,0,0.0,0,18,8.9,2.0224719101123596,0.0,1.0,2025-12,Friday
O00867,2025-11-24,WH-East,Night,Picking,B,A076,12,17.89,214.7,0,0.0,0,12,7.83,1.5325670498084292,0.0,1.0,2025-11,Monday
O00868,2025-04-29,WH-South,Morning,Dispatch,D,A019,8,13.4,107.2,4,117.5,0,5,6.75,1.1851851851851851,0.0,0.625,2025-04,Tuesday
O00869,2025-10-26,WH-West,Afternoon,Sorting,E,A057,20,5.0,100.0,2,44.7,0,19,6.66,3.003003003003003,0.0,0.95,2025-10,Sunday
O00870,2025-09-02,WH-East,Morning,Dispatch,D,A062,19,17.05,324.0,0,0.0,0,19,7.77,2.4453024453024454,0.0,1.0,2025-09,Tuesday
O00871,2025-09-25,WH-North,Afternoon,Packing,D,A079,18,10.72,193.0,1,24.1,1,18,8.93,2.015677491601344,0.05555555555555555,1.0,2025-09,Thursday
O00872,2025-04-01,WH-East,Night,Sorting,B,A001,12,11.53,138.4,3,45.8,0,10,7.37,1.6282225237449117,0.0,0.8333333333333334,2025-04,Tuesday
O00873,2025-10-24,WH-South,Morning,Packing,B,A022,16,8.91,142.5,1,26.5,0,16,7.31,2.188782489740082,0.0,1.0,2025-10,Friday
O00874,2025-11-08,WH-North,Morning,Picking,D,A050,15,13.9,208.5,2,29.7,0,14,8.17,1.8359853121175032,0.0,0.9333333333333333,2025-11,Saturday
O00875,2025-09-15,WH-South,Night,Packing,E,A038,14,10.15,142.1,2,59.4,0,13,8.01,1.7478152309612984,0.0,0.9285714285714286,2025-09,Monday
O00876,2025-11-13,WH-West,Afternoon,Packing,E,A018,16,6.93,110.9,2,40.9,0,15,7.49,2.1361815754339117,0.0,0.9375,2025-11,Thursday
O00877,2025-06-22,WH-East,Afternoon,Picking,D,A045,11,12.89,141.8,2,53.9,0,10,6.84,1.608187134502924,0.0,0.9090909090909091,2025-06,Sunday
O00878,2025-04-25,WH-North,Night,Picking,B,A011,19,13.32,253.2,2,34.1,1,18,8.46,2.2458628841607564,0.05263157894736842,0.9473684210526315,2025-04,Friday
O00879,2025-11-04,WH-West,Morning,Dispatch,A,A059,22,12.6,277.3,0,0.0,0,22,7.47,2.9451137884872827,0.0,1.0,2025-11,Tuesday
O00880,2025-02-22,WH-North,Morning,Picking,D,A054,14,11.58,162.1,0,0.0,1,14,8.29,1.6887816646562124,0.07142857142857142,1.0,2025-02,Saturday
O00881,2025-03-13,WH-South,Morning,Picking,B,A057,15,15.66,234.9,1,20.7,0,15,6.82,2.19941348973607,0.0,1.0,2025-03,Thursday
O00882,2025-01-09,WH-South,Afternoon,Dispatch,D,A027,15,13.52,202.7,0,0.0,1,15,8.12,1.8472906403940887,0.06666666666666667,1.0,2025-01,Thursday
O00883,2025-09-03,WH-West,Afternoon,Dispatch,D,A026,19,9.83,186.8,0,0.0,0,19,6.7,2.835820895522388,0.0,1.0,2025-09,Wednesday
O00884,2025-07-30,WH-South,Morning,Picking,D,A043,21,13.57,284.9,2,48.8,0,20,8.2,2.5609756097560976,0.0,0.9523809523809523,2025-07,Wednesday
O00885,2025-04-06,WH-West,Morning,Packing,B,A045,17,9.07,154.2,0,0.0,1,17,6.52,2.607361963190184,0.058823529411764705,1.0,2025-04,Sunday
O00886,2025-09-23,WH-North,Afternoon,Sorting,E,A029,26,5.0,130.0,1,18.6,0,26,8.01,3.2459425717852683,0.0,1.0,2025-09,Tuesday
O00887,2025-09-12,WH-East,Morning,Picking,D,A035,15,11.88,178.2,2,25.3,0,14,8.8,1.7045454545454544,0.0,0.9333333333333333,2025-09,Friday
O00888,2025-02-01,WH-East,Afternoon,Picking,D,A009,21,16.05,337.0,0,0.0,1,21,6.84,3.0701754385964914,0.047619047619047616,1.0,2025-02,Saturday
O00889,2025-09-06,WH-North,Afternoon,Picking,B,A035,24,13.49,323.7,1,11.7,1,24,7.88,3.0456852791878175,0.041666666666666664,1.0,2025-09,Saturday
O00890,2025-12-28,WH-West,Afternoon,Picking,D,A015,11,17.53,192.9,1,8.5,0,11,7.77,1.4157014157014158,0.0,1.0,2025-12,Sunday
O00891,2025-04-27,WH-West,Night,Packing,B,A075,17,10.18,173.0,4,32.5,0,14,7.91,2.1491782553729455,0.0,0.8235294117647058,2025-04,Sunday
O00892,2025-10-16,WH-North,Night,Picking,D,A001,12,14.07,168.8,5,113.4,0,8,7.41,1.6194331983805668,0.0,0.6666666666666666,2025-10,Thursday
O00893,2025-06-14,WH-South,Afternoon,Sorting,C,A012,15,8.89,133.4,3,36.8,0,13,8.33,1.800720288115246,0.0,0.8666666666666667,2025-06,Saturday
O00894,2025-06-07,WH-East,Afternoon,Sorting,E,A020,17,7.07,120.1,2,38.9,2,16,6.91,2.460202604920405,0.11764705882352941,0.9411764705882353,2025-06,Saturday
O00895,2025-04-28,WH-West,Afternoon,Dispatch,A,A013,18,16.42,295.6,0,0.0,0,18,8.54,2.107728337236534,0.0,1.0,2025-04,Monday
O00896,2025-08-03,WH-East,Night,Picking,C,A045,19,9.1,173.0,0,0.0,0,19,8.48,2.240566037735849,0.0,1.0,2025-08,Sunday
O00897,2025-07-26,WH-South,Morning,Packing,A,A044,26,7.86,204.4,0,0.0,0,26,7.54,3.4482758620689653,0.0,1.0,2025-07,Saturday
O00898,2025-02-13,WH-East,Morning,Sorting,C,A051,17,7.32,124.4,0,0.0,2,17,8.47,2.007083825265643,0.11764705882352941,1.0,2025-02,Thursday
O00899,2025-03-13,WH-North,Night,Dispatch,B,A012,18,14.46,260.3,1,12.6,1,18,8.06,2.2332506203473943,0.05555555555555555,1.0,2025-03,Thursday
O00900,2025-12-13,WH-East,Night,Dispatch,E,A053,22,11.42,251.2,3,78.7,0,20,6.65,3.308270676691729,0.0,0.9090909090909091,2025-12,Saturday
O00901,2025-04-07,WH-North,Night,Packing,E,A065,25,7.29,182.4,4,55.6,0,22,8.38,2.9832935560859184,0.0,0.88,2025-04,Monday
O00902,2025-11-14,WH-West,Afternoon,Packing,D,A050,24,7.38,177.2,1,12.3,1,24,6.87,3.493449781659389,0.041666666666666664,1.0,2025-11,Friday
O00903,2025-05-17,WH-West,Afternoon,Packing,A,A064,20,5.74,114.8,2,52.9,0,19,7.83,2.554278416347382,0.0,0.95,2025-05,Saturday
O00904,2025-05-14,WH-South,Night,Picking,E,A066,15,15.52,232.9,1,10.8,0,15,7.91,1.8963337547408343,0.0,1.0,2025-05,Wednesday
O00905,2025-06-23,WH-West,Afternoon,Picking,D,A056,19,12.67,240.7,1,8.4,1,19,7.16,2.653631284916201,0.05263157894736842,1.0,2025-06,Monday
O00906,2025-12-27,WH-West,Afternoon,Packing,C,A077,17,7.95,135.2,1,17.3,0,17,8.93,1.9036954087346025,0.0,1.0,2025-12,Saturday
O00907,2025-10-25,WH-East,Afternoon,Packing,E,A016,23,14.05,323.3,1,19.1,1,23,8.54,2.6932084309133493,0.043478260869565216,1.0,2025-10,Saturday
O00908,2025-08-08,WH-East,Afternoon,Picking,E,A004,13,12.7,165.1,0,0.0,0,13,8.8,1.477272727272727,0.0,1.0,2025-08,Friday
O00909,2025-09-28,WH-West,Night,Picking,D,A035,25,15.48,386.9,3,88.3,0,23,8.87,2.8184892897406995,0.0,0.92,2025-09,Sunday
O00910,2025-07-21,WH-North,Morning,Dispatch,C,A075,21,11.61,243.8,1,8.8,0,21,8.41,2.4970273483947683,0.0,1.0,2025-07,Monday
O00911,2025-08-19,WH-East,Afternoon,Dispatch,B,A018,19,10.53,200.1,1,17.3,0,19,6.61,2.874432677760968,0.0,1.0,2025-08,Tuesday
O00912,2025-12-21,WH-East,Afternoon,Packing,A,A004,17,8.12,138.1,3,35.7,0,15,8.95,1.8994413407821231,0.0,0.8823529411764706,2025-12,Sunday
O00913,2025-06-23,WH-North,Night,Packing,C,A054,13,7.87,102.4,1,17.2,0,13,6.88,1.8895348837209303,0.0,1.0,2025-06,Monday
O00914,2025-06-01,WH-West,Morning,Packing,C,A031,25,13.79,344.7,1,12.0,0,25,8.88,2.815315315315315,0.0,1.0,2025-06,Sunday
O00915,2025-10-14,WH-West,Morning,Sorting,D,A007,15,12.74,191.1,0,0.0,0,15,8.92,1.6816143497757847,0.0,1.0,2025-10,Tuesday
O00916,2025-11-06,WH-East,Morning,Picking,D,A077,23,13.62,313.4,0,0.0,0,23,8.94,2.5727069351230427,0.0,1.0,2025-11,Thursday
O00917,2025-12-31,WH-North,Morning,Picking,A,A032,19,13.68,259.8,0,0.0,1,19,7.92,2.3989898989898992,0.05263157894736842,1.0,2025-12,Wednesday
O00918,2025-05-22,WH-East,Night,Picking,B,A066,25,13.05,326.3,1,27.1,0,25,8.81,2.837684449489217,0.0,1.0,2025-05,Thursday
O00919,2025-01-21,WH-East,Morning,Packing,B,A069,26,8.06,209.7,0,0.0,2,26,8.03,3.2378580323785804,0.07692307692307693,1.0,2025-01,Tuesday
O00920,2025-03-28,WH-East,Night,Sorting,D,A017,16,7.44,119.1,0,0.0,0,16,8.79,1.820250284414107,0.0,1.0,2025-03,Friday
O00921,2025-11-20,WH-East,Morning,Sorting,C,A058,18,10.22,184.0,0,0.0,0,18,8.15,2.2085889570552144,0.0,1.0,2025-11,Thursday
O00922,2025-05-21,WH-South,Night,Picking,E,A035,17,14.2,241.4,1,9.0,0,17,6.97,2.4390243902439024,0.0,1.0,2025-05,Wednesday
O00923,2025-01-05,WH-West,Morning,Dispatch,C,A075,16,16.24,259.9,3,36.3,0,14,7.77,2.0592020592020592,0.0,0.875,2025-01,Sunday
O00924,2025-06-15,WH-South,Afternoon,Picking,C,A052,14,18.98,265.7,1,12.8,1,14,8.08,1.7326732673267327,0.07142857142857142,1.0,2025-06,Sunday
O00925,2025-05-18,WH-North,Afternoon,Picking,C,A006,23,14.79,340.1,3,51.2,1,21,6.77,3.397341211225997,0.043478260869565216,0.9130434782608695,2025-05,Sunday
O00926,2025-05-31,WH-West,Afternoon,Picking,A,A042,17,13.88,236.0,0,0.0,0,17,8.84,1.9230769230769231,0.0,1.0,2025-05,Saturday
O00927,2025-07-08,WH-North,Morning,Sorting,E,A054,20,8.15,163.0,0,0.0,0,20,8.67,2.306805074971165,0.0,1.0,2025-07,Tuesday
O00928,2025-11-06,WH-North,Morning,Picking,D,A009,21,9.57,200.9,2,58.2,0,20,8.35,2.51497005988024,0.0,0.9523809523809523,2025-11,Thursday
O00929,2025-05-20,WH-West,Afternoon,Packing,A,A047,19,11.05,209.9,2,49.9,0,18,8.05,2.3602484472049685,0.0,0.9473684210526315,2025-05,Tuesday
O00930,2025-05-28,WH-East,Night,Dispatch,C,A065,14,7.16,100.2,0,0.0,0,14,7.31,1.915184678522572,0.0,1.0,2025-05,Wednesday
O00931,2025-11-07,WH-East,Morning,Picking,A,A025,14,14.96,209.4,1,28.4,1,14,7.78,1.7994858611825193,0.07142857142857142,1.0,2025-11,Friday
O00932,2025-09-10,WH-East,Afternoon,Picking,A,A062,11,16.77,184.5,0,0.0,0,11,8.21,1.3398294762484773,0.0,1.0,2025-09,Wednesday
O00933,2025-02-11,WH-South,Afternoon,Packing,D,A042,9,7.44,67.0,1,14.8,0,9,8.66,1.0392609699769053,0.0,1.0,2025-02,Tuesday
O00934,2025-05-02,WH-West,Night,Dispatch,E,A075,16,8.99,143.9,4,49.4,0,13,8.17,1.9583843329253365,0.0,0.8125,2025-05,Friday
O00935,2025-03-07,WH-North,Night,Packing,A,A020,14,6.45,90.3,2,17.4,1,13,8.13,1.7220172201722015,0.07142857142857142,0.9285714285714286,2025-03,Friday
O00936,2025-08-18,WH-North,Afternoon,Packing,B,A036,22,11.2,246.4,1,25.7,0,22,8.53,2.579132473622509,0.0,1.0,2025-08,Monday
O00937,2025-11-01,WH-North,Morning,Sorting,C,A044,16,8.94,143.0,2,33.8,0,15,8.85,1.807909604519774,0.0,0.9375,2025-11,Saturday
O00938,2025-03-17,WH-North,Afternoon,Packing,A,A010,17,11.75,199.8,2,40.9,0,16,8.42,2.019002375296912,0.0,0.9411764705882353,2025-03,Monday
O00939,2025-02-07,WH-North,Night,Picking,D,A069,21,14.41,302.7,2,29.7,0,20,8.33,2.5210084033613445,0.0,0.9523809523809523,2025-02,Friday
O00940,2025-11-11,WH-East,Night,Sorting,E,A002,14,7.22,101.1,1,27.9,0,14,7.55,1.8543046357615895,0.0,1.0,2025-11,Tuesday
O00941,2025-04-20,WH-West,Morning,Sorting,A,A045,16,8.45,135.3,0,0.0,0,16,7.94,2.0151133501259446,0.0,1.0,2025-04,Sunday
O00942,2025-08-22,WH-West,Afternoon,Picking,D,A039,18,14.74,265.2,0,0.0,0,18,7.81,2.3047375160051216,0.0,1.0,2025-08,Friday
O00943,2025-12-19,WH-South,Night,Picking,C,A078,16,13.34,213.4,0,0.0,0,16,7.66,2.0887728459530024,0.0,1.0,2025-12,Friday
O00944,2025-06-02,WH-South,Afternoon,Picking,A,A028,20,10.45,209.0,2,43.1,0,19,8.45,2.366863905325444,0.0,0.95,2025-06,Monday
O00945,2025-06-21,WH-North,Morning,Picking,C,A073,23,13.03,299.7,1,28.4,0,23,7.43,3.095558546433378,0.0,1.0,2025-06,Saturday
O00946,2025-05-08,WH-East,Morning,Packing,C,A068,20,5.84,116.7,3,37.1,1,18,6.99,2.8612303290414878,0.05,0.9,2025-05,Thursday
O00947,2025-07-31,WH-East,Morning,Packing,B,A072,26,8.49,220.7,0,0.0,1,26,7.9,3.291139240506329,0.038461538461538464,1.0,2025-07,Thursday
O00948,2025-04-10,WH-North,Night,Picking,C,A076,23,10.08,231.8,1,9.0,0,23,6.63,3.469079939668175,0.0,1.0,2025-04,Thursday
O00949,2025-09-14,WH-East,Night,Sorting,A,A019,24,8.84,212.2,2,22.2,1,23,8.05,2.981366459627329,0.041666666666666664,0.9583333333333334,2025-09,Sunday
O00950,2025-06-05,WH-South,Morning,Picking,E,A026,18,12.4,223.2,1,13.6,1,18,7.49,2.403204272363151,0.05555555555555555,1.0,2025-06,Thursday
O00951,2025-09-29,WH-North,Night,Packing,D,A076,15,10.07,151.0,0,0.0,0,15,8.42,1.7814726840855106,0.0,1.0,2025-09,Monday
O00952,2025-01-02,WH-North,Night,Picking,C,A023,31,14.18,439.5,0,0.0,1,31,8.02,3.865336658354115,0.03225806451612903,1.0,2025-01,Thursday
O00953,2025-04-03,WH-North,Night,Picking,A,A063,19,15.74,299.0,4,104.7,3,16,7.44,2.553763440860215,0.15789473684210525,0.8421052631578947,2025-04,Thursday
O00954,2025-02-21,WH-North,Afternoon,Picking,D,A026,17,13.14,223.4,1,27.6,3,17,6.95,2.446043165467626,0.17647058823529413,1.0,2025-02,Friday
O00955,2025-09-16,WH-North,Night,Dispatch,D,A063,21,13.72,288.2,0,0.0,0,21,7.45,2.8187919463087248,0.0,1.0,2025-09,Tuesday
O00956,2025-03-01,WH-East,Afternoon,Packing,B,A049,20,7.25,145.0,0,0.0,0,20,7.98,2.506265664160401,0.0,1.0,2025-03,Saturday
O00957,2025-12-22,WH-East,Afternoon,Picking,C,A007,15,13.26,198.8,2,55.4,1,14,6.91,2.170767004341534,0.06666666666666667,0.9333333333333333,2025-12,Monday
O00958,2025-05-17,WH-North,Morning,Dispatch,B,A058,20,16.86,337.2,2,18.3,0,19,7.25,2.7586206896551726,0.0,0.95,2025-05,Saturday
O00959,2025-02-19,WH-North,Afternoon,Dispatch,B,A079,18,10.4,187.2,1,28.8,0,18,7.07,2.545968882602546,0.0,1.0,2025-02,Wednesday
O00960,2025-12-01,WH-East,Morning,Dispatch,C,A043,19,13.27,252.1,0,0.0,2,19,7.74,2.454780361757106,0.10526315789473684,1.0,2025-12,Monday
O00961,2025-06-07,WH-South,Morning,Sorting,E,A009,14,11.59,162.3,0,0.0,0,14,8.37,1.6726403823178018,0.0,1.0,2025-06,Saturday
O00962,2025-02-17,WH-South,Morning,Packing,E,A016,21,10.71,224.9,0,0.0,0,21,7.13,2.9453015427769986,0.0,1.0,2025-02,Monday
O00963,2025-03-22,WH-East,Morning,Dispatch,B,A043,15,15.18,227.6,0,0.0,2,15,8.2,1.829268292682927,0.13333333333333333,1.0,2025-03,Saturday
O00964,2025-08-04,WH-North,Morning,Packing,B,A001,16,13.24,211.8,1,10.1,0,16,8.55,1.871345029239766,0.0,1.0,2025-08,Monday
O00965,2025-06-10,WH-South,Morning,Dispatch,B,A006,23,13.63,313.5,1,13.3,0,23,7.35,3.1292517006802725,0.0,1.0,2025-06,Tuesday
O00966,2025-07-19,WH-East,Night,Sorting,C,A024,16,5.0,80.0,1,23.6,0,16,8.35,1.9161676646706587,0.0,1.0,2025-07,Saturday
O00967,2025-11-11,WH-North,Night,Dispatch,A,A066,12,10.4,124.8,4,35.2,0,9,7.47,1.606425702811245,0.0,0.75,2025-11,Tuesday
O00968,2025-10-14,WH-South,Morning,Picking,B,A072,25,11.98,299.4,1,14.9,1,25,6.81,3.671071953010279,0.04,1.0,2025-10,Tuesday
O00969,2025-06-28,WH-East,Morning,Picking,A,A036,19,12.0,228.0,0,0.0,0,19,6.84,2.7777777777777777,0.0,1.0,2025-06,Saturday
O00970,2025-06-18,WH-West,Morning,Packing,C,A032,17,9.96,169.2,0,0.0,0,17,6.9,2.463768115942029,0.0,1.0,2025-06,Wednesday
O00971,2025-07-30,WH-East,Night,Picking,C,A057,25,13.03,325.7,1,12.6,0,25,7.77,3.217503217503218,0.0,1.0,2025-07,Wednesday
O00972,2025-10-02,WH-South,Morning,Picking,C,A013,18,10.71,192.7,1,15.1,0,18,7.79,2.310654685494223,0.0,1.0,2025-10,Thursday
O00973,2025-09-03,WH-West,Afternoon,Picking,A,A011,16,13.95,223.2,2,27.2,1,15,8.17,1.9583843329253365,0.0625,0.9375,2025-09,Wednesday
O00974,2025-09-22,WH-North,Afternoon,Sorting,A,A062,19,9.6,182.4,1,29.2,0,19,7.14,2.6610644257703084,0.0,1.0,2025-09,Monday
O00975,2025-07-06,WH-South,Afternoon,Sorting,B,A067,25,6.98,174.6,1,20.8,1,25,7.68,3.2552083333333335,0.04,1.0,2025-07,Sunday
O00976,2025-03-10,WH-East,Morning,Picking,E,A031,13,15.34,199.5,0,0.0,0,13,6.96,1.867816091954023,0.0,1.0,2025-03,Monday
O00977,2025-10-31,WH-East,Morning,Sorting,B,A016,14,9.88,138.3,0,0.0,0,14,8.79,1.5927189988623438,0.0,1.0,2025-10,Friday
O00978,2025-03-18,WH-North,Morning,Picking,E,A030,11,13.04,143.5,3,88.1,0,9,8.91,1.2345679012345678,0.0,0.8181818181818182,2025-03,Tuesday
O00979,2025-05-06,WH-North,Afternoon,Packing,B,A023,16,10.17,162.7,1,22.4,0,16,8.21,1.9488428745432398,0.0,1.0,2025-05,Tuesday
O00980,2025-08-08,WH-West,Morning,Sorting,B,A026,17,8.94,151.9,0,0.0,0,17,7.49,2.2696929238985315,0.0,1.0,2025-08,Friday
O00981,2025-08-01,WH-North,Morning,Dispatch,A,A007,12,12.41,148.9,0,0.0,1,12,7.56,1.5873015873015874,0.08333333333333333,1.0,2025-08,Friday
O00982,2025-08-30,WH-South,Morning,Sorting,B,A059,15,6.14,92.2,0,0.0,0,15,8.88,1.689189189189189,0.0,1.0,2025-08,Saturday
O00983,2025-03-18,WH-South,Night,Sorting,B,A001,20,8.43,168.5,3,61.9,0,18,7.98,2.506265664160401,0.0,0.9,2025-03,Tuesday
O00984,2025-06-15,WH-East,Morning,Packing,A,A030,10,7.71,77.1,1,27.5,0,10,7.94,1.2594458438287153,0.0,1.0,2025-06,Sunday
O00985,2025-12-24,WH-East,Night,Picking,B,A025,17,15.09,256.5,0,0.0,0,17,8.09,2.1013597033374536,0.0,1.0,2025-12,Wednesday
O00986,2025-05-16,WH-North,Morning,Packing,E,A015,17,11.2,190.4,0,0.0,0,17,8.73,1.9473081328751431,0.0,1.0,2025-05,Friday
O00987,2025-04-26,WH-East,Night,Picking,C,A055,22,10.73,236.1,2,43.8,1,21,6.8,3.235294117647059,0.045454545454545456,0.9545454545454546,2025-04,Saturday
O00988,2025-07-30,WH-East,Afternoon,Packing,C,A044,17,10.47,177.9,1,19.9,1,17,7.48,2.2727272727272725,0.058823529411764705,1.0,2025-07,Wednesday
O00989,2025-02-19,WH-South,Morning,Packing,C,A012,17,12.75,216.8,0,0.0,0,17,6.54,2.599388379204893,0.0,1.0,2025-02,Wednesday
O00990,2025-08-30,WH-North,Night,Picking,D,A043,19,12.9,245.2,1,15.1,0,19,6.66,2.8528528528528527,0.0,1.0,2025-08,Saturday
O00991,2025-03-02,WH-North,Morning,Picking,C,A037,18,10.31,185.6,2,28.6,0,17,8.4,2.142857142857143,0.0,0.9444444444444444,2025-03,Sunday
O00992,2025-12-31,WH-South,Morning,Picking,D,A006,21,13.46,282.8,0,0.0,0,21,7.98,2.631578947368421,0.0,1.0,2025-12,Wednesday
O00993,2025-05-23,WH-North,Morning,Packing,A,A051,17,11.65,198.1,3,31.1,0,15,8.28,2.0531400966183577,0.0,0.8823529411764706,2025-05,Friday
O00994,2025-05-25,WH-West,Morning,Dispatch,A,A010,16,13.28,212.4,0,0.0,1,16,8.44,1.8957345971563981,0.0625,1.0,2025-05,Sunday
O00995,2025-07-20,WH-West,Night,Picking,E,A056,16,15.92,254.7,3,32.5,0,14,7.65,2.0915032679738563,0.0,0.875,2025-07,Sunday
O00996,2025-05-06,WH-North,Morning,Picking,A,A045,19,15.66,297.5,4,72.3,1,16,8.82,2.1541950113378685,0.05263157894736842,0.8421052631578947,2025-05,Tuesday
O00997,2025-11-09,WH-North,Night,Picking,A,A044,24,14.49,347.7,3,79.3,3,22,8.11,2.9593094944512948,0.125,0.9166666666666666,2025-11,Sunday
O00998,2025-02-08,WH-East,Afternoon,Picking,A,A022,11,11.28,124.1,1,27.7,1,11,8.94,1.2304250559284118,0.09090909090909091,1.0,2025-02,Saturday
O00999,2025-09-23,WH-West,Night,Packing,D,A015,14,14.71,206.0,0,0.0,0,14,8.73,1.6036655211912942,0.0,1.0,2025-09,Tuesday
O01000,2025-02-27,WH-South,Night,Sorting,D,A070,27,6.42,173.2,0,0.0,1,27,7.68,3.515625,0.037037037037037035,1.0,2025-02,Thursday
O01001,2025-02-18,WH-East,Morning,Dispatch,C,A077,24,5.18,124.2,0,0.0,0,24,7.01,3.4236804564907275,0.0,1.0,2025-02,Tuesday
O01002,2025-09-08,WH-East,Afternoon,Picking,A,A068,27,14.01,378.4,0,0.0,1,27,7.84,3.443877551020408,0.037037037037037035,1.0,2025-09,Monday
O01003,2025-12-01,WH-West,Afternoon,Picking,C,A023,10,15.78,157.8,0,0.0,0,10,6.89,1.451378809869376,0.0,1.0,2025-12,Monday
O01004,2025-02-26,WH-North,Morning,Packing,E,A080,13,11.45,148.9,0,0.0,0,13,7.49,1.7356475300400533,0.0,1.0,2025-02,Wednesday
O01005,2025-02-17,WH-South,Afternoon,Picking,D,A019,11,14.13,155.5,3,48.5,0,9,6.88,1.5988372093023255,0.0,0.8181818181818182,2025-02,Monday
O01006,2025-12-13,WH-East,Afternoon,Packing,A,A079,22,9.51,209.1,1,18.8,1,22,6.98,3.151862464183381,0.045454545454545456,1.0,2025-12,Saturday
O01007,2025-02-24,WH-North,Night,Dispatch,B,A052,21,13.19,276.9,2,18.4,1,20,7.15,2.937062937062937,0.047619047619047616,0.9523809523809523,2025-02,Monday
O01008,2025-11-02,WH-South,Night,Sorting,A,A049,20,10.09,201.7,0,0.0,3,20,8.42,2.375296912114014,0.15,1.0,2025-11,Sunday
O01009,2025-05-04,WH-South,Night,Dispatch,C,A038,25,13.15,328.7,1,28.6,1,25,7.25,3.4482758620689653,0.04,1.0,2025-05,Sunday
O01010,2025-10-25,WH-West,Night,Sorting,A,A030,16,10.28,164.5,0,0.0,0,16,8.08,1.9801980198019802,0.0,1.0,2025-10,Saturday
O01011,2025-03-30,WH-North,Morning,Packing,D,A039,9,8.27,74.5,2,17.8,0,8,8.52,1.0563380281690142,0.0,0.8888888888888888,2025-03,Sunday
O01012,2025-12-02,WH-South,Afternoon,Picking,E,A023,17,13.72,233.3,1,26.2,0,17,7.89,2.1546261089987326,0.0,1.0,2025-12,Tuesday
O01013,2025-03-30,WH-East,Afternoon,Picking,E,A061,18,8.69,156.5,1,21.8,0,18,6.93,2.5974025974025974,0.0,1.0,2025-03,Sunday
O01014,2025-07-30,WH-South,Afternoon,Picking,B,A051,17,13.74,233.6,2,55.3,0,16,7.86,2.162849872773537,0.0,0.9411764705882353,2025-07,Wednesday
O01015,2025-02-01,WH-South,Afternoon,Picking,D,A066,19,12.6,239.5,6,149.2,0,15,6.62,2.8700906344410875,0.0,0.7894736842105263,2025-02,Saturday
O01016,2025-03-01,WH-West,Morning,Packing,B,A002,14,9.57,133.9,1,17.1,0,14,7.51,1.8641810918774968,0.0,1.0,2025-03,Saturday
O01017,2025-08-17,WH-East,Morning,Picking,E,A046,16,15.58,249.2,0,0.0,1,16,8.1,1.9753086419753088,0.0625,1.0,2025-08,Sunday
O01018,2025-04-22,WH-South,Afternoon,Dispatch,A,A003,15,8.55,128.2,2,59.6,0,14,8.61,1.7421602787456447,0.0,0.9333333333333333,2025-04,Tuesday
O01019,2025-02-10,WH-North,Morning,Sorting,D,A075,17,7.95,135.1,0,0.0,0,17,8.57,1.9836639439906651,0.0,1.0,2025-02,Monday
O01020,2025-05-19,WH-East,Afternoon,Picking,A,A075,13,10.33,134.2,0,0.0,0,13,7.32,1.7759562841530054,0.0,1.0,2025-05,Monday
O01021,2025-05-15,WH-North,Morning,Packing,C,A046,21,12.1,254.1,3,53.2,0,19,6.79,3.0927835051546393,0.0,0.9047619047619048,2025-05,Thursday
O01022,2025-08-04,WH-North,Afternoon,Picking,B,A064,17,14.33,243.6,4,114.8,0,14,8.63,1.9698725376593278,0.0,0.8235294117647058,2025-08,Monday
O01023,2025-09-13,WH-South,Night,Packing,E,A027,14,9.88,138.3,2,59.2,0,13,7.98,1.7543859649122806,0.0,0.9285714285714286,2025-09,Saturday
O01024,2025-04-24,WH-West,Afternoon,Dispatch,D,A011,18,10.54,189.8,4,54.3,0,15,7.18,2.5069637883008355,0.0,0.8333333333333334,2025-04,Thursday
O01025,2025-02-28,WH-South,Afternoon,Picking,B,A075,20,16.52,330.4,0,0.0,1,20,7.73,2.5873221216041395,0.05,1.0,2025-02,Friday
O01026,2025-06-12,WH-South,Morning,Dispatch,E,A002,18,12.24,220.2,0,0.0,0,18,8.7,2.0689655172413794,0.0,1.0,2025-06,Thursday
O01027,2025-12-14,WH-East,Afternoon,Picking,D,A013,15,16.43,246.4,3,75.9,0,13,8.7,1.7241379310344829,0.0,0.8666666666666667,2025-12,Sunday
O01028,2025-12-12,WH-East,Afternoon,Picking,A,A022,16,17.49,279.8,1,8.5,0,16,7.71,2.0752269779507135,0.0,1.0,2025-12,Friday
O01029,2025-06-21,WH-West,Night,Picking,E,A070,17,13.17,223.9,2,19.6,1,16,6.63,2.5641025641025643,0.058823529411764705,0.9411764705882353,2025-06,Saturday
O01030,2025-06-24,WH-East,Afternoon,Dispatch,B,A075,12,12.99,155.8,0,0.0,0,12,8.89,1.3498312710911136,0.0,1.0,2025-06,Tuesday
O01031,2025-06-28,WH-North,Morning,Sorting,E,A072,15,8.69,130.3,1,15.8,0,15,7.47,2.0080321285140563,0.0,1.0,2025-06,Saturday
O01032,2025-01-20,WH-South,Morning,Picking,C,A045,19,10.91,207.3,1,28.5,1,19,6.97,2.72596843615495,0.05263157894736842,1.0,2025-01,Monday
O01033,2025-09-04,WH-South,Night,Picking,B,A016,19,11.95,227.0,0,0.0,0,19,6.77,2.806499261447563,0.0,1.0,2025-09,Thursday
O01034,2025-10-12,WH-East,Morning,Picking,E,A008,18,15.17,273.1,0,0.0,0,18,8.14,2.211302211302211,0.0,1.0,2025-10,Sunday
O01035,2025-05-18,WH-South,Morning,Packing,E,A055,19,12.71,241.5,0,0.0,0,19,8.57,2.2170361726954493,0.0,1.0,2025-05,Sunday
O01036,2025-12-23,WH-North,Afternoon,Dispatch,C,A052,18,11.94,214.9,2,39.6,1,17,7.52,2.393617021276596,0.05555555555555555,0.9444444444444444,2025-12,Tuesday
O01037,2025-10-11,WH-West,Afternoon,Picking,A,A059,16,15.44,247.1,2,29.6,0,15,8.29,1.9300361881785286,0.0,0.9375,2025-10,Saturday
O01038,2025-11-04,WH-East,Morning,Sorting,C,A073,14,7.63,106.8,4,38.3,0,11,7.23,1.9363762102351312,0.0,0.7857142857142857,2025-11,Tuesday
O01039,2025-10-20,WH-North,Morning,Packing,C,A034,25,8.04,200.9,2,50.9,1,24,7.03,3.5561877667140824,0.04,0.96,2025-10,Monday
O01040,2025-06-03,WH-South,Afternoon,Packing,E,A049,17,11.77,200.1,0,0.0,0,17,7.78,2.185089974293059,0.0,1.0,2025-06,Tuesday
O01041,2025-12-17,WH-East,Morning,Picking,A,A052,14,15.72,220.1,0,0.0,0,14,6.67,2.098950524737631,0.0,1.0,2025-12,Wednesday
O01042,2025-05-01,WH-East,Afternoon,Picking,C,A054,20,14.81,296.1,2,33.2,0,19,6.88,2.9069767441860463,0.0,0.95,2025-05,Thursday
O01043,2025-01-10,WH-East,Morning,Packing,C,A055,17,5.48,93.2,2,17.0,1,16,8.22,2.068126520681265,0.058823529411764705,0.9411764705882353,2025-01,Friday
O01044,2025-04-30,WH-East,Morning,Picking,D,A009,27,10.7,289.0,0,0.0,0,27,7.01,3.8516405135520686,0.0,1.0,2025-04,Wednesday
O01045,2025-02-01,WH-East,Afternoon,Picking,A,A030,10,11.33,113.3,0,0.0,0,10,8.29,1.2062726176115803,0.0,1.0,2025-02,Saturday
O01046,2025-02-03,WH-South,Afternoon,Picking,E,A079,16,13.43,214.9,0,0.0,0,16,7.77,2.0592020592020592,0.0,1.0,2025-02,Monday
O01047,2025-12-30,WH-East,Night,Dispatch,D,A021,14,18.02,252.2,5,115.6,0,10,7.1,1.971830985915493,0.0,0.7142857142857143,2025-12,Tuesday
O01048,2025-11-07,WH-North,Morning,Picking,D,A064,25,16.61,415.4,1,17.2,0,25,7.58,3.2981530343007917,0.0,1.0,2025-11,Friday
O01049,2025-01-21,WH-South,Afternoon,Sorting,E,A076,16,9.12,146.0,0,0.0,1,16,7.58,2.1108179419525066,0.0625,1.0,2025-01,Tuesday
O01050,2025-08-17,WH-East,Night,Picking,A,A008,13,14.8,192.4,2,46.6,1,12,7.15,1.8181818181818181,0.07692307692307693,0.9230769230769231,2025-08,Sunday
O01051,2025-01-21,WH-East,Afternoon,Packing,D,A073,20,10.3,206.0,0,0.0,1,20,8.13,2.460024600246002,0.05,1.0,2025-01,Tuesday
O01052,2025-10-18,WH-North,Night,Picking,D,A022,21,15.66,328.8,0,0.0,0,21,7.14,2.9411764705882355,0.0,1.0,2025-10,Saturday
O01053,2025-07-30,WH-East,Night,Sorting,C,A019,10,10.08,100.8,3,36.0,1,8,6.76,1.4792899408284024,0.1,0.8,2025-07,Wednesday
O01054,2025-02-09,WH-South,Morning,Packing,B,A069,19,11.33,215.2,1,27.1,0,19,7.84,2.423469387755102,0.0,1.0,2025-02,Sunday
O01055,2025-05-19,WH-East,Morning,Picking,C,A066,17,16.74,284.6,1,27.6,0,17,8.36,2.0334928229665072,0.0,1.0,2025-05,Monday
O01056,2025-04-17,WH-South,Night,Picking,B,A001,12,13.97,167.6,1,25.6,1,12,8.24,1.4563106796116505,0.08333333333333333,1.0,2025-04,Thursday
O01057,2025-03-14,WH-North,Night,Dispatch,E,A044,18,10.5,189.1,2,32.9,0,17,7.11,2.531645569620253,0.0,0.9444444444444444,2025-03,Friday
O01058,2025-11-20,WH-West,Morning,Packing,B,A056,16,9.44,151.1,1,11.0,1,16,8.89,1.7997750281214846,0.0625,1.0,2025-11,Thursday
O01059,2025-05-13,WH-East,Morning,Packing,E,A035,19,14.33,272.3,0,0.0,1,19,8.76,2.1689497716894977,0.05263157894736842,1.0,2025-05,Tuesday
O01060,2025-03-27,WH-West,Afternoon,Dispatch,B,A009,19,7.78,147.8,0,0.0,0,19,6.98,2.7220630372492836,0.0,1.0,2025-03,Thursday
O01061,2025-06-29,WH-East,Afternoon,Sorting,A,A008,16,5.48,87.7,2,21.0,0,15,8.81,1.8161180476730987,0.0,0.9375,2025-06,Sunday
O01062,2025-10-31,WH-East,Night,Sorting,B,A026,12,12.24,146.9,2,38.2,0,11,7.12,1.6853932584269662,0.0,0.9166666666666666,2025-10,Friday
O01063,2025-08-13,WH-South,Night,Sorting,E,A080,18,8.88,159.9,1,10.4,1,18,7.26,2.479338842975207,0.05555555555555555,1.0,2025-08,Wednesday
O01064,2025-05-02,WH-East,Morning,Picking,D,A025,18,10.72,192.9,1,19.2,0,18,7.88,2.284263959390863,0.0,1.0,2025-05,Friday
O01065,2025-10-04,WH-North,Morning,Picking,E,A057,16,19.33,309.3,1,12.2,0,16,7.5,2.1333333333333333,0.0,1.0,2025-10,Saturday
O01066,2025-03-14,WH-West,Morning,Packing,D,A011,18,11.67,210.1,0,0.0,0,18,8.65,2.0809248554913293,0.0,1.0,2025-03,Friday
O01067,2025-01-31,WH-North,Morning,Sorting,D,A062,14,8.07,113.0,1,20.2,0,14,9.0,1.5555555555555556,0.0,1.0,2025-01,Friday
O01068,2025-01-08,WH-South,Morning,Packing,E,A053,13,9.23,120.0,1,25.6,0,13,6.58,1.9756838905775076,0.0,1.0,2025-01,Wednesday
O01069,2025-11-05,WH-North,Afternoon,Packing,B,A015,20,10.67,213.5,2,24.0,0,19,7.08,2.824858757062147,0.0,0.95,2025-11,Wednesday
O01070,2025-10-02,WH-South,Morning,Dispatch,C,A054,14,15.03,210.4,1,15.8,0,14,7.24,1.9337016574585635,0.0,1.0,2025-10,Thursday
O01071,2025-06-11,WH-West,Night,Packing,B,A046,21,10.81,227.1,4,60.7,1,18,8.75,2.4,0.047619047619047616,0.8571428571428571,2025-06,Wednesday
O01072,2025-06-23,WH-West,Morning,Sorting,D,A041,16,9.47,151.5,0,0.0,1,16,8.63,1.8539976825028968,0.0625,1.0,2025-06,Monday
O01073,2025-07-27,WH-West,Afternoon,Picking,C,A004,23,15.9,365.7,3,82.9,0,21,7.88,2.918781725888325,0.0,0.9130434782608695,2025-07,Sunday
O01074,2025-04-12,WH-North,Night,Packing,B,A025,26,8.03,208.8,3,41.7,0,24,6.69,3.8863976083707024,0.0,0.9230769230769231,2025-04,Saturday
O01075,2025-06-17,WH-South,Morning,Picking,B,A014,20,14.58,291.6,0,0.0,2,20,7.83,2.554278416347382,0.1,1.0,2025-06,Tuesday
O01076,2025-04-18,WH-West,Morning,Picking,D,A023,8,12.56,100.5,0,0.0,0,8,8.65,0.9248554913294798,0.0,1.0,2025-04,Friday
O01077,2025-11-22,WH-North,Night,Picking,C,A048,15,11.05,165.7,2,46.5,1,14,8.81,1.70261066969353,0.06666666666666667,0.9333333333333333,2025-11,Saturday
O01078,2025-09-12,WH-West,Night,Packing,C,A076,20,14.15,283.1,1,20.2,0,20,7.08,2.824858757062147,0.0,1.0,2025-09,Friday
O01079,2025-03-15,WH-West,Afternoon,Sorting,C,A033,18,5.0,90.0,2,39.4,0,17,6.81,2.643171806167401,0.0,0.9444444444444444,2025-03,Saturday
O01080,2025-07-21,WH-West,Morning,Sorting,C,A003,13,9.72,126.4,1,15.1,0,13,7.04,1.8465909090909092,0.0,1.0,2025-07,Monday
O01081,2025-10-22,WH-West,Afternoon,Packing,D,A036,25,5.98,149.5,3,69.9,0,23,8.23,3.0376670716889427,0.0,0.92,2025-10,Wednesday
O01082,2025-02-17,WH-North,Morning,Dispatch,C,A074,19,8.77,166.6,1,12.2,0,19,8.8,2.1590909090909087,0.0,1.0,2025-02,Monday
O01083,2025-10-03,WH-North,Night,Picking,A,A047,16,12.06,192.9,2,54.8,0,15,7.47,2.14190093708166,0.0,0.9375,2025-10,Friday
O01084,2025-01-13,WH-North,Afternoon,Picking,A,A057,14,14.29,200.1,0,0.0,0,14,8.8,1.5909090909090908,0.0,1.0,2025-01,Monday
O01085,2025-05-11,WH-South,Morning,Packing,D,A062,17,9.07,154.2,0,0.0,1,17,8.22,2.068126520681265,0.058823529411764705,1.0,2025-05,Sunday
O01086,2025-03-08,WH-West,Afternoon,Sorting,B,A012,16,7.82,125.1,0,0.0,1,16,8.73,1.8327605956471935,0.0625,1.0,2025-03,Saturday
O01087,2025-09-22,WH-North,Afternoon,Packing,B,A047,17,12.51,212.7,1,25.5,0,17,7.82,2.1739130434782608,0.0,1.0,2025-09,Monday
O01088,2025-03-27,WH-West,Night,Sorting,D,A037,14,7.02,98.3,0,0.0,1,14,8.98,1.5590200445434297,0.07142857142857142,1.0,2025-03,Thursday
O01089,2025-07-21,WH-South,Morning,Picking,D,A035,21,12.35,259.3,1,28.7,0,21,8.44,2.4881516587677726,0.0,1.0,2025-07,Monday
O01090,2025-02-12,WH-West,Night,Dispatch,D,A077,18,10.72,192.9,1,13.9,0,18,7.79,2.310654685494223,0.0,1.0,2025-02,Wednesday
O01091,2025-12-13,WH-East,Afternoon,Picking,E,A003,14,11.08,155.2,4,50.2,0,11,6.78,2.0648967551622417,0.0,0.7857142857142857,2025-12,Saturday
O01092,2025-04-07,WH-North,Morning,Picking,D,A002,19,20.01,380.2,1,14.4,0,19,8.61,2.2067363530778166,0.0,1.0,2025-04,Monday
O01093,2025-01-27,WH-North,Morning,Dispatch,B,A080,22,13.6,299.2,2,40.8,1,21,7.18,3.064066852367688,0.045454545454545456,0.9545454545454546,2025-01,Monday
O01094,2025-06-18,WH-West,Night,Packing,C,A005,17,8.37,142.3,1,28.4,0,17,8.61,1.9744483159117308,0.0,1.0,2025-06,Wednesday
O01095,2025-04-22,WH-South,Afternoon,Dispatch,D,A056,16,11.91,190.6,0,0.0,0,16,8.08,1.9801980198019802,0.0,1.0,2025-04,Tuesday
O01096,2025-07-30,WH-West,Afternoon,Packing,D,A041,14,7.48,104.7,2,44.2,0,13,7.5,1.8666666666666667,0.0,0.9285714285714286,2025-07,Wednesday
O01097,2025-11-17,WH-North,Afternoon,Picking,B,A073,14,12.38,173.3,1,23.3,1,14,7.86,1.7811704834605597,0.07142857142857142,1.0,2025-11,Monday
O01098,2025-03-07,WH-East,Afternoon,Dispatch,D,A009,14,11.17,156.4,2,41.8,1,13,7.3,1.9178082191780823,0.07142857142857142,0.9285714285714286,2025-03,Friday
O01099,2025-03-24,WH-East,Morning,Dispatch,E,A059,13,14.34,186.4,1,22.4,0,13,7.97,1.631116687578419,0.0,1.0,2025-03,Monday
O01100,2025-10-31,WH-West,Afternoon,Packing,A,A021,15,15.41,231.1,1,12.6,0,15,7.55,1.9867549668874174,0.0,1.0,2025-10,Friday
O01101,2025-01-19,WH-North,Afternoon,Dispatch,D,A073,19,12.22,232.2,0,0.0,0,19,8.27,2.297460701330109,0.0,1.0,2025-01,Sunday
O01102,2025-04-17,WH-North,Afternoon,Sorting,D,A026,13,7.33,95.3,1,21.2,0,13,6.6,1.9696969696969697,0.0,1.0,2025-04,Thursday
O01103,2025-11-16,WH-South,Afternoon,Packing,B,A015,18,8.65,155.7,0,0.0,0,18,8.56,2.102803738317757,0.0,1.0,2025-11,Sunday
O01104,2025-03-08,WH-West,Morning,Dispatch,D,A036,17,12.43,211.4,1,27.4,0,17,8.25,2.0606060606060606,0.0,1.0,2025-03,Saturday
O01105,2025-07-17,WH-North,Afternoon,Packing,E,A020,11,9.37,103.0,0,0.0,0,11,8.86,1.2415349887133185,0.0,1.0,2025-07,Thursday
O01106,2025-01-29,WH-North,Afternoon,Picking,A,A027,20,15.7,314.0,0,0.0,0,20,8.9,2.2471910112359548,0.0,1.0,2025-01,Wednesday
O01107,2025-09-21,WH-East,Morning,Dispatch,A,A003,19,9.37,178.0,2,23.8,0,18,6.57,2.8919330289193304,0.0,0.9473684210526315,2025-09,Sunday
O01108,2025-09-25,WH-West,Morning,Picking,D,A018,16,16.02,256.3,3,84.2,0,14,7.01,2.282453637660485,0.0,0.875,2025-09,Thursday
O01109,2025-12-10,WH-West,Afternoon,Picking,C,A036,15,13.41,201.1,1,18.0,0,15,8.51,1.7626321974148063,0.0,1.0,2025-12,Wednesday
O01110,2025-04-21,WH-East,Morning,Packing,C,A051,16,9.66,154.6,0,0.0,0,16,8.43,1.8979833926453145,0.0,1.0,2025-04,Monday
O01111,2025-02-18,WH-East,Afternoon,Packing,B,A031,14,9.65,135.2,0,0.0,0,14,8.96,1.5624999999999998,0.0,1.0,2025-02,Tuesday
O01112,2025-07-25,WH-West,Morning,Picking,D,A060,18,16.93,304.7,0,0.0,1,18,7.65,2.3529411764705883,0.05555555555555555,1.0,2025-07,Friday
O01113,2025-03-03,WH-East,Afternoon,Dispatch,D,A026,16,12.5,200.0,1,14.3,0,16,7.73,2.069857697283312,0.0,1.0,2025-03,Monday
O01114,2025-08-07,WH-North,Morning,Picking,C,A046,19,14.65,278.3,2,21.5,0,18,7.45,2.5503355704697985,0.0,0.9473684210526315,2025-08,Thursday
O01115,2025-12-28,WH-North,Morning,Picking,B,A032,15,13.88,208.2,0,0.0,0,15,7.32,2.0491803278688523,0.0,1.0,2025-12,Sunday
O01116,2025-09-19,WH-North,Afternoon,Sorting,A,A006,14,9.47,132.5,0,0.0,0,14,8.65,1.6184971098265895,0.0,1.0,2025-09,Friday
O01117,2025-02-24,WH-West,Morning,Picking,D,A067,12,13.81,165.7,2,46.3,0,11,6.78,1.7699115044247786,0.0,0.9166666666666666,2025-02,Monday
O01118,2025-02-23,WH-North,Afternoon,Picking,D,A077,12,14.74,176.9,1,25.8,0,12,7.71,1.556420233463035,0.0,1.0,2025-02,Sunday
O01119,2025-04-24,WH-West,Night,Sorting,B,A042,14,11.79,165.1,1,21.2,0,14,7.96,1.7587939698492463,0.0,1.0,2025-04,Thursday
O01120,2025-06-03,WH-West,Afternoon,Sorting,E,A072,18,7.19,129.5,0,0.0,0,18,8.68,2.0737327188940093,0.0,1.0,2025-06,Tuesday
O01121,2025-06-26,WH-West,Afternoon,Packing,E,A006,18,10.06,181.0,2,43.8,0,17,8.73,2.0618556701030926,0.0,0.9444444444444444,2025-06,Thursday
O01122,2025-11-23,WH-West,Morning,Picking,B,A078,18,12.01,216.1,0,0.0,1,18,7.31,2.4623803009575926,0.05555555555555555,1.0,2025-11,Sunday
O01123,2025-12-16,WH-North,Morning,Picking,E,A046,17,15.01,255.2,0,0.0,0,17,7.51,2.263648468708389,0.0,1.0,2025-12,Tuesday
O01124,2025-04-14,WH-South,Night,Packing,C,A003,15,12.76,191.3,1,17.4,1,15,8.42,1.7814726840855106,0.06666666666666667,1.0,2025-04,Monday
O01125,2025-10-17,WH-South,Night,Packing,D,A034,13,11.22,145.8,0,0.0,0,13,7.14,1.8207282913165266,0.0,1.0,2025-10,Friday
O01126,2025-10-19,WH-West,Night,Picking,B,A001,22,12.24,269.2,4,114.3,0,19,8.03,2.7397260273972606,0.0,0.8636363636363636,2025-10,Sunday
O01127,2025-07-26,WH-East,Night,Dispatch,D,A059,19,14.15,268.8,1,11.2,1,19,8.97,2.1181716833890745,0.05263157894736842,1.0,2025-07,Saturday
O01128,2025-07-10,WH-West,Afternoon,Dispatch,E,A032,27,11.55,311.7,2,46.9,0,26,7.22,3.7396121883656512,0.0,0.9629629629629629,2025-07,Thursday
O01129,2025-03-03,WH-South,Night,Packing,A,A065,22,13.56,298.3,0,0.0,0,22,7.07,3.1117397454031117,0.0,1.0,2025-03,Monday
O01130,2025-10-19,WH-East,Afternoon,Packing,D,A025,20,9.67,193.3,1,19.6,1,20,7.45,2.684563758389262,0.05,1.0,2025-10,Sunday
O01131,2025-03-31,WH-South,Afternoon,Dispatch,E,A029,17,9.15,155.6,0,0.0,2,17,7.53,2.2576361221779546,0.11764705882352941,1.0,2025-03,Monday
O01132,2025-04-06,WH-South,Morning,Picking,B,A064,13,16.73,217.5,2,33.3,0,12,7.58,1.7150395778364116,0.0,0.9230769230769231,2025-04,Sunday
O01133,2025-12-28,WH-North,Afternoon,Packing,D,A015,20,13.31,266.2,1,13.9,0,20,8.56,2.336448598130841,0.0,1.0,2025-12,Sunday
O01134,2025-08-08,WH-South,Afternoon,Packing,B,A017,25,9.1,227.6,1,23.0,0,25,8.77,2.8506271379703536,0.0,1.0,2025-08,Friday
O01135,2025-10-30,WH-West,Morning,Picking,E,A004,24,11.08,265.8,0,0.0,1,24,7.17,3.3472803347280333,0.041666666666666664,1.0,2025-10,Thursday
O01136,2025-11-24,WH-West,Night,Picking,E,A042,15,14.33,215.0,2,37.9,0,14,7.32,2.0491803278688523,0.0,0.9333333333333333,2025-11,Monday
O01137,2025-11-15,WH-East,Morning,Packing,A,A005,23,10.5,241.4,0,0.0,0,23,8.76,2.625570776255708,0.0,1.0,2025-11,Saturday
O01138,2025-09-09,WH-West,Night,Dispatch,D,A038,15,6.91,103.7,1,28.5,0,15,8.34,1.7985611510791366,0.0,1.0,2025-09,Tuesday
O01139,2025-03-15,WH-West,Morning,Packing,E,A022,17,9.43,160.3,0,0.0,0,17,7.09,2.3977433004231314,0.0,1.0,2025-03,Saturday
O01140,2025-07-15,WH-West,Afternoon,Picking,C,A073,21,14.24,299.0,3,75.6,2,19,7.95,2.641509433962264,0.09523809523809523,0.9047619047619048,2025-07,Tuesday
O01141,2025-04-14,WH-West,Night,Picking,A,A013,15,14.12,211.8,5,104.5,0,11,8.51,1.7626321974148063,0.0,0.7333333333333333,2025-04,Monday
O01142,2025-09-07,WH-East,Morning,Picking,B,A058,21,11.89,249.6,0,0.0,0,21,7.13,2.9453015427769986,0.0,1.0,2025-09,Sunday
O01143,2025-04-17,WH-East,Morning,Sorting,E,A020,24,8.84,212.2,1,27.0,1,24,7.28,3.2967032967032965,0.041666666666666664,1.0,2025-04,Thursday
O01144,2025-03-03,WH-East,Morning,Picking,A,A050,22,12.21,268.7,0,0.0,0,22,8.46,2.6004728132387704,0.0,1.0,2025-03,Monday
O01145,2025-04-20,WH-East,Morning,Picking,B,A001,26,9.99,259.8,2,23.4,0,25,8.05,3.229813664596273,0.0,0.9615384615384616,2025-04,Sunday
O01146,2025-08-04,WH-East,Morning,Packing,B,A045,12,12.05,144.6,1,29.1,0,12,8.96,1.3392857142857142,0.0,1.0,2025-08,Monday
O01147,2025-11-23,WH-North,Morning,Sorting,D,A030,23,7.89,181.6,1,17.5,0,23,7.97,2.8858218318695106,0.0,1.0,2025-11,Sunday
O01148,2025-11-24,WH-South,Night,Picking,E,A030,25,13.53,338.4,1,18.1,0,25,7.81,3.2010243277848915,0.0,1.0,2025-11,Monday
O01149,2025-06-29,WH-North,Morning,Packing,A,A074,15,9.2,138.0,1,29.4,0,15,8.88,1.689189189189189,0.0,1.0,2025-06,Sunday
O01150,2025-03-27,WH-East,Morning,Picking,C,A047,24,10.98,263.6,0,0.0,1,24,7.31,3.283173734610123,0.041666666666666664,1.0,2025-03,Thursday
O01151,2025-01-13,WH-South,Afternoon,Picking,B,A038,21,11.04,231.7,0,0.0,0,21,8.21,2.557856272838002,0.0,1.0,2025-01,Monday
O01152,2025-12-19,WH-East,Afternoon,Packing,A,A005,15,12.08,181.2,3,49.9,0,13,7.14,2.100840336134454,0.0,0.8666666666666667,2025-12,Friday
O01153,2025-07-21,WH-West,Morning,Picking,D,A060,17,11.96,203.3,1,26.4,0,17,8.24,2.0631067961165046,0.0,1.0,2025-07,Monday
O01154,2025-08-19,WH-North,Afternoon,Picking,C,A048,14,16.03,224.5,1,16.3,1,14,6.95,2.014388489208633,0.07142857142857142,1.0,2025-08,Tuesday
O01155,2025-07-06,WH-South,Night,Picking,C,A052,17,14.71,250.0,2,17.4,0,16,7.49,2.2696929238985315,0.0,0.9411764705882353,2025-07,Sunday
O01156,2025-04-05,WH-East,Night,Packing,E,A057,13,10.22,132.9,1,25.6,0,13,6.66,1.951951951951952,0.0,1.0,2025-04,Saturday
O01157,2025-01-04,WH-South,Afternoon,Picking,D,A018,17,16.71,284.1,1,28.3,0,17,6.78,2.5073746312684366,0.0,1.0,2025-01,Saturday
O01158,2025-02-24,WH-North,Morning,Picking,D,A012,29,13.93,404.0,4,87.8,1,26,8.59,3.3760186263096625,0.034482758620689655,0.896551724137931,2025-02,Monday
O01159,2025-08-31,WH-East,Afternoon,Picking,C,A079,22,17.93,394.5,2,59.6,0,21,7.73,2.8460543337645534,0.0,0.9545454545454546,2025-08,Sunday
O01160,2025-10-24,WH-South,Morning,Picking,B,A037,25,13.25,331.2,0,0.0,0,25,7.78,3.2133676092544987,0.0,1.0,2025-10,Friday
O01161,2025-12-20,WH-North,Afternoon,Sorting,C,A015,18,5.52,99.3,2,59.2,1,17,8.63,2.0857473928157586,0.05555555555555555,0.9444444444444444,2025-12,Saturday
O01162,2025-02-26,WH-South,Morning,Sorting,B,A070,19,6.63,125.9,1,26.8,0,19,8.1,2.345679012345679,0.0,1.0,2025-02,Wednesday
O01163,2025-07-08,WH-West,Afternoon,Packing,C,A036,21,8.4,176.3,1,21.9,0,21,6.97,3.0129124820659974,0.0,1.0,2025-07,Tuesday
O01164,2025-07-21,WH-South,Morning,Packing,A,A044,16,8.23,131.7,0,0.0,1,16,7.95,2.0125786163522013,0.0625,1.0,2025-07,Monday
O01165,2025-02-14,WH-North,Morning,Picking,A,A038,19,14.79,281.0,1,16.7,0,19,8.57,2.2170361726954493,0.0,1.0,2025-02,Friday
O01166,2025-01-04,WH-South,Night,Packing,D,A022,18,7.37,132.7,3,45.5,0,16,6.55,2.7480916030534353,0.0,0.8888888888888888,2025-01,Saturday
O01167,2025-03-18,WH-South,Afternoon,Packing,B,A057,13,6.91,89.8,0,0.0,1,13,8.3,1.5662650602409638,0.07692307692307693,1.0,2025-03,Tuesday
O01168,2025-04-28,WH-East,Afternoon,Sorting,A,A079,18,9.64,173.5,3,78.8,0,16,8.96,2.008928571428571,0.0,0.8888888888888888,2025-04,Monday
O01169,2025-03-12,WH-West,Morning,Picking,C,A020,21,16.32,342.7,0,0.0,0,21,6.99,3.004291845493562,0.0,1.0,2025-03,Wednesday
O01170,2025-06-01,WH-South,Afternoon,Picking,A,A003,19,18.62,353.8,0,0.0,2,19,8.01,2.3720349563046192,0.10526315789473684,1.0,2025-06,Sunday
O01171,2025-12-26,WH-North,Afternoon,Sorting,B,A036,16,5.0,80.0,2,31.7,0,15,8.07,1.9826517967781907,0.0,0.9375,2025-12,Friday
O01172,2025-07-07,WH-East,Night,Picking,A,A012,18,13.19,237.5,0,0.0,0,18,8.65,2.0809248554913293,0.0,1.0,2025-07,Monday
O01173,2025-05-13,WH-North,Afternoon,Picking,B,A050,18,14.33,257.9,1,25.5,0,18,8.52,2.1126760563380285,0.0,1.0,2025-05,Tuesday
O01174,2025-08-31,WH-North,Afternoon,Sorting,E,A034,24,5.0,120.0,1,28.3,0,24,7.82,3.0690537084398977,0.0,1.0,2025-08,Sunday
O01175,2025-10-22,WH-East,Morning,Sorting,B,A001,19,9.65,183.3,0,0.0,2,19,6.83,2.781844802342606,0.10526315789473684,1.0,2025-10,Wednesday
O01176,2025-12-05,WH-West,Afternoon,Picking,C,A003,17,11.69,198.7,1,20.9,0,17,8.03,2.1170610211706102,0.0,1.0,2025-12,Friday
O01177,2025-06-12,WH-West,Afternoon,Sorting,E,A024,21,8.23,172.9,5,144.5,1,17,6.68,3.1437125748502996,0.047619047619047616,0.8095238095238095,2025-06,Thursday
O01178,2025-07-06,WH-South,Night,Sorting,D,A009,20,10.29,205.9,3,30.6,1,18,8.21,2.4360535931790497,0.05,0.9,2025-07,Sunday
O01179,2025-04-08,WH-South,Morning,Packing,B,A052,15,11.15,167.2,0,0.0,0,15,7.01,2.1398002853067046,0.0,1.0,2025-04,Tuesday
O01180,2025-05-17,WH-West,Night,Sorting,E,A074,21,8.84,185.7,3,48.8,1,19,6.54,3.2110091743119265,0.047619047619047616,0.9047619047619048,2025-05,Saturday
O01181,2025-10-31,WH-West,Afternoon,Dispatch,A,A017,23,7.34,168.9,0,0.0,0,23,8.08,2.8465346534653464,0.0,1.0,2025-10,Friday
O01182,2025-12-13,WH-East,Morning,Packing,D,A047,22,8.66,190.6,2,33.1,0,21,8.85,2.4858757062146895,0.0,0.9545454545454546,2025-12,Saturday
O01183,2025-04-13,WH-West,Afternoon,Packing,C,A069,15,12.78,191.6,2,43.2,0,14,8.02,1.8703241895261846,0.0,0.9333333333333333,2025-04,Sunday
O01184,2025-03-28,WH-West,Night,Picking,C,A047,15,12.51,187.7,1,26.1,0,15,6.58,2.2796352583586628,0.0,1.0,2025-03,Friday
O01185,2025-06-09,WH-West,Morning,Picking,C,A005,20,16.27,325.5,2,27.8,0,19,8.49,2.3557126030624262,0.0,0.95,2025-06,Monday
O01186,2025-07-20,WH-North,Morning,Picking,D,A073,15,16.35,245.2,2,17.6,0,14,7.7,1.948051948051948,0.0,0.9333333333333333,2025-07,Sunday
O01187,2025-09-04,WH-West,Night,Picking,E,A055,28,14.54,407.2,2,24.9,2,27,8.78,3.189066059225513,0.07142857142857142,0.9642857142857143,2025-09,Thursday
O01188,2025-01-30,WH-East,Afternoon,Packing,B,A055,15,10.17,152.5,0,0.0,0,15,8.93,1.67973124300112,0.0,1.0,2025-01,Thursday
O01189,2025-01-03,WH-West,Afternoon,Dispatch,C,A073,11,10.54,115.9,2,16.3,0,10,7.2,1.5277777777777777,0.0,0.9090909090909091,2025-01,Friday
O01190,2025-04-08,WH-East,Morning,Dispatch,D,A021,16,14.93,239.0,1,21.0,0,16,6.51,2.457757296466974,0.0,1.0,2025-04,Tuesday
O01191,2025-01-31,WH-South,Night,Picking,C,A057,17,14.03,238.4,2,48.9,1,16,7.47,2.2757697456492636,0.058823529411764705,0.9411764705882353,2025-01,Friday
O01192,2025-09-30,WH-East,Morning,Picking,A,A008,19,15.06,286.1,1,20.0,1,19,7.26,2.6170798898071626,0.05263157894736842,1.0,2025-09,Tuesday
O01193,2025-01-28,WH-West,Afternoon,Sorting,B,A027,19,5.0,95.0,1,20.6,0,19,8.79,2.1615472127417523,0.0,1.0,2025-01,Tuesday
O01194,2025-06-18,WH-South,Afternoon,Picking,D,A052,18,14.3,257.5,3,38.8,0,16,8.74,2.059496567505721,0.0,0.8888888888888888,2025-06,Wednesday
O01195,2025-02-17,WH-West,Morning,Packing,A,A061,14,11.27,157.8,0,0.0,0,14,7.26,1.928374655647383,0.0,1.0,2025-02,Monday
O01196,2025-07-12,WH-South,Afternoon,Picking,E,A048,19,15.89,302.0,1,19.6,2,19,6.72,2.8273809523809526,0.10526315789473684,1.0,2025-07,Saturday
O01197,2025-05-27,WH-West,Morning,Dispatch,B,A073,14,12.96,181.4,0,0.0,0,14,8.32,1.6826923076923077,0.0,1.0,2025-05,Tuesday
O01198,2025-07-31,WH-East,Night,Sorting,C,A024,17,10.52,178.8,2,28.8,0,16,7.19,2.364394993045897,0.0,0.9411764705882353,2025-07,Thursday
O01199,2025-11-08,WH-East,Morning,Dispatch,D,A024,22,9.09,200.1,2,18.7,0,21,7.02,3.133903133903134,0.0,0.9545454545454546,2025-11,Saturday
O01200,2025-08-17,WH-West,Afternoon,Sorting,E,A021,21,5.0,105.0,4,96.5,0,18,7.43,2.8263795423956934,0.0,0.8571428571428571,2025-08,Sunday
O01201,2025-04-12,WH-West,Afternoon,Picking,C,A002,21,13.22,277.6,1,9.5,0,21,6.6,3.181818181818182,0.0,1.0,2025-04,Saturday
O01202,2025-07-29,WH-West,Night,Dispatch,B,A035,23,11.46,263.7,1,8.1,0,23,6.51,3.533026113671275,0.0,1.0,2025-07,Tuesday
O01203,2025-11-29,WH-West,Afternoon,Sorting,A,A002,14,7.54,105.5,0,0.0,0,14,7.69,1.8205461638491547,0.0,1.0,2025-11,Saturday
O01204,2025-05-29,WH-North,Morning,Picking,E,A016,12,15.03,180.4,0,0.0,0,12,8.31,1.4440433212996389,0.0,1.0,2025-05,Thursday
O01205,2025-08-25,WH-South,Morning,Packing,E,A021,24,9.26,222.2,0,0.0,1,24,7.1,3.3802816901408455,0.041666666666666664,1.0,2025-08,Monday
O01206,2025-06-27,WH-North,Night,Packing,D,A055,25,7.72,192.9,1,20.5,1,25,7.81,3.2010243277848915,0.04,1.0,2025-06,Friday
O01207,2025-12-29,WH-East,Afternoon,Sorting,A,A016,20,11.46,229.2,1,19.8,0,20,7.06,2.8328611898017,0.0,1.0,2025-12,Monday
O01208,2025-09-23,WH-East,Morning,Sorting,D,A003,24,6.8,163.2,1,15.4,0,24,8.33,2.881152460984394,0.0,1.0,2025-09,Tuesday
O01209,2025-06-30,WH-North,Night,Sorting,B,A063,21,6.42,134.8,1,14.4,0,21,7.3,2.8767123287671232,0.0,1.0,2025-06,Monday
O01210,2025-04-14,WH-West,Afternoon,Picking,C,A015,21,17.52,367.8,0,0.0,0,21,7.72,2.7202072538860103,0.0,1.0,2025-04,Monday
O01211,2025-10-10,WH-South,Afternoon,Dispatch,B,A014,22,12.4,272.7,3,73.7,0,20,7.87,2.795425667090216,0.0,0.9090909090909091,2025-10,Friday
O01212,2025-01-15,WH-East,Afternoon,Picking,C,A035,22,16.49,362.7,2,57.3,0,21,7.53,2.9216467463479416,0.0,0.9545454545454546,2025-01,Wednesday
O01213,2025-01-01,WH-East,Afternoon,Packing,C,A054,17,10.01,170.2,2,50.6,0,16,8.33,2.0408163265306123,0.0,0.9411764705882353,2025-01,Wednesday
O01214,2025-01-23,WH-North,Night,Picking,E,A001,14,12.76,178.7,3,69.4,0,12,7.42,1.8867924528301887,0.0,0.8571428571428571,2025-01,Thursday
O01215,2025-02-21,WH-East,Afternoon,Picking,D,A058,20,12.29,245.7,1,25.7,0,20,7.91,2.5284450063211126,0.0,1.0,2025-02,Friday
O01216,2025-08-10,WH-South,Morning,Picking,E,A066,13,10.28,133.6,1,16.1,1,13,6.79,1.914580265095729,0.07692307692307693,1.0,2025-08,Sunday
O01217,2025-05-26,WH-West,Morning,Packing,B,A016,13,10.31,134.1,0,0.0,0,13,8.49,1.5312131919905771,0.0,1.0,2025-05,Monday
O01218,2025-09-20,WH-West,Morning,Sorting,B,A068,22,6.53,143.7,2,23.1,2,21,8.26,2.663438256658596,0.09090909090909091,0.9545454545454546,2025-09,Saturday
O01219,2025-12-20,WH-East,Afternoon,Packing,E,A062,18,5.95,107.2,1,13.1,0,18,8.8,2.0454545454545454,0.0,1.0,2025-12,Saturday
O01220,2025-06-25,WH-South,Night,Picking,D,A036,12,13.55,162.6,3,33.0,0,10,6.68,1.7964071856287427,0.0,0.8333333333333334,2025-06,Wednesday
O01221,2025-10-02,WH-West,Night,Packing,C,A020,22,15.11,332.5,3,75.5,1,20,7.63,2.8833551769331587,0.045454545454545456,0.9090909090909091,2025-10,Thursday
O01222,2025-02-02,WH-North,Morning,Packing,B,A072,17,9.61,163.3,1,13.1,0,17,6.67,2.5487256371814095,0.0,1.0,2025-02,Sunday
O01223,2025-07-31,WH-East,Morning,Dispatch,C,A015,14,13.76,192.7,1,12.5,0,14,7.98,1.7543859649122806,0.0,1.0,2025-07,Thursday
O01224,2025-12-15,WH-North,Afternoon,Dispatch,D,A034,16,11.14,178.3,1,16.5,0,16,6.85,2.3357664233576645,0.0,1.0,2025-12,Monday
O01225,2025-03-01,WH-North,Morning,Packing,A,A023,18,7.99,143.9,1,21.4,0,18,7.76,2.3195876288659796,0.0,1.0,2025-03,Saturday
O01226,2025-02-13,WH-South,Morning,Picking,E,A016,15,11.69,175.4,1,17.7,0,15,6.85,2.18978102189781,0.0,1.0,2025-02,Thursday
O01227,2025-09-27,WH-East,Afternoon,Packing,B,A071,13,11.25,146.2,3,54.9,1,11,8.83,1.4722536806342015,0.07692307692307693,0.8461538461538461,2025-09,Saturday
O01228,2025-10-08,WH-South,Afternoon,Dispatch,A,A069,18,12.69,228.4,2,47.4,1,17,7.74,2.3255813953488373,0.05555555555555555,0.9444444444444444,2025-10,Wednesday
O01229,2025-04-07,WH-South,Morning,Packing,B,A077,25,7.53,188.2,3,60.5,0,23,8.32,3.004807692307692,0.0,0.92,2025-04,Monday
O01230,2025-10-31,WH-West,Morning,Sorting,A,A024,12,6.97,83.6,1,9.3,0,12,8.33,1.440576230492197,0.0,1.0,2025-10,Friday
O01231,2025-07-19,WH-North,Night,Sorting,E,A045,24,7.08,169.8,4,63.9,1,21,8.53,2.813599062133646,0.041666666666666664,0.875,2025-07,Saturday
O01232,2025-07-05,WH-South,Afternoon,Picking,B,A058,14,15.38,215.3,2,43.8,0,13,8.34,1.6786570743405276,0.0,0.9285714285714286,2025-07,Saturday
O01233,2025-12-11,WH-South,Afternoon,Picking,C,A042,19,14.13,268.5,1,13.8,0,19,8.88,2.1396396396396393,0.0,1.0,2025-12,Thursday
O01234,2025-11-07,WH-East,Night,Sorting,E,A073,20,7.92,158.5,1,11.8,0,20,8.56,2.336448598130841,0.0,1.0,2025-11,Friday
O01235,2025-10-21,WH-East,Morning,Picking,E,A034,13,16.46,213.9,0,0.0,0,13,8.97,1.4492753623188406,0.0,1.0,2025-10,Tuesday
O01236,2025-06-15,WH-South,Morning,Picking,C,A023,23,11.6,266.7,3,74.3,1,21,7.86,2.926208651399491,0.043478260869565216,0.9130434782608695,2025-06,Sunday
O01237,2025-08-29,WH-East,Morning,Packing,D,A021,20,6.43,128.5,2,21.2,0,19,8.92,2.242152466367713,0.0,0.95,2025-08,Friday
O01238,2025-07-11,WH-East,Afternoon,Picking,E,A080,16,16.06,257.0,1,25.5,0,16,8.69,1.8411967779056388,0.0,1.0,2025-07,Friday
O01239,2025-01-12,WH-South,Morning,Picking,E,A031,16,18.5,296.0,0,0.0,2,16,7.11,2.250351617440225,0.125,1.0,2025-01,Sunday
O01240,2025-07-14,WH-East,Morning,Picking,C,A005,16,17.62,282.0,2,24.2,1,15,8.35,1.9161676646706587,0.0625,0.9375,2025-07,Monday
O01241,2025-04-02,WH-West,Afternoon,Picking,D,A001,17,12.6,214.3,1,23.6,0,17,8.51,1.9976498237367804,0.0,1.0,2025-04,Wednesday
O01242,2025-05-14,WH-West,Afternoon,Picking,C,A073,15,17.62,264.3,2,41.3,0,14,6.79,2.2091310751104567,0.0,0.9333333333333333,2025-05,Wednesday
O01243,2025-05-25,WH-South,Morning,Packing,C,A080,19,11.6,220.3,0,0.0,0,19,6.76,2.8106508875739644,0.0,1.0,2025-05,Sunday
O01244,2025-03-02,WH-South,Morning,Dispatch,A,A035,16,11.97,191.6,0,0.0,0,16,6.54,2.4464831804281344,0.0,1.0,2025-03,Sunday
O01245,2025-11-05,WH-West,Afternoon,Sorting,C,A020,14,7.11,99.6,1,11.9,0,14,7.97,1.7565872020075284,0.0,1.0,2025-11,Wednesday
O01246,2025-09-08,WH-South,Afternoon,Dispatch,B,A002,15,13.03,195.5,2,47.1,0,14,7.17,2.092050209205021,0.0,0.9333333333333333,2025-09,Monday
O01247,2025-09-25,WH-West,Night,Dispatch,C,A069,16,17.07,273.2,2,45.1,0,15,7.19,2.2253129346314324,0.0,0.9375,2025-09,Thursday
O01248,2025-04-23,WH-East,Morning,Picking,B,A012,20,12.32,246.4,0,0.0,0,20,7.57,2.642007926023778,0.0,1.0,2025-04,Wednesday
O01249,2025-12-02,WH-North,Afternoon,Sorting,E,A076,23,7.8,179.5,1,18.4,0,23,7.39,3.1123139377537212,0.0,1.0,2025-12,Tuesday
O01250,2025-07-03,WH-East,Morning,Packing,B,A036,14,10.58,148.1,0,0.0,0,14,8.85,1.5819209039548023,0.0,1.0,2025-07,Thursday
O01251,2025-10-06,WH-North,Morning,Picking,C,A019,10,14.33,143.3,1,29.1,1,10,7.2,1.3888888888888888,0.1,1.0,2025-10,Monday
O01252,2025-11-22,WH-North,Morning,Packing,D,A035,17,5.25,89.3,2,24.3,0,16,7.29,2.3319615912208507,0.0,0.9411764705882353,2025-11,Saturday
O01253,2025-08-08,WH-West,Morning,Picking,C,A028,27,15.11,407.9,0,0.0,0,27,7.46,3.6193029490616624,0.0,1.0,2025-08,Friday
O01254,2025-09-09,WH-East,Night,Picking,E,A013,17,11.84,201.2,2,16.8,0,16,8.8,1.9318181818181817,0.0,0.9411764705882353,2025-09,Tuesday
O01255,2025-01-06,WH-North,Afternoon,Packing,C,A075,12,11.03,132.4,0,0.0,0,12,8.12,1.4778325123152711,0.0,1.0,2025-01,Monday
O01256,2025-07-10,WH-South,Night,Sorting,B,A026,18,9.33,167.9,0,0.0,1,18,8.28,2.173913043478261,0.05555555555555555,1.0,2025-07,Thursday
O01257,2025-08-10,WH-West,Afternoon,Picking,E,A011,19,12.01,228.1,1,13.8,1,19,7.83,2.426564495530013,0.05263157894736842,1.0,2025-08,Sunday
O01258,2025-07-13,WH-East,Afternoon,Sorting,E,A023,25,5.0,125.0,1,14.0,0,25,6.62,3.7764350453172204,0.0,1.0,2025-07,Sunday
O01259,2025-06-13,WH-South,Morning,Picking,D,A074,10,10.5,105.0,1,17.7,0,10,7.65,1.3071895424836601,0.0,1.0,2025-06,Friday
O01260,2025-06-01,WH-East,Morning,Packing,C,A025,17,10.45,177.7,1,14.5,1,17,6.55,2.595419847328244,0.058823529411764705,1.0,2025-06,Sunday
O01261,2025-07-21,WH-East,Afternoon,Dispatch,E,A077,20,9.15,183.0,3,46.6,1,18,7.95,2.5157232704402515,0.05,0.9,2025-07,Monday
O01262,2025-09-27,WH-South,Afternoon,Packing,E,A053,15,14.25,213.8,0,0.0,2,15,8.19,1.8315018315018317,0.13333333333333333,1.0,2025-09,Saturday
O01263,2025-12-14,WH-South,Afternoon,Sorting,C,A014,18,5.39,97.0,3,72.6,0,16,7.87,2.2871664548919948,0.0,0.8888888888888888,2025-12,Sunday
O01264,2025-02-27,WH-South,Night,Dispatch,B,A068,13,14.12,183.6,1,25.8,1,13,8.27,1.5719467956469166,0.07692307692307693,1.0,2025-02,Thursday
O01265,2025-05-07,WH-East,Morning,Picking,E,A010,12,12.55,150.6,4,99.5,1,9,8.25,1.4545454545454546,0.08333333333333333,0.75,2025-05,Wednesday
O01266,2025-09-01,WH-West,Night,Picking,B,A004,19,12.41,235.8,0,0.0,0,19,7.67,2.4771838331160367,0.0,1.0,2025-09,Monday
O01267,2025-11-15,WH-West,Morning,Packing,C,A059,16,10.17,162.7,0,0.0,0,16,7.83,2.0434227330779056,0.0,1.0,2025-11,Saturday
O01268,2025-11-05,WH-West,Morning,Picking,C,A040,19,15.08,286.4,0,0.0,0,19,6.78,2.8023598820058995,0.0,1.0,2025-11,Wednesday
O01269,2025-06-17,WH-East,Morning,Picking,C,A063,25,12.72,317.9,2,41.6,1,24,6.5,3.8461538461538463,0.04,0.96,2025-06,Tuesday
O01270,2025-12-09,WH-South,Morning,Sorting,B,A020,22,10.88,239.4,2,35.2,0,21,6.6,3.3333333333333335,0.0,0.9545454545454546,2025-12,Tuesday
O01271,2025-12-30,WH-West,Night,Picking,D,A037,15,17.56,263.5,2,48.3,1,14,7.58,1.9788918205804749,0.06666666666666667,0.9333333333333333,2025-12,Tuesday
O01272,2025-09-05,WH-North,Night,Picking,A,A049,24,11.97,287.2,3,68.6,1,22,8.91,2.6936026936026938,0.041666666666666664,0.9166666666666666,2025-09,Friday
O01273,2025-03-18,WH-East,Morning,Picking,A,A036,20,17.2,343.9,2,51.0,1,19,6.65,3.007518796992481,0.05,0.95,2025-03,Tuesday
O01274,2025-01-01,WH-West,Afternoon,Packing,E,A067,19,9.29,176.6,0,0.0,0,19,8.33,2.280912364945978,0.0,1.0,2025-01,Wednesday
O01275,2025-08-27,WH-East,Afternoon,Sorting,E,A051,20,8.67,173.4,2,30.1,0,19,8.3,2.4096385542168672,0.0,0.95,2025-08,Wednesday
O01276,2025-03-25,WH-South,Morning,Packing,D,A074,22,12.13,266.9,0,0.0,0,22,6.56,3.353658536585366,0.0,1.0,2025-03,Tuesday
O01277,2025-12-07,WH-East,Morning,Packing,A,A021,13,12.18,158.3,1,12.2,0,13,8.35,1.5568862275449102,0.0,1.0,2025-12,Sunday
O01278,2025-05-31,WH-East,Morning,Picking,D,A065,24,15.86,380.6,2,50.2,1,23,8.54,2.8103044496487124,0.041666666666666664,0.9583333333333334,2025-05,Saturday
O01279,2025-05-26,WH-North,Afternoon,Picking,C,A009,28,12.65,354.2,3,71.5,0,26,8.98,3.1180400890868594,0.0,0.9285714285714286,2025-05,Monday
O01280,2025-03-30,WH-North,Afternoon,Picking,D,A034,11,15.99,175.9,0,0.0,0,11,8.46,1.3002364066193852,0.0,1.0,2025-03,Sunday
O01281,2025-08-23,WH-North,Afternoon,Sorting,C,A039,27,6.27,169.2,0,0.0,0,27,8.55,3.157894736842105,0.0,1.0,2025-08,Saturday
O01282,2025-02-14,WH-West,Morning,Dispatch,E,A057,16,12.04,192.7,2,58.1,0,15,8.36,1.9138755980861246,0.0,0.9375,2025-02,Friday
O01283,2025-05-30,WH-East,Morning,Picking,A,A066,18,9.41,169.4,0,0.0,0,18,7.03,2.5604551920341394,0.0,1.0,2025-05,Friday
O01284,2025-05-04,WH-East,Morning,Packing,E,A076,16,9.55,152.8,0,0.0,0,16,7.0,2.2857142857142856,0.0,1.0,2025-05,Sunday
O01285,2025-02-28,WH-West,Morning,Picking,D,A057,22,11.56,254.4,2,25.2,0,21,7.86,2.7989821882951653,0.0,0.9545454545454546,2025-02,Friday
O01286,2025-02-14,WH-East,Night,Picking,A,A027,12,9.12,109.4,2,35.2,0,11,6.65,1.8045112781954886,0.0,0.9166666666666666,2025-02,Friday
O01287,2025-06-22,WH-South,Afternoon,Packing,E,A063,11,15.14,166.5,3,31.5,0,9,8.29,1.3268998793727385,0.0,0.8181818181818182,2025-06,Sunday
O01288,2025-03-19,WH-West,Afternoon,Sorting,B,A047,27,7.45,201.0,4,37.1,0,24,8.9,3.033707865168539,0.0,0.8888888888888888,2025-03,Wednesday
O01289,2025-12-28,WH-East,Morning,Picking,D,A045,15,15.29,229.4,2,17.8,0,14,7.27,2.063273727647868,0.0,0.9333333333333333,2025-12,Sunday
O01290,2025-09-01,WH-West,Morning,Sorting,C,A080,19,7.42,141.1,0,0.0,0,19,8.64,2.199074074074074,0.0,1.0,2025-09,Monday
O01291,2025-05-10,WH-West,Night,Dispatch,A,A001,13,13.95,181.3,2,55.8,1,12,7.59,1.7127799736495388,0.07692307692307693,0.9230769230769231,2025-05,Saturday
O01292,2025-08-08,WH-East,Morning,Sorting,C,A020,19,10.49,199.3,1,11.4,2,19,7.11,2.6722925457102673,0.10526315789473684,1.0,2025-08,Friday
O01293,2025-08-21,WH-South,Night,Packing,E,A013,6,13.24,79.5,1,28.9,0,6,8.87,0.6764374295377679,0.0,1.0,2025-08,Thursday
O01294,2025-02-19,WH-South,Morning,Sorting,D,A072,15,9.09,136.4,2,22.0,0,14,8.82,1.7006802721088434,0.0,0.9333333333333333,2025-02,Wednesday
O01295,2025-05-21,WH-South,Afternoon,Dispatch,A,A038,16,6.47,103.5,4,103.3,0,13,6.82,2.3460410557184748,0.0,0.8125,2025-05,Wednesday
O01296,2025-04-30,WH-South,Night,Picking,E,A004,20,8.54,170.9,2,21.7,0,19,8.2,2.439024390243903,0.0,0.95,2025-04,Wednesday
O01297,2025-11-19,WH-West,Afternoon,Sorting,A,A049,19,7.56,143.7,1,27.8,1,19,8.55,2.222222222222222,0.05263157894736842,1.0,2025-11,Wednesday
O01298,2025-07-22,WH-West,Afternoon,Picking,E,A041,17,11.98,203.6,4,32.4,0,14,8.95,1.8994413407821231,0.0,0.8235294117647058,2025-07,Tuesday
O01299,2025-07-12,WH-South,Morning,Sorting,D,A051,24,10.18,244.4,2,30.7,1,23,7.66,3.133159268929504,0.041666666666666664,0.9583333333333334,2025-07,Saturday
O01300,2025-03-11,WH-North,Morning,Picking,C,A057,21,15.8,331.8,0,0.0,0,21,7.16,2.9329608938547485,0.0,1.0,2025-03,Tuesday
O01301,2025-02-26,WH-East,Night,Sorting,C,A052,16,8.83,141.4,3,45.8,0,14,8.31,1.9253910950661852,0.0,0.875,2025-02,Wednesday
O01302,2025-08-02,WH-North,Afternoon,Packing,E,A013,15,11.27,169.1,1,26.2,0,15,6.97,2.1520803443328553,0.0,1.0,2025-08,Saturday
O01303,2025-02-21,WH-South,Morning,Picking,E,A079,16,14.7,235.1,0,0.0,0,16,7.2,2.2222222222222223,0.0,1.0,2025-02,Friday
O01304,2025-07-13,WH-North,Afternoon,Picking,E,A024,23,14.39,330.9,3,63.9,0,21,8.44,2.7251184834123223,0.0,0.9130434782608695,2025-07,Sunday
O01305,2025-11-05,WH-East,Morning,Dispatch,B,A048,17,11.47,195.0,3,73.0,0,15,7.24,2.3480662983425415,0.0,0.8823529411764706,2025-11,Wednesday
O01306,2025-04-19,WH-East,Afternoon,Packing,B,A040,16,9.28,148.5,1,16.1,0,16,8.54,1.873536299765808,0.0,1.0,2025-04,Saturday
O01307,2025-04-05,WH-South,Morning,Dispatch,E,A035,22,13.21,290.6,2,57.5,0,21,7.82,2.813299232736573,0.0,0.9545454545454546,2025-04,Saturday
O01308,2025-01-11,WH-East,Morning,Packing,C,A019,15,11.58,173.7,0,0.0,0,15,8.41,1.78359096313912,0.0,1.0,2025-01,Saturday
O01309,2025-03-16,WH-East,Night,Picking,C,A047,15,15.05,225.8,1,20.2,0,15,8.36,1.7942583732057418,0.0,1.0,2025-03,Sunday
O01310,2025-07-05,WH-West,Morning,Sorting,B,A035,16,9.39,150.3,2,52.3,0,15,8.92,1.7937219730941705,0.0,0.9375,2025-07,Saturday
O01311,2025-07-03,WH-West,Night,Picking,E,A078,15,14.05,210.7,6,84.6,1,11,7.47,2.0080321285140563,0.06666666666666667,0.7333333333333333,2025-07,Thursday
O01312,2025-12-20,WH-East,Night,Sorting,D,A063,13,5.0,65.0,0,0.0,0,13,6.83,1.9033674963396778,0.0,1.0,2025-12,Saturday
O01313,2025-07-26,WH-West,Afternoon,Sorting,E,A051,25,5.17,129.3,1,23.6,0,25,6.99,3.57653791130186,0.0,1.0,2025-07,Saturday
O01314,2025-08-13,WH-East,Night,Sorting,D,A078,11,5.76,63.3,2,52.2,0,10,7.33,1.500682128240109,0.0,0.9090909090909091,2025-08,Wednesday
O01315,2025-04-05,WH-North,Afternoon,Sorting,A,A076,19,8.5,161.5,4,105.1,0,16,7.56,2.5132275132275135,0.0,0.8421052631578947,2025-04,Saturday
O01316,2025-02-25,WH-West,Afternoon,Sorting,C,A037,19,5.6,106.5,2,23.1,0,18,8.81,2.1566401816118046,0.0,0.9473684210526315,2025-02,Tuesday
O01317,2025-08-28,WH-West,Afternoon,Packing,D,A014,20,6.55,130.9,0,0.0,0,20,8.27,2.418379685610641,0.0,1.0,2025-08,Thursday
O01318,2025-08-09,WH-West,Afternoon,Dispatch,A,A045,17,10.1,171.8,0,0.0,1,17,8.71,1.951779563719862,0.058823529411764705,1.0,2025-08,Saturday
O01319,2025-05-21,WH-South,Morning,Sorting,E,A012,24,10.33,248.0,1,21.1,1,24,6.58,3.6474164133738602,0.041666666666666664,1.0,2025-05,Wednesday
O01320,2025-05-27,WH-West,Morning,Packing,D,A053,19,7.69,146.2,0,0.0,0,19,7.09,2.679830747531735,0.0,1.0,2025-05,Tuesday
O01321,2025-03-29,WH-North,Morning,Packing,B,A070,25,14.38,359.4,0,0.0,1,25,7.38,3.3875338753387534,0.04,1.0,2025-03,Saturday
O01322,2025-07-01,WH-West,Morning,Picking,A,A049,15,10.92,163.7,2,37.0,0,14,7.73,1.9404915912031047,0.0,0.9333333333333333,2025-07,Tuesday
O01323,2025-03-20,WH-South,Morning,Picking,A,A079,14,12.94,181.2,1,24.2,0,14,7.86,1.7811704834605597,0.0,1.0,2025-03,Thursday
O01324,2025-06-28,WH-South,Night,Packing,C,A023,24,6.13,147.1,2,42.2,1,23,6.85,3.5036496350364965,0.041666666666666664,0.9583333333333334,2025-06,Saturday
O01325,2025-03-08,WH-East,Afternoon,Dispatch,D,A050,14,13.26,185.6,0,0.0,0,14,6.74,2.0771513353115725,0.0,1.0,2025-03,Saturday
O01326,2025-11-06,WH-North,Afternoon,Dispatch,A,A036,20,12.69,253.8,0,0.0,0,20,6.97,2.8694404591104736,0.0,1.0,2025-11,Thursday
O01327,2025-04-03,WH-East,Morning,Dispatch,B,A050,24,13.1,314.4,1,13.0,0,24,6.56,3.658536585365854,0.0,1.0,2025-04,Thursday
O01328,2025-04-26,WH-East,Afternoon,Packing,D,A035,16,11.95,191.1,2,16.0,1,15,8.56,1.8691588785046729,0.0625,0.9375,2025-04,Saturday
O01329,2025-09-04,WH-South,Morning,Packing,E,A034,30,7.85,235.5,0,0.0,1,30,8.24,3.640776699029126,0.03333333333333333,1.0,2025-09,Thursday
O01330,2025-10-21,WH-North,Morning,Picking,C,A078,16,13.9,222.4,0,0.0,1,16,7.61,2.102496714848883,0.0625,1.0,2025-10,Tuesday
O01331,2025-07-15,WH-East,Morning,Picking,E,A060,21,12.92,271.3,0,0.0,1,21,7.96,2.6381909547738696,0.047619047619047616,1.0,2025-07,Tuesday
O01332,2025-08-24,WH-North,Night,Picking,D,A020,18,10.37,186.7,4,73.6,0,15,8.35,2.155688622754491,0.0,0.8333333333333334,2025-08,Sunday
O01333,2025-10-27,WH-North,Night,Sorting,C,A032,23,10.34,237.8,1,20.5,1,23,7.13,3.2258064516129035,0.043478260869565216,1.0,2025-10,Monday
O01334,2025-11-23,WH-West,Afternoon,Sorting,E,A072,8,5.4,43.2,0,0.0,0,8,6.8,1.1764705882352942,0.0,1.0,2025-11,Sunday
O01335,2025-03-21,WH-South,Morning,Packing,A,A059,12,10.05,120.6,1,26.2,1,12,8.09,1.4833127317676145,0.08333333333333333,1.0,2025-03,Friday
O01336,2025-11-13,WH-East,Night,Picking,A,A077,14,16.95,237.3,1,22.7,1,14,7.32,1.9125683060109289,0.07142857142857142,1.0,2025-11,Thursday
O01337,2025-03-17,WH-West,Morning,Packing,D,A075,17,8.66,147.3,2,48.7,1,16,7.75,2.193548387096774,0.058823529411764705,0.9411764705882353,2025-03,Monday
O01338,2025-11-08,WH-West,Morning,Picking,B,A029,15,17.7,265.5,1,21.8,0,15,8.04,1.865671641791045,0.0,1.0,2025-11,Saturday
O01339,2025-06-04,WH-East,Morning,Picking,B,A044,20,15.81,316.2,1,23.7,0,20,8.25,2.4242424242424243,0.0,1.0,2025-06,Wednesday
O01340,2025-12-09,WH-West,Morning,Picking,E,A075,10,13.97,139.7,0,0.0,0,10,7.12,1.4044943820224718,0.0,1.0,2025-12,Tuesday
O01341,2025-10-07,WH-North,Night,Sorting,B,A078,15,7.16,107.5,2,36.5,1,14,7.46,2.0107238605898123,0.06666666666666667,0.9333333333333333,2025-10,Tuesday
O01342,2025-10-17,WH-East,Afternoon,Sorting,E,A015,20,12.45,249.0,2,52.6,0,19,7.91,2.5284450063211126,0.0,0.95,2025-10,Friday
O01343,2025-01-31,WH-North,Night,Packing,C,A068,16,9.78,156.5,5,122.1,0,12,7.12,2.247191011235955,0.0,0.75,2025-01,Friday
O01344,2025-01-27,WH-East,Morning,Picking,A,A018,17,12.61,214.4,0,0.0,1,17,7.05,2.4113475177304964,0.058823529411764705,1.0,2025-01,Monday
O01345,2025-02-03,WH-South,Afternoon,Picking,B,A058,24,15.27,366.4,1,22.3,0,24,8.62,2.7842227378190256,0.0,1.0,2025-02,Monday
O01346,2025-11-30,WH-West,Night,Picking,E,A023,20,15.8,316.1,0,0.0,1,20,7.58,2.638522427440633,0.05,1.0,2025-11,Sunday
O01347,2025-01-09,WH-South,Morning,Packing,A,A025,20,9.54,190.8,1,10.2,0,20,6.98,2.8653295128939824,0.0,1.0,2025-01,Thursday
O01348,2025-12-14,WH-South,Morning,Sorting,E,A031,19,8.19,155.7,1,29.2,0,19,8.09,2.3485784919653896,0.0,1.0,2025-12,Sunday
O01349,2025-03-01,WH-South,Afternoon,Sorting,C,A022,16,12.46,199.4,0,0.0,1,16,7.15,2.2377622377622375,0.0625,1.0,2025-03,Saturday
O01350,2025-06-14,WH-South,Afternoon,Picking,A,A055,15,13.99,209.9,3,38.5,0,13,7.45,2.013422818791946,0.0,0.8666666666666667,2025-06,Saturday
O01351,2025-05-13,WH-North,Night,Dispatch,B,A032,17,12.07,205.2,0,0.0,0,17,8.65,1.9653179190751444,0.0,1.0,2025-05,Tuesday
O01352,2025-08-28,WH-East,Morning,Packing,E,A001,17,9.24,157.0,0,0.0,0,17,8.88,1.9144144144144142,0.0,1.0,2025-08,Thursday
O01353,2025-03-26,WH-East,Morning,Packing,B,A074,11,12.99,142.9,3,29.8,0,9,8.63,1.2746234067207416,0.0,0.8181818181818182,2025-03,Wednesday
O01354,2025-09-22,WH-East,Morning,Picking,A,A032,10,13.05,130.5,0,0.0,0,10,7.33,1.364256480218281,0.0,1.0,2025-09,Monday
O01355,2025-09-13,WH-North,Afternoon,Picking,A,A038,19,14.26,270.9,3,51.4,0,17,8.74,2.1739130434782608,0.0,0.8947368421052632,2025-09,Saturday
O01356,2025-03-14,WH-West,Night,Sorting,A,A076,20,10.29,205.8,1,22.3,0,20,7.65,2.6143790849673203,0.0,1.0,2025-03,Friday
O01357,2025-10-18,WH-North,Morning,Picking,B,A034,16,14.04,224.6,1,17.3,0,16,8.76,1.8264840182648403,0.0,1.0,2025-10,Saturday
O01358,2025-01-20,WH-West,Afternoon,Packing,C,A005,23,8.32,191.4,1,18.3,0,23,8.99,2.558398220244716,0.0,1.0,2025-01,Monday
O01359,2025-06-10,WH-South,Afternoon,Packing,B,A057,17,11.59,197.0,2,25.7,0,16,7.58,2.242744063324538,0.0,0.9411764705882353,2025-06,Tuesday
O01360,2025-07-18,WH-West,Night,Packing,B,A009,22,10.87,239.1,0,0.0,1,22,7.93,2.7742749054224465,0.045454545454545456,1.0,2025-07,Friday
O01361,2025-05-17,WH-North,Morning,Picking,B,A051,19,15.13,287.5,1,15.7,0,19,8.92,2.1300448430493275,0.0,1.0,2025-05,Saturday
O01362,2025-11-15,WH-North,Morning,Picking,E,A008,22,15.92,350.2,3,36.6,0,20,7.97,2.7603513174404015,0.0,0.9090909090909091,2025-11,Saturday
O01363,2025-12-14,WH-South,Morning,Dispatch,A,A058,22,8.38,184.4,2,44.9,0,21,7.59,2.898550724637681,0.0,0.9545454545454546,2025-12,Sunday
O01364,2025-09-07,WH-South,Night,Dispatch,B,A046,16,10.64,170.3,1,14.8,0,16,7.14,2.2408963585434174,0.0,1.0,2025-09,Sunday
O01365,2025-06-11,WH-East,Afternoon,Sorting,C,A017,14,8.78,123.0,1,24.2,0,14,8.02,1.745635910224439,0.0,1.0,2025-06,Wednesday
O01366,2025-10-30,WH-East,Afternoon,Dispatch,D,A032,20,13.67,273.4,0,0.0,0,20,7.57,2.642007926023778,0.0,1.0,2025-10,Thursday
O01367,2025-06-29,WH-South,Afternoon,Picking,C,A008,16,13.08,209.3,2,48.5,1,15,8.13,1.9680196801968017,0.0625,0.9375,2025-06,Sunday
O01368,2025-12-24,WH-South,Afternoon,Picking,C,A066,16,12.75,204.0,0,0.0,0,16,8.73,1.8327605956471935,0.0,1.0,2025-12,Wednesday
O01369,2025-04-08,WH-East,Morning,Packing,E,A018,17,10.68,181.6,0,0.0,0,17,8.3,2.048192771084337,0.0,1.0,2025-04,Tuesday
O01370,2025-02-15,WH-South,Morning,Sorting,D,A038,19,5.0,95.0,1,11.6,0,19,7.3,2.6027397260273974,0.0,1.0,2025-02,Saturday
O01371,2025-02-01,WH-West,Afternoon,Sorting,C,A075,20,10.01,200.3,2,20.5,0,19,7.92,2.525252525252525,0.0,0.95,2025-02,Saturday
O01372,2025-09-19,WH-South,Afternoon,Picking,B,A058,15,11.1,166.4,3,77.4,0,13,7.22,2.0775623268698062,0.0,0.8666666666666667,2025-09,Friday
O01373,2025-04-30,WH-North,Night,Packing,D,A007,17,6.6,112.3,3,44.1,0,15,8.69,1.9562715765247412,0.0,0.8823529411764706,2025-04,Wednesday
O01374,2025-12-09,WH-East,Night,Picking,B,A049,21,10.57,221.9,3,41.0,0,19,8.27,2.5392986698911733,0.0,0.9047619047619048,2025-12,Tuesday
O01375,2025-02-17,WH-West,Morning,Picking,B,A037,18,10.34,186.2,1,14.9,0,18,8.14,2.211302211302211,0.0,1.0,2025-02,Monday
O01376,2025-06-14,WH-East,Morning,Packing,B,A080,14,11.27,157.8,0,0.0,0,14,7.71,1.8158236057068742,0.0,1.0,2025-06,Saturday
O01377,2025-04-12,WH-South,Afternoon,Packing,C,A036,10,9.74,97.4,1,22.2,0,10,7.14,1.400560224089636,0.0,1.0,2025-04,Saturday
O01378,2025-03-23,WH-East,Afternoon,Picking,D,A038,17,12.7,215.9,0,0.0,0,17,6.8,2.5,0.0,1.0,2025-03,Sunday
O01379,2025-01-18,WH-South,Night,Sorting,D,A007,25,5.0,125.0,2,46.8,0,24,6.63,3.770739064856712,0.0,0.96,2025-01,Saturday
O01380,2025-05-22,WH-South,Night,Sorting,A,A064,14,8.78,122.9,1,18.7,0,14,7.13,1.9635343618513323,0.0,1.0,2025-05,Thursday
O01381,2025-07-08,WH-South,Morning,Packing,D,A074,13,10.7,139.2,1,19.5,0,13,7.29,1.7832647462277091,0.0,1.0,2025-07,Tuesday
O01382,2025-07-13,WH-West,Night,Picking,B,A023,16,14.12,225.8,0,0.0,0,16,8.7,1.8390804597701151,0.0,1.0,2025-07,Sunday
O01383,2025-10-15,WH-South,Night,Picking,B,A002,17,16.64,282.9,0,0.0,0,17,6.54,2.599388379204893,0.0,1.0,2025-10,Wednesday
O01384,2025-01-17,WH-North,Afternoon,Packing,C,A039,22,6.23,137.0,0,0.0,0,22,8.08,2.722772277227723,0.0,1.0,2025-01,Friday
O01385,2025-05-05,WH-East,Morning,Dispatch,E,A016,18,6.97,125.4,2,59.3,0,17,8.24,2.1844660194174756,0.0,0.9444444444444444,2025-05,Monday
O01386,2025-08-11,WH-North,Afternoon,Picking,B,A006,16,15.94,255.1,0,0.0,1,16,8.2,1.9512195121951221,0.0625,1.0,2025-08,Monday
O01387,2025-02-07,WH-East,Morning,Picking,D,A077,27,13.85,373.9,1,25.5,0,27,7.68,3.515625,0.0,1.0,2025-02,Friday
O01388,2025-04-02,WH-North,Morning,Packing,A,A046,17,9.67,164.4,0,0.0,0,17,8.49,2.0023557126030624,0.0,1.0,2025-04,Wednesday
O01389,2025-05-19,WH-East,Afternoon,Packing,B,A075,26,7.92,206.0,2,47.0,0,25,7.39,3.5182679296346415,0.0,0.9615384615384616,2025-05,Monday
O01390,2025-01-06,WH-North,Morning,Picking,D,A038,18,17.39,313.0,3,63.9,0,16,8.96,2.008928571428571,0.0,0.8888888888888888,2025-01,Monday
O01391,2025-08-11,WH-North,Night,Picking,C,A036,24,14.03,336.6,1,19.3,0,24,8.35,2.874251497005988,0.0,1.0,2025-08,Monday
O01392,2025-02-05,WH-North,Afternoon,Picking,E,A012,18,11.32,203.8,1,9.9,1,18,7.35,2.4489795918367347,0.05555555555555555,1.0,2025-02,Wednesday
O01393,2025-07-15,WH-North,Afternoon,Picking,C,A002,10,16.27,162.7,0,0.0,0,10,7.12,1.4044943820224718,0.0,1.0,2025-07,Tuesday
O01394,2025-02-27,WH-West,Morning,Picking,B,A027,23,11.94,274.6,1,11.6,0,23,7.66,3.0026109660574414,0.0,1.0,2025-02,Thursday
O01395,2025-03-24,WH-East,Morning,Packing,C,A012,18,8.7,156.6,0,0.0,2,18,7.88,2.284263959390863,0.1111111111111111,1.0,2025-03,Monday
O01396,2025-03-12,WH-North,Afternoon,Sorting,C,A067,19,8.59,163.2,2,26.7,0,18,7.61,2.4967148488830486,0.0,0.9473684210526315,2025-03,Wednesday
O01397,2025-11-10,WH-East,Afternoon,Picking,B,A029,24,12.34,296.1,3,56.5,1,22,8.69,2.761795166858458,0.041666666666666664,0.9166666666666666,2025-11,Monday
O01398,2025-08-07,WH-South,Afternoon,Picking,B,A004,23,15.83,364.1,0,0.0,1,23,8.09,2.8430160692212607,0.043478260869565216,1.0,2025-08,Thursday
O01399,2025-06-28,WH-East,Morning,Packing,C,A014,10,10.47,104.7,0,0.0,0,10,8.87,1.1273957158962797,0.0,1.0,2025-06,Saturday
O01400,2025-03-28,WH-West,Night,Picking,D,A008,13,14.35,186.6,2,40.8,0,12,8.39,1.5494636471990464,0.0,0.9230769230769231,2025-03,Friday
O01401,2025-12-14,WH-East,Morning,Dispatch,D,A056,11,10.84,119.3,0,0.0,0,11,8.13,1.3530135301353012,0.0,1.0,2025-12,Sunday
O01402,2025-07-18,WH-East,Afternoon,Packing,D,A026,14,12.03,168.4,2,41.2,0,13,8.43,1.66073546856465,0.0,0.9285714285714286,2025-07,Friday
O01403,2025-12-04,WH-West,Morning,Sorting,E,A065,12,10.0,120.0,0,0.0,0,12,6.59,1.8209408194233687,0.0,1.0,2025-12,Thursday
O01404,2025-04-04,WH-South,Night,Packing,A,A071,22,10.84,238.6,1,9.5,0,22,7.75,2.838709677419355,0.0,1.0,2025-04,Friday
O01405,2025-09-17,WH-West,Night,Picking,D,A006,23,15.48,356.1,3,74.6,1,21,8.56,2.6869158878504673,0.043478260869565216,0.9130434782608695,2025-09,Wednesday
O01406,2025-10-10,WH-South,Morning,Sorting,D,A015,10,11.08,110.8,2,55.9,0,9,8.73,1.145475372279496,0.0,0.9,2025-10,Friday
O01407,2025-06-13,WH-North,Afternoon,Picking,D,A057,15,12.71,190.7,0,0.0,0,15,6.95,2.158273381294964,0.0,1.0,2025-06,Friday
O01408,2025-03-28,WH-East,Night,Dispatch,A,A012,23,14.25,327.7,1,10.6,1,23,8.1,2.8395061728395063,0.043478260869565216,1.0,2025-03,Friday
O01409,2025-09-29,WH-North,Morning,Packing,E,A044,14,6.49,90.8,0,0.0,1,14,8.19,1.7094017094017095,0.07142857142857142,1.0,2025-09,Monday
O01410,2025-08-25,WH-South,Morning,Packing,B,A057,17,11.59,197.0,1,9.0,0,17,7.46,2.278820375335121,0.0,1.0,2025-08,Monday
O01411,2025-12-25,WH-East,Morning,Picking,C,A048,26,10.02,260.6,0,0.0,1,26,6.6,3.9393939393939394,0.038461538461538464,1.0,2025-12,Thursday
O01412,2025-02-16,WH-East,Morning,Sorting,B,A042,9,7.96,71.6,1,27.1,0,9,8.46,1.0638297872340425,0.0,1.0,2025-02,Sunday
O01413,2025-12-05,WH-West,Afternoon,Packing,E,A034,14,8.93,125.0,2,59.0,0,13,8.66,1.6166281755196306,0.0,0.9285714285714286,2025-12,Friday
O01414,2025-09-15,WH-North,Night,Picking,D,A022,23,16.67,383.5,1,26.4,1,23,7.43,3.095558546433378,0.043478260869565216,1.0,2025-09,Monday
O01415,2025-10-09,WH-North,Morning,Dispatch,E,A068,15,13.27,199.1,0,0.0,0,15,8.52,1.7605633802816902,0.0,1.0,2025-10,Thursday
O01416,2025-03-30,WH-South,Morning,Sorting,A,A041,15,11.36,170.4,1,21.3,0,15,7.98,1.8796992481203008,0.0,1.0,2025-03,Sunday
O01417,2025-05-19,WH-West,Morning,Picking,E,A051,17,17.02,289.3,3,41.4,0,15,8.61,1.9744483159117308,0.0,0.8823529411764706,2025-05,Monday
O01418,2025-07-26,WH-South,Morning,Packing,B,A051,21,9.11,191.3,1,10.2,1,21,8.59,2.4447031431897557,0.047619047619047616,1.0,2025-07,Saturday
O01419,2025-03-26,WH-West,Afternoon,Dispatch,A,A037,25,9.31,232.7,0,0.0,2,25,8.54,2.927400468384075,0.08,1.0,2025-03,Wednesday
O01420,2025-10-27,WH-East,Afternoon,Picking,B,A017,23,11.69,268.8,0,0.0,2,23,7.4,3.108108108108108,0.08695652173913043,1.0,2025-10,Monday
O01421,2025-09-29,WH-West,Afternoon,Picking,A,A075,19,18.81,357.4,1,19.5,0,19,7.23,2.627939142461964,0.0,1.0,2025-09,Monday
O01422,2025-02-18,WH-East,Morning,Packing,B,A045,18,10.07,181.3,0,0.0,0,18,7.91,2.275600505689001,0.0,1.0,2025-02,Tuesday
O01423,2025-01-30,WH-West,Morning,Packing,B,A001,13,10.43,135.6,0,0.0,1,13,6.79,1.914580265095729,0.07692307692307693,1.0,2025-01,Thursday
O01424,2025-01-06,WH-South,Morning,Packing,E,A066,22,8.17,179.7,2,30.7,0,21,7.36,2.9891304347826084,0.0,0.9545454545454546,2025-01,Monday
O01425,2025-05-11,WH-South,Night,Packing,B,A023,19,8.91,169.3,2,29.0,0,18,8.06,2.357320099255583,0.0,0.9473684210526315,2025-05,Sunday
O01426,2025-03-15,WH-North,Afternoon,Sorting,C,A003,16,10.03,160.4,0,0.0,0,16,7.59,2.1080368906455864,0.0,1.0,2025-03,Saturday
O01427,2025-03-05,WH-North,Morning,Sorting,D,A005,16,6.43,102.9,2,47.1,0,15,7.06,2.26628895184136,0.0,0.9375,2025-03,Wednesday
O01428,2025-06-05,WH-North,Afternoon,Picking,C,A075,12,18.2,218.4,1,17.5,0,12,8.97,1.3377926421404682,0.0,1.0,2025-06,Thursday
O01429,2025-04-18,WH-East,Night,Packing,C,A033,8,7.92,63.4,3,79.0,0,6,6.63,1.2066365007541477,0.0,0.75,2025-04,Friday
O01430,2025-08-25,WH-South,Morning,Sorting,B,A036,14,5.0,70.0,0,0.0,0,14,6.69,2.092675635276532,0.0,1.0,2025-08,Monday
O01431,2025-04-08,WH-West,Afternoon,Packing,A,A010,22,11.87,261.2,1,18.2,1,22,8.76,2.5114155251141552,0.045454545454545456,1.0,2025-04,Tuesday
O01432,2025-03-13,WH-East,Morning,Packing,E,A049,26,9.12,237.2,2,53.1,0,25,8.48,3.0660377358490565,0.0,0.9615384615384616,2025-03,Thursday
O01433,2025-07-19,WH-West,Morning,Sorting,D,A054,16,9.96,159.4,0,0.0,0,16,6.67,2.39880059970015,0.0,1.0,2025-07,Saturday
O01434,2025-08-09,WH-West,Night,Picking,D,A009,24,15.73,377.6,1,8.9,2,24,6.7,3.582089552238806,0.08333333333333333,1.0,2025-08,Saturday
O01435,2025-06-27,WH-East,Morning,Picking,A,A037,18,15.84,285.2,2,46.5,2,17,8.03,2.2415940224159403,0.1111111111111111,0.9444444444444444,2025-06,Friday
O01436,2025-09-13,WH-West,Morning,Sorting,C,A031,26,7.05,183.2,0,0.0,0,26,7.01,3.708987161198288,0.0,1.0,2025-09,Saturday
O01437,2025-06-11,WH-North,Morning,Packing,B,A037,20,13.5,270.0,1,27.9,1,20,7.9,2.531645569620253,0.05,1.0,2025-06,Wednesday
O01438,2025-01-07,WH-North,Afternoon,Packing,D,A012,20,11.14,222.8,0,0.0,0,20,7.85,2.547770700636943,0.0,1.0,2025-01,Tuesday
O01439,2025-01-10,WH-South,Night,Packing,D,A059,12,10.35,124.2,3,54.3,0,10,7.65,1.5686274509803921,0.0,0.8333333333333334,2025-01,Friday
O01440,2025-04-30,WH-West,Morning,Picking,C,A056,13,12.53,163.0,0,0.0,0,13,6.98,1.8624641833810887,0.0,1.0,2025-04,Wednesday
O01441,2025-03-24,WH-South,Afternoon,Picking,E,A055,17,12.88,219.0,2,46.9,0,16,6.87,2.4745269286754,0.0,0.9411764705882353,2025-03,Monday
O01442,2025-05-08,WH-North,Night,Picking,B,A051,20,16.13,322.6,0,0.0,2,20,7.59,2.635046113306983,0.1,1.0,2025-05,Thursday
O01443,2025-05-31,WH-West,Morning,Picking,D,A026,26,15.84,411.8,0,0.0,0,26,7.61,3.416557161629435,0.0,1.0,2025-05,Saturday
O01444,2025-01-27,WH-South,Morning,Picking,D,A077,11,13.46,148.1,1,8.9,0,11,8.32,1.3221153846153846,0.0,1.0,2025-01,Monday
O01445,2025-04-20,WH-East,Afternoon,Picking,D,A034,13,12.29,159.8,2,29.6,1,12,8.62,1.5081206496519723,0.07692307692307693,0.9230769230769231,2025-04,Sunday
O01446,2025-05-31,WH-East,Afternoon,Packing,B,A028,22,8.71,191.6,0,0.0,0,22,6.66,3.303303303303303,0.0,1.0,2025-05,Saturday
O01447,2025-10-16,WH-North,Afternoon,Picking,A,A072,17,9.67,164.3,1,15.0,1,17,7.86,2.162849872773537,0.058823529411764705,1.0,2025-10,Thursday
O01448,2025-07-19,WH-East,Afternoon,Dispatch,D,A043,24,12.84,308.2,2,22.8,0,23,8.48,2.830188679245283,0.0,0.9583333333333334,2025-07,Saturday
O01449,2025-12-08,WH-East,Night,Sorting,C,A035,19,9.75,185.2,0,0.0,0,19,7.51,2.5299600532623168,0.0,1.0,2025-12,Monday
O01450,2025-05-31,WH-North,Afternoon,Dispatch,C,A039,17,5.11,86.9,1,24.9,0,17,7.18,2.367688022284123,0.0,1.0,2025-05,Saturday
O01451,2025-07-06,WH-South,Morning,Packing,A,A028,7,11.04,77.3,3,88.9,0,5,6.97,1.0043041606886658,0.0,0.7142857142857143,2025-07,Sunday
O01452,2025-09-23,WH-West,Night,Picking,E,A041,25,13.19,329.6,1,15.8,0,25,7.2,3.4722222222222223,0.0,1.0,2025-09,Tuesday
O01453,2025-01-09,WH-South,Morning,Packing,C,A002,23,10.61,244.1,0,0.0,3,23,7.42,3.0997304582210243,0.13043478260869565,1.0,2025-01,Thursday
O01454,2025-09-20,WH-North,Afternoon,Picking,B,A015,17,11.91,202.4,2,38.2,1,16,6.76,2.514792899408284,0.058823529411764705,0.9411764705882353,2025-09,Saturday
O01455,2025-08-17,WH-North,Morning,Packing,C,A016,20,11.3,226.0,1,23.6,1,20,6.81,2.9368575624082234,0.05,1.0,2025-08,Sunday
O01456,2025-08-28,WH-South,Morning,Sorting,C,A006,14,12.9,180.5,1,27.1,0,14,6.71,2.0864381520119224,0.0,1.0,2025-08,Thursday
O01457,2025-02-22,WH-East,Morning,Picking,D,A001,15,16.08,241.2,1,26.6,0,15,6.59,2.276176024279211,0.0,1.0,2025-02,Saturday
O01458,2025-12-26,WH-West,Afternoon,Picking,C,A010,16,13.83,221.2,2,54.6,0,15,8.99,1.7797552836484982,0.0,0.9375,2025-12,Friday
O01459,2025-12-31,WH-West,Night,Picking,A,A004,15,13.49,202.4,3,42.4,0,13,7.57,1.9815059445178336,0.0,0.8666666666666667,2025-12,Wednesday
O01460,2025-11-25,WH-East,Morning,Packing,A,A009,18,11.79,212.2,1,21.1,0,18,7.31,2.4623803009575926,0.0,1.0,2025-11,Tuesday
O01461,2025-10-20,WH-South,Afternoon,Packing,A,A058,29,9.32,270.3,0,0.0,0,29,6.93,4.184704184704185,0.0,1.0,2025-10,Monday
O01462,2025-03-12,WH-North,Morning,Sorting,B,A016,23,10.12,232.7,2,57.2,1,22,8.13,2.8290282902829027,0.043478260869565216,0.9565217391304348,2025-03,Wednesday
O01463,2025-03-08,WH-North,Afternoon,Packing,E,A060,18,11.39,205.1,1,18.2,0,18,6.53,2.756508422664625,0.0,1.0,2025-03,Saturday
O01464,2025-12-06,WH-West,Afternoon,Picking,E,A005,20,13.81,276.2,3,25.7,2,18,8.9,2.2471910112359548,0.1,0.9,2025-12,Saturday
O01465,2025-12-15,WH-East,Night,Packing,B,A038,10,6.92,69.2,1,16.7,0,10,7.21,1.3869625520110958,0.0,1.0,2025-12,Monday
O01466,2025-05-29,WH-North,Night,Packing,B,A046,21,12.05,253.0,4,112.1,0,18,7.43,2.8263795423956934,0.0,0.8571428571428571,2025-05,Thursday
O01467,2025-12-14,WH-East,Afternoon,Sorting,E,A041,22,8.49,186.9,0,0.0,0,22,8.17,2.692778457772338,0.0,1.0,2025-12,Sunday
O01468,2025-10-25,WH-East,Morning,Sorting,D,A017,16,8.32,133.2,1,23.6,1,16,7.03,2.2759601706970125,0.0625,1.0,2025-10,Saturday
O01469,2025-12-23,WH-North,Night,Picking,E,A027,15,11.99,179.9,2,50.3,1,14,8.29,1.8094089264173705,0.06666666666666667,0.9333333333333333,2025-12,Tuesday
O01470,2025-04-22,WH-North,Morning,Dispatch,A,A064,12,13.24,158.9,1,13.9,0,12,8.95,1.340782122905028,0.0,1.0,2025-04,Tuesday
O01471,2025-05-15,WH-North,Morning,Picking,A,A005,16,14.74,235.8,2,35.1,2,15,7.07,2.263083451202263,0.125,0.9375,2025-05,Thursday
O01472,2025-08-28,WH-South,Afternoon,Picking,D,A064,21,11.7,245.7,1,23.6,0,21,6.53,3.215926493108729,0.0,1.0,2025-08,Thursday
O01473,2025-02-09,WH-North,Afternoon,Sorting,E,A008,14,5.0,70.0,1,8.5,1,14,7.94,1.7632241813602014,0.07142857142857142,1.0,2025-02,Sunday
O01474,2025-04-03,WH-East,Morning,Picking,D,A011,25,15.59,389.8,1,18.5,1,25,8.22,3.041362530413625,0.04,1.0,2025-04,Thursday
O01475,2025-11-15,WH-West,Afternoon,Packing,D,A029,17,6.3,107.1,2,16.6,3,16,7.95,2.138364779874214,0.17647058823529413,0.9411764705882353,2025-11,Saturday
O01476,2025-12-06,WH-West,Morning,Packing,A,A050,23,11.21,257.7,1,24.2,2,23,6.53,3.5222052067381315,0.08695652173913043,1.0,2025-12,Saturday
O01477,2025-07-12,WH-South,Morning,Packing,C,A018,19,14.73,279.9,1,25.0,2,19,7.18,2.6462395543175488,0.10526315789473684,1.0,2025-07,Saturday
O01478,2025-09-04,WH-East,Morning,Picking,D,A049,22,17.42,383.3,0,0.0,0,22,7.56,2.9100529100529102,0.0,1.0,2025-09,Thursday
O01479,2025-11-07,WH-North,Morning,Packing,E,A066,17,10.61,180.4,2,23.5,2,16,8.31,2.045728038507822,0.11764705882352941,0.9411764705882353,2025-11,Friday
O01480,2025-02-21,WH-West,Afternoon,Dispatch,D,A041,21,14.6,306.5,1,28.0,0,21,7.6,2.763157894736842,0.0,1.0,2025-02,Friday
O01481,2025-02-14,WH-South,Night,Picking,E,A041,21,14.48,304.2,0,0.0,0,21,6.8,3.088235294117647,0.0,1.0,2025-02,Friday
O01482,2025-03-26,WH-East,Morning,Picking,A,A028,24,11.26,270.2,1,16.2,2,24,7.38,3.252032520325203,0.08333333333333333,1.0,2025-03,Wednesday
O01483,2025-02-10,WH-North,Night,Packing,B,A074,22,12.05,265.2,0,0.0,1,22,7.28,3.021978021978022,0.045454545454545456,1.0,2025-02,Monday
O01484,2025-10-31,WH-North,Afternoon,Sorting,B,A066,14,12.15,170.0,0,0.0,0,14,8.59,1.6298020954598371,0.0,1.0,2025-10,Friday
O01485,2025-06-16,WH-West,Afternoon,Dispatch,B,A075,14,14.16,198.2,2,59.6,0,13,8.38,1.6706443914081144,0.0,0.9285714285714286,2025-06,Monday
O01486,2025-09-09,WH-North,Morning,Dispatch,B,A035,17,7.41,126.0,0,0.0,2,17,7.84,2.1683673469387754,0.11764705882352941,1.0,2025-09,Tuesday
O01487,2025-02-28,WH-East,Afternoon,Picking,E,A029,19,12.46,236.7,1,21.3,1,19,7.24,2.6243093922651934,0.05263157894736842,1.0,2025-02,Friday
O01488,2025-08-04,WH-West,Morning,Dispatch,A,A015,16,10.45,167.2,0,0.0,0,16,7.3,2.191780821917808,0.0,1.0,2025-08,Monday
O01489,2025-10-15,WH-South,Morning,Picking,A,A032,12,16.61,199.3,3,39.3,0,10,8.4,1.4285714285714286,0.0,0.8333333333333334,2025-10,Wednesday
O01490,2025-02-10,WH-West,Morning,Dispatch,E,A029,25,12.36,309.1,1,13.1,0,25,8.16,3.063725490196078,0.0,1.0,2025-02,Monday
O01491,2025-09-19,WH-North,Afternoon,Picking,B,A016,14,19.41,271.8,1,26.2,2,14,8.6,1.627906976744186,0.14285714285714285,1.0,2025-09,Friday
O01492,2025-09-20,WH-West,Morning,Picking,E,A033,19,17.29,328.6,0,0.0,0,19,7.02,2.706552706552707,0.0,1.0,2025-09,Saturday
O01493,2025-03-31,WH-East,Morning,Picking,B,A020,16,15.77,252.3,0,0.0,1,16,6.67,2.39880059970015,0.0625,1.0,2025-03,Monday
O01494,2025-02-26,WH-South,Night,Packing,A,A015,15,12.77,191.6,1,25.0,0,15,8.65,1.7341040462427746,0.0,1.0,2025-02,Wednesday
O01495,2025-06-06,WH-South,Night,Picking,E,A073,14,14.8,207.2,0,0.0,0,14,8.62,1.6241299303944317,0.0,1.0,2025-06,Friday
O01496,2025-09-09,WH-West,Night,Picking,C,A020,24,14.82,355.6,1,20.6,1,24,8.4,2.857142857142857,0.041666666666666664,1.0,2025-09,Tuesday
O01497,2025-10-21,WH-South,Morning,Dispatch,A,A054,13,10.15,132.0,0,0.0,1,13,6.98,1.8624641833810887,0.07692307692307693,1.0,2025-10,Tuesday
O01498,2025-05-21,WH-East,Afternoon,Dispatch,E,A075,18,11.67,210.1,1,20.0,1,18,7.28,2.4725274725274726,0.05555555555555555,1.0,2025-05,Wednesday
O01499,2025-09-07,WH-South,Morning,Sorting,A,A069,29,8.31,241.0,0,0.0,0,29,6.98,4.154727793696275,0.0,1.0,2025-09,Sunday
O01500,2025-09-03,WH-West,Afternoon,Picking,C,A067,20,8.25,165.0,3,62.0,0,18,8.78,2.277904328018223,0.0,0.9,2025-09,Wednesday
O01501,2025-07-11,WH-West,Morning,Sorting,D,A061,23,5.0,115.0,1,20.3,1,23,8.84,2.6018099547511313,0.043478260869565216,1.0,2025-07,Friday
O01502,2025-02-05,WH-North,Afternoon,Dispatch,D,A018,22,12.73,280.1,3,85.0,0,20,8.76,2.5114155251141552,0.0,0.9090909090909091,2025-02,Wednesday
O01503,2025-10-14,WH-North,Night,Sorting,B,A024,15,10.7,160.5,1,26.3,0,15,7.43,2.018842530282638,0.0,1.0,2025-10,Tuesday
O01504,2025-02-26,WH-West,Morning,Picking,D,A072,23,17.11,393.6,1,10.4,0,23,6.7,3.432835820895522,0.0,1.0,2025-02,Wednesday
O01505,2025-05-18,WH-North,Afternoon,Packing,B,A037,24,15.92,382.1,1,19.1,0,24,8.97,2.6755852842809364,0.0,1.0,2025-05,Sunday
O01506,2025-04-17,WH-East,Afternoon,Dispatch,D,A056,23,11.53,265.1,3,47.5,0,21,7.14,3.2212885154061626,0.0,0.9130434782608695,2025-04,Thursday
O01507,2025-06-24,WH-West,Morning,Dispatch,E,A027,21,12.68,266.3,0,0.0,0,21,6.73,3.1203566121842496,0.0,1.0,2025-06,Tuesday
O01508,2025-10-06,WH-North,Afternoon,Dispatch,E,A022,20,11.69,233.9,3,61.8,0,18,8.83,2.2650056625141564,0.0,0.9,2025-10,Monday
O01509,2025-01-16,WH-West,Night,Sorting,C,A038,24,6.57,157.6,2,55.4,1,23,8.14,2.9484029484029484,0.041666666666666664,0.9583333333333334,2025-01,Thursday
O01510,2025-09-16,WH-West,Night,Dispatch,D,A059,21,13.33,279.9,0,0.0,0,21,8.54,2.459016393442623,0.0,1.0,2025-09,Tuesday
O01511,2025-11-09,WH-South,Afternoon,Dispatch,B,A037,23,9.31,214.2,0,0.0,0,23,6.74,3.4124629080118694,0.0,1.0,2025-11,Sunday
O01512,2025-03-30,WH-East,Afternoon,Picking,A,A046,23,10.58,243.3,0,0.0,1,23,7.98,2.882205513784461,0.043478260869565216,1.0,2025-03,Sunday
O01513,2025-10-12,WH-East,Morning,Picking,D,A073,24,14.2,340.9,0,0.0,0,24,8.96,2.6785714285714284,0.0,1.0,2025-10,Sunday
O01514,2025-04-11,WH-North,Night,Sorting,B,A022,20,8.99,179.7,1,9.9,0,20,6.52,3.067484662576687,0.0,1.0,2025-04,Friday
O01515,2025-01-01,WH-West,Morning,Sorting,E,A043,27,6.53,176.4,1,22.7,0,27,7.38,3.658536585365854,0.0,1.0,2025-01,Wednesday
O01516,2025-06-10,WH-North,Afternoon,Sorting,E,A040,22,5.0,110.0,0,0.0,0,22,7.08,3.1073446327683616,0.0,1.0,2025-06,Tuesday
O01517,2025-09-01,WH-North,Afternoon,Picking,A,A070,23,10.04,230.9,2,16.8,0,22,7.41,3.1039136302294197,0.0,0.9565217391304348,2025-09,Monday
O01518,2025-02-11,WH-South,Afternoon,Sorting,E,A044,15,6.79,101.8,2,53.2,0,14,8.46,1.7730496453900708,0.0,0.9333333333333333,2025-02,Tuesday
O01519,2025-11-24,WH-South,Afternoon,Packing,A,A020,18,11.32,203.7,1,22.2,1,18,8.27,2.176541717049577,0.05555555555555555,1.0,2025-11,Monday
O01520,2025-11-06,WH-West,Afternoon,Picking,A,A022,8,12.41,99.2,2,46.4,0,7,6.57,1.21765601217656,0.0,0.875,2025-11,Thursday
O01521,2025-09-02,WH-South,Afternoon,Picking,D,A036,20,13.47,269.4,2,43.6,0,19,7.0,2.857142857142857,0.0,0.95,2025-09,Tuesday
O01522,2025-05-23,WH-North,Morning,Packing,C,A010,22,5.34,117.4,1,18.5,1,22,6.99,3.1473533619456364,0.045454545454545456,1.0,2025-05,Friday
O01523,2025-11-20,WH-South,Morning,Dispatch,C,A076,20,15.07,301.3,1,19.9,0,20,7.55,2.6490066225165565,0.0,1.0,2025-11,Thursday
O01524,2025-12-24,WH-West,Afternoon,Packing,A,A068,24,8.03,192.8,1,24.9,0,24,7.67,3.1290743155149934,0.0,1.0,2025-12,Wednesday
O01525,2025-05-07,WH-East,Morning,Dispatch,E,A019,19,14.5,275.6,0,0.0,0,19,7.29,2.606310013717421,0.0,1.0,2025-05,Wednesday
O01526,2025-05-31,WH-West,Morning,Sorting,C,A061,20,7.78,155.5,2,16.6,0,19,8.15,2.4539877300613497,0.0,0.95,2025-05,Saturday
O01527,2025-11-16,WH-South,Morning,Picking,C,A015,17,15.52,263.9,1,22.6,0,17,8.57,1.9836639439906651,0.0,1.0,2025-11,Sunday
O01528,2025-04-12,WH-North,Night,Sorting,C,A024,22,5.0,110.0,1,28.6,0,22,6.78,3.2448377581120944,0.0,1.0,2025-04,Saturday
O01529,2025-10-10,WH-East,Morning,Sorting,D,A067,20,9.28,185.6,1,28.2,0,20,7.57,2.642007926023778,0.0,1.0,2025-10,Friday
O01530,2025-09-14,WH-North,Afternoon,Sorting,D,A003,18,5.0,90.0,3,59.1,0,16,8.81,2.043132803632236,0.0,0.8888888888888888,2025-09,Sunday
O01531,2025-10-26,WH-North,Afternoon,Packing,C,A003,23,13.1,301.4,0,0.0,0,23,6.72,3.422619047619048,0.0,1.0,2025-10,Sunday
O01532,2025-10-24,WH-South,Afternoon,Picking,C,A011,20,16.12,322.3,0,0.0,1,20,7.97,2.5094102885821834,0.05,1.0,2025-10,Friday
O01533,2025-08-17,WH-North,Afternoon,Picking,A,A011,18,14.43,259.7,3,86.4,1,16,8.44,2.132701421800948,0.05555555555555555,0.8888888888888888,2025-08,Sunday
O01534,2025-07-25,WH-North,Night,Picking,A,A015,16,17.01,272.1,2,26.0,0,15,8.04,1.9900497512437814,0.0,0.9375,2025-07,Friday
O01535,2025-11-21,WH-North,Night,Sorting,E,A080,19,9.79,185.9,4,112.4,1,16,8.25,2.303030303030303,0.05263157894736842,0.8421052631578947,2025-11,Friday
O01536,2025-02-18,WH-East,Afternoon,Dispatch,B,A071,17,16.79,285.4,2,42.7,2,16,8.97,1.8952062430323298,0.11764705882352941,0.9411764705882353,2025-02,Tuesday
O01537,2025-11-14,WH-East,Afternoon,Picking,D,A035,14,18.31,256.3,1,28.1,0,14,7.59,1.844532279314888,0.0,1.0,2025-11,Friday
O01538,2025-06-12,WH-East,Morning,Packing,D,A028,14,13.72,192.0,3,74.5,0,12,7.69,1.8205461638491547,0.0,0.8571428571428571,2025-06,Thursday
O01539,2025-03-07,WH-West,Afternoon,Packing,D,A039,18,9.83,177.0,2,51.2,0,17,7.8,2.307692307692308,0.0,0.9444444444444444,2025-03,Friday
O01540,2025-06-24,WH-South,Afternoon,Packing,C,A078,15,8.84,132.6,1,26.5,0,15,8.62,1.7401392111368912,0.0,1.0,2025-06,Tuesday
O01541,2025-02-28,WH-West,Night,Sorting,E,A063,24,8.32,199.8,2,49.9,1,23,7.42,3.234501347708895,0.041666666666666664,0.9583333333333334,2025-02,Friday
O01542,2025-09-14,WH-North,Night,Picking,D,A059,14,12.17,170.4,2,22.9,1,13,7.66,1.8276762402088773,0.07142857142857142,0.9285714285714286,2025-09,Sunday
O01543,2025-03-20,WH-North,Afternoon,Sorting,C,A021,25,9.95,248.8,0,0.0,1,25,7.32,3.4153005464480874,0.04,1.0,2025-03,Thursday
O01544,2025-05-11,WH-North,Night,Packing,B,A055,19,8.94,169.8,1,21.7,0,19,8.78,2.1640091116173124,0.0,1.0,2025-05,Sunday
O01545,2025-08-13,WH-South,Night,Dispatch,A,A070,23,16.3,375.0,2,51.7,0,22,8.3,2.7710843373493974,0.0,0.9565217391304348,2025-08,Wednesday
O01546,2025-06-07,WH-South,Morning,Packing,A,A077,21,13.55,284.6,1,17.9,1,21,8.79,2.3890784982935154,0.047619047619047616,1.0,2025-06,Saturday
O01547,2025-09-15,WH-South,Night,Sorting,B,A072,11,8.0,88.0,2,34.3,0,10,7.37,1.4925373134328357,0.0,0.9090909090909091,2025-09,Monday
O01548,2025-10-31,WH-West,Afternoon,Picking,B,A040,15,15.4,231.0,3,63.7,1,13,7.64,1.9633507853403143,0.06666666666666667,0.8666666666666667,2025-10,Friday
O01549,2025-12-10,WH-East,Night,Packing,D,A005,15,7.21,108.1,0,0.0,0,15,7.2,2.0833333333333335,0.0,1.0,2025-12,Wednesday
O01550,2025-02-11,WH-South,Morning,Packing,E,A017,14,11.06,154.9,1,11.6,1,14,7.32,1.9125683060109289,0.07142857142857142,1.0,2025-02,Tuesday
O01551,2025-06-29,WH-West,Afternoon,Picking,C,A026,24,10.45,250.7,2,24.1,0,23,7.16,3.35195530726257,0.0,0.9583333333333334,2025-06,Sunday
O01552,2025-02-11,WH-North,Morning,Picking,D,A030,24,9.07,217.8,0,0.0,1,24,6.64,3.6144578313253013,0.041666666666666664,1.0,2025-02,Tuesday
O01553,2025-10-02,WH-South,Night,Packing,E,A016,15,11.36,170.4,1,24.3,1,15,8.87,1.6910935738444195,0.06666666666666667,1.0,2025-10,Thursday
O01554,2025-07-24,WH-North,Morning,Picking,A,A047,22,14.87,327.1,2,38.4,0,21,6.61,3.328290468986384,0.0,0.9545454545454546,2025-07,Thursday
O01555,2025-10-22,WH-West,Morning,Packing,D,A001,11,10.68,117.5,0,0.0,0,11,8.04,1.3681592039800996,0.0,1.0,2025-10,Wednesday
O01556,2025-03-30,WH-East,Morning,Packing,B,A061,15,10.61,159.1,3,59.5,1,13,7.09,2.1156558533145278,0.06666666666666667,0.8666666666666667,2025-03,Sunday
O01557,2025-11-16,WH-West,Afternoon,Picking,E,A045,16,11.21,179.3,4,59.5,1,13,7.92,2.0202020202020203,0.0625,0.8125,2025-11,Sunday
O01558,2025-12-06,WH-East,Night,Picking,D,A032,23,11.92,274.2,0,0.0,0,23,8.38,2.7446300715990453,0.0,1.0,2025-12,Saturday
O01559,2025-11-08,WH-North,Night,Picking,C,A038,18,10.15,182.7,1,29.4,1,18,7.58,2.37467018469657,0.05555555555555555,1.0,2025-11,Saturday
O01560,2025-05-13,WH-North,Night,Packing,C,A063,17,7.01,119.2,2,19.1,0,16,8.29,2.0506634499396865,0.0,0.9411764705882353,2025-05,Tuesday
O01561,2025-02-05,WH-East,Afternoon,Packing,E,A075,24,9.19,220.6,4,112.5,1,21,7.44,3.225806451612903,0.041666666666666664,0.875,2025-02,Wednesday
O01562,2025-07-25,WH-South,Afternoon,Picking,D,A057,25,10.97,274.2,0,0.0,1,25,6.73,3.714710252600297,0.04,1.0,2025-07,Friday
O01563,2025-12-07,WH-East,Morning,Packing,B,A021,19,10.33,196.2,1,21.3,0,19,8.71,2.1814006888633752,0.0,1.0,2025-12,Sunday
O01564,2025-12-08,WH-West,Morning,Picking,B,A063,13,14.54,189.0,3,26.4,1,11,6.54,1.9877675840978593,0.07692307692307693,0.8461538461538461,2025-12,Monday
O01565,2025-03-16,WH-West,Morning,Picking,B,A018,18,13.95,251.1,1,8.2,2,18,8.06,2.2332506203473943,0.1111111111111111,1.0,2025-03,Sunday
O01566,2025-03-11,WH-South,Night,Dispatch,E,A078,14,8.86,124.0,2,49.0,0,13,8.76,1.5981735159817352,0.0,0.9285714285714286,2025-03,Tuesday
O01567,2025-06-21,WH-West,Morning,Dispatch,A,A063,19,10.21,194.0,0,0.0,0,19,8.04,2.3631840796019903,0.0,1.0,2025-06,Saturday
O01568,2025-01-22,WH-East,Afternoon,Picking,B,A009,16,14.63,234.1,2,58.7,0,15,7.92,2.0202020202020203,0.0,0.9375,2025-01,Wednesday
O01569,2025-02-02,WH-South,Morning,Sorting,D,A006,13,6.46,84.0,1,25.0,0,13,7.19,1.8080667593880388,0.0,1.0,2025-02,Sunday
O01570,2025-02-09,WH-North,Morning,Packing,A,A023,22,5.87,129.1,1,24.9,2,22,7.35,2.993197278911565,0.09090909090909091,1.0,2025-02,Sunday
O01571,2025-12-01,WH-East,Morning,Dispatch,B,A051,15,16.57,248.6,0,0.0,0,15,8.49,1.7667844522968197,0.0,1.0,2025-12,Monday
O01572,2025-05-07,WH-East,Night,Packing,D,A028,15,8.22,123.2,3,70.1,1,13,7.08,2.1186440677966103,0.06666666666666667,0.8666666666666667,2025-05,Wednesday
O01573,2025-06-06,WH-South,Morning,Sorting,A,A062,24,11.82,283.6,1,14.7,0,24,7.41,3.2388663967611335,0.0,1.0,2025-06,Friday
O01574,2025-07-28,WH-West,Afternoon,Dispatch,B,A024,14,14.77,206.8,0,0.0,0,14,8.5,1.6470588235294117,0.0,1.0,2025-07,Monday
O01575,2025-02-02,WH-East,Morning,Packing,D,A005,19,9.31,177.0,2,41.2,3,18,8.99,2.1134593993325916,0.15789473684210525,0.9473684210526315,2025-02,Sunday
O01576,2025-04-28,WH-North,Night,Picking,A,A031,26,16.87,438.5,2,35.0,1,25,7.75,3.3548387096774195,0.038461538461538464,0.9615384615384616,2025-04,Monday
O01577,2025-08-18,WH-West,Night,Packing,D,A076,17,12.49,212.4,3,25.8,0,15,7.59,2.2397891963109355,0.0,0.8823529411764706,2025-08,Monday
O01578,2025-09-24,WH-West,Afternoon,Packing,E,A060,16,10.31,164.9,2,42.0,1,15,6.73,2.37741456166419,0.0625,0.9375,2025-09,Wednesday
O01579,2025-05-05,WH-East,Afternoon,Picking,C,A030,20,10.73,214.6,2,20.8,2,19,7.06,2.8328611898017,0.1,0.95,2025-05,Monday
O01580,2025-03-13,WH-East,Night,Picking,E,A036,16,14.53,232.5,0,0.0,0,16,7.89,2.0278833967046896,0.0,1.0,2025-03,Thursday
O01581,2025-12-28,WH-East,Afternoon,Picking,A,A079,13,11.98,155.7,1,10.1,0,13,7.76,1.675257731958763,0.0,1.0,2025-12,Sunday
O01582,2025-03-02,WH-North,Morning,Picking,C,A040,16,10.7,171.2,1,14.9,0,16,7.64,2.094240837696335,0.0,1.0,2025-03,Sunday
O01583,2025-09-20,WH-South,Afternoon,Packing,A,A005,32,8.11,259.6,0,0.0,0,32,8.64,3.7037037037037033,0.0,1.0,2025-09,Saturday
O01584,2025-05-11,WH-North,Night,Picking,E,A074,18,18.74,337.3,2,49.2,1,17,6.93,2.5974025974025974,0.05555555555555555,0.9444444444444444,2025-05,Sunday
O01585,2025-12-13,WH-West,Night,Picking,E,A038,19,16.22,308.2,2,29.4,1,18,8.38,2.267303102625298,0.05263157894736842,0.9473684210526315,2025-12,Saturday
O01586,2025-06-16,WH-West,Afternoon,Picking,B,A077,22,10.96,241.1,1,25.5,0,22,7.53,2.9216467463479416,0.0,1.0,2025-06,Monday
O01587,2025-04-21,WH-West,Morning,Sorting,C,A070,19,10.09,191.7,0,0.0,1,19,7.76,2.448453608247423,0.05263157894736842,1.0,2025-04,Monday
O01588,2025-07-22,WH-West,Night,Picking,A,A079,27,20.16,544.4,1,27.7,3,27,6.87,3.930131004366812,0.1111111111111111,1.0,2025-07,Tuesday
O01589,2025-07-02,WH-East,Night,Picking,B,A045,18,18.62,335.1,1,25.5,3,18,8.92,2.0179372197309418,0.16666666666666666,1.0,2025-07,Wednesday
O01590,2025-12-24,WH-East,Afternoon,Packing,E,A063,24,12.41,297.7,1,25.0,1,24,8.62,2.7842227378190256,0.041666666666666664,1.0,2025-12,Wednesday
O01591,2025-11-15,WH-North,Afternoon,Packing,A,A079,27,5.0,135.0,1,28.2,0,27,8.64,3.125,0.0,1.0,2025-11,Saturday
O01592,2025-09-10,WH-South,Afternoon,Sorting,C,A073,16,11.86,189.8,0,0.0,0,16,7.15,2.2377622377622375,0.0,1.0,2025-09,Wednesday
O01593,2025-03-13,WH-South,Morning,Sorting,C,A050,21,10.25,215.2,2,50.9,0,20,6.52,3.2208588957055215,0.0,0.9523809523809523,2025-03,Thursday
O01594,2025-08-30,WH-South,Night,Packing,E,A040,13,8.86,115.2,0,0.0,0,13,6.97,1.8651362984218078,0.0,1.0,2025-08,Saturday
O01595,2025-08-23,WH-South,Afternoon,Packing,E,A029,13,12.06,156.7,1,28.7,0,13,8.62,1.5081206496519723,0.0,1.0,2025-08,Saturday
O01596,2025-09-03,WH-East,Morning,Packing,E,A078,11,14.15,155.7,0,0.0,0,11,6.75,1.6296296296296295,0.0,1.0,2025-09,Wednesday
O01597,2025-06-28,WH-South,Morning,Picking,C,A054,18,12.1,217.8,1,10.3,0,18,7.36,2.4456521739130435,0.0,1.0,2025-06,Saturday
O01598,2025-01-16,WH-South,Afternoon,Packing,E,A055,13,9.87,128.4,1,15.2,0,13,6.77,1.9202363367799116,0.0,1.0,2025-01,Thursday
O01599,2025-06-13,WH-West,Afternoon,Picking,C,A027,19,17.73,336.8,0,0.0,0,19,6.53,2.909647779479326,0.0,1.0,2025-06,Friday
O01600,2025-05-05,WH-East,Night,Sorting,B,A038,18,11.39,205.0,3,72.0,1,16,8.44,2.132701421800948,0.05555555555555555,0.8888888888888888,2025-05,Monday
O01601,2025-06-11,WH-North,Night,Packing,C,A032,13,11.25,146.3,3,44.0,0,11,8.18,1.5892420537897312,0.0,0.8461538461538461,2025-06,Wednesday
O01602,2025-05-14,WH-East,Night,Dispatch,D,A050,10,15.6,156.0,1,11.7,0,10,8.16,1.2254901960784315,0.0,1.0,2025-05,Wednesday
O01603,2025-05-20,WH-East,Night,Packing,B,A027,24,9.27,222.5,1,20.9,0,24,8.09,2.966625463535229,0.0,1.0,2025-05,Tuesday
O01604,2025-10-17,WH-West,Afternoon,Picking,E,A043,23,14.57,335.1,2,28.9,0,22,7.04,3.2670454545454546,0.0,0.9565217391304348,2025-10,Friday
O01605,2025-05-05,WH-North,Morning,Sorting,C,A059,22,5.04,110.8,1,26.6,0,22,7.99,2.7534418022528158,0.0,1.0,2025-05,Monday
O01606,2025-05-14,WH-South,Morning,Sorting,B,A072,11,9.18,101.0,1,9.3,0,11,8.55,1.286549707602339,0.0,1.0,2025-05,Wednesday
O01607,2025-06-11,WH-West,Morning,Sorting,D,A052,11,8.98,98.8,0,0.0,0,11,7.2,1.5277777777777777,0.0,1.0,2025-06,Wednesday
O01608,2025-02-15,WH-West,Afternoon,Dispatch,D,A022,12,13.4,160.8,1,14.4,0,12,8.0,1.5,0.0,1.0,2025-02,Saturday
O01609,2025-06-22,WH-North,Night,Packing,C,A079,12,6.82,81.9,1,15.4,1,12,8.99,1.3348164627363737,0.08333333333333333,1.0,2025-06,Sunday
O01610,2025-09-17,WH-East,Afternoon,Sorting,C,A054,11,9.01,99.1,1,15.6,0,11,8.37,1.3142174432497014,0.0,1.0,2025-09,Wednesday
O01611,2025-03-26,WH-North,Afternoon,Sorting,D,A045,18,9.72,175.0,1,20.9,0,18,6.85,2.6277372262773726,0.0,1.0,2025-03,Wednesday
O01612,2025-01-10,WH-West,Night,Dispatch,D,A062,18,11.6,208.8,2,22.4,0,17,6.65,2.706766917293233,0.0,0.9444444444444444,2025-01,Friday
O01613,2025-06-17,WH-North,Night,Picking,E,A024,22,14.1,310.3,3,76.1,2,20,7.44,2.956989247311828,0.09090909090909091,0.9090909090909091,2025-06,Tuesday
O01614,2025-11-08,WH-East,Morning,Packing,B,A012,18,14.46,260.2,0,0.0,1,18,7.06,2.54957507082153,0.05555555555555555,1.0,2025-11,Saturday
O01615,2025-05-12,WH-North,Afternoon,Packing,B,A015,20,8.41,168.3,1,26.2,1,20,8.3,2.4096385542168672,0.05,1.0,2025-05,Monday
O01616,2025-10-24,WH-North,Night,Sorting,E,A021,10,9.15,91.5,4,47.8,0,7,6.53,1.5313935681470137,0.0,0.7,2025-10,Friday
O01617,2025-08-15,WH-North,Morning,Packing,D,A055,23,9.31,214.2,2,53.0,0,22,8.75,2.6285714285714286,0.0,0.9565217391304348,2025-08,Friday
O01618,2025-04-24,WH-East,Morning,Packing,D,A011,20,9.18,183.6,0,0.0,0,20,7.12,2.8089887640449436,0.0,1.0,2025-04,Thursday
O01619,2025-11-05,WH-South,Night,Picking,B,A029,27,13.75,371.3,3,85.3,0,25,7.81,3.4571062740076828,0.0,0.9259259259259259,2025-11,Wednesday
O01620,2025-08-06,WH-West,Afternoon,Picking,B,A072,21,17.94,376.8,1,23.0,0,21,8.35,2.51497005988024,0.0,1.0,2025-08,Wednesday
O01621,2025-11-16,WH-South,Morning,Packing,E,A070,22,5.0,110.0,0,0.0,1,22,8.8,2.5,0.045454545454545456,1.0,2025-11,Sunday
O01622,2025-04-07,WH-West,Morning,Packing,B,A041,12,5.0,60.0,0,0.0,0,12,6.86,1.749271137026239,0.0,1.0,2025-04,Monday
O01623,2025-02-20,WH-East,Morning,Dispatch,E,A046,20,13.37,267.3,0,0.0,0,20,8.1,2.469135802469136,0.0,1.0,2025-02,Thursday
O01624,2025-09-02,WH-West,Morning,Dispatch,A,A020,14,8.16,114.2,2,22.1,0,13,7.97,1.7565872020075284,0.0,0.9285714285714286,2025-09,Tuesday
O01625,2025-10-01,WH-East,Afternoon,Picking,D,A077,19,16.13,306.6,0,0.0,2,19,8.62,2.204176334106729,0.10526315789473684,1.0,2025-10,Wednesday
O01626,2025-02-10,WH-West,Morning,Dispatch,E,A074,24,11.2,268.7,0,0.0,1,24,8.94,2.684563758389262,0.041666666666666664,1.0,2025-02,Monday
O01627,2025-04-16,WH-North,Afternoon,Packing,C,A035,15,11.47,172.1,3,61.0,0,13,8.97,1.672240802675585,0.0,0.8666666666666667,2025-04,Wednesday
O01628,2025-05-23,WH-East,Afternoon,Packing,A,A076,19,13.74,261.1,2,54.0,0,18,7.93,2.3959646910466583,0.0,0.9473684210526315,2025-05,Friday
O01629,2025-03-13,WH-North,Afternoon,Packing,B,A078,16,12.58,201.2,0,0.0,1,16,7.64,2.094240837696335,0.0625,1.0,2025-03,Thursday
O01630,2025-12-04,WH-West,Morning,Packing,A,A065,18,5.98,107.6,0,0.0,0,18,6.74,2.6706231454005933,0.0,1.0,2025-12,Thursday
O01631,2025-09-14,WH-East,Afternoon,Picking,D,A037,15,15.31,229.6,2,40.5,1,14,6.82,2.19941348973607,0.06666666666666667,0.9333333333333333,2025-09,Sunday
O01632,2025-09-02,WH-South,Night,Dispatch,B,A045,18,10.24,184.3,0,0.0,1,18,8.45,2.1301775147928996,0.05555555555555555,1.0,2025-09,Tuesday
O01633,2025-05-19,WH-East,Morning,Picking,E,A038,19,9.28,176.4,0,0.0,1,19,6.53,2.909647779479326,0.05263157894736842,1.0,2025-05,Monday
O01634,2025-02-05,WH-North,Morning,Packing,C,A013,22,14.65,322.4,0,0.0,0,22,8.03,2.7397260273972606,0.0,1.0,2025-02,Wednesday
O01635,2025-01-06,WH-West,Morning,Packing,C,A026,18,11.15,200.8,0,0.0,0,18,8.8,2.0454545454545454,0.0,1.0,2025-01,Monday
O01636,2025-03-31,WH-East,Morning,Sorting,E,A080,17,11.63,197.7,3,67.2,0,15,7.84,2.1683673469387754,0.0,0.8823529411764706,2025-03,Monday
O01637,2025-04-14,WH-West,Morning,Packing,E,A029,24,11.76,282.4,2,58.8,1,23,6.67,3.598200899550225,0.041666666666666664,0.9583333333333334,2025-04,Monday
O01638,2025-06-09,WH-East,Afternoon,Sorting,E,A003,21,11.55,242.6,1,26.5,1,21,7.09,2.961918194640339,0.047619047619047616,1.0,2025-06,Monday
O01639,2025-08-06,WH-North,Morning,Dispatch,C,A010,17,15.06,256.0,1,8.4,1,17,8.43,2.0166073546856467,0.058823529411764705,1.0,2025-08,Wednesday
O01640,2025-02-02,WH-West,Night,Packing,A,A080,11,10.93,120.3,1,17.5,0,11,7.37,1.4925373134328357,0.0,1.0,2025-02,Sunday
O01641,2025-03-03,WH-West,Morning,Sorting,B,A015,15,6.52,97.9,0,0.0,0,15,8.71,1.7221584385763489,0.0,1.0,2025-03,Monday
O01642,2025-09-21,WH-West,Afternoon,Packing,D,A023,16,8.54,136.7,1,19.3,0,16,8.67,1.845444059976932,0.0,1.0,2025-09,Sunday
O01643,2025-04-16,WH-East,Afternoon,Dispatch,E,A028,13,10.91,141.9,0,0.0,0,13,7.46,1.742627345844504,0.0,1.0,2025-04,Wednesday
O01644,2025-04-21,WH-East,Afternoon,Sorting,D,A079,26,12.15,315.8,1,12.5,2,26,8.23,3.1591737545565004,0.07692307692307693,1.0,2025-04,Monday
O01645,2025-12-20,WH-South,Morning,Dispatch,A,A001,16,10.62,169.9,0,0.0,0,16,7.45,2.1476510067114094,0.0,1.0,2025-12,Saturday
O01646,2025-03-23,WH-West,Night,Picking,E,A016,10,17.59,175.9,3,36.9,2,8,7.59,1.3175230566534915,0.2,0.8,2025-03,Sunday
O01647,2025-10-31,WH-South,Afternoon,Packing,D,A034,23,7.31,168.1,0,0.0,0,23,7.08,3.248587570621469,0.0,1.0,2025-10,Friday
O01648,2025-01-30,WH-South,Night,Sorting,C,A043,16,6.97,111.5,3,41.6,0,14,8.95,1.787709497206704,0.0,0.875,2025-01,Thursday
O01649,2025-05-02,WH-East,Night,Picking,A,A040,11,15.12,166.3,3,51.3,0,9,7.26,1.5151515151515151,0.0,0.8181818181818182,2025-05,Friday
O01650,2025-12-06,WH-South,Afternoon,Picking,E,A036,18,10.02,180.3,1,11.2,0,18,8.88,2.0270270270270268,0.0,1.0,2025-12,Saturday
O01651,2025-03-08,WH-North,Morning,Picking,C,A079,20,16.12,322.4,0,0.0,0,20,8.53,2.3446658851113718,0.0,1.0,2025-03,Saturday
O01652,2025-06-03,WH-East,Morning,Picking,C,A035,17,13.81,234.7,1,18.1,0,17,8.88,1.9144144144144142,0.0,1.0,2025-06,Tuesday
O01653,2025-09-04,WH-North,Night,Sorting,A,A077,19,8.83,167.8,1,22.1,2,19,6.9,2.753623188405797,0.10526315789473684,1.0,2025-09,Thursday
O01654,2025-08-03,WH-South,Night,Picking,C,A032,21,17.03,357.6,0,0.0,0,21,8.18,2.567237163814181,0.0,1.0,2025-08,Sunday
O01655,2025-10-14,WH-South,Morning,Sorting,A,A044,19,5.0,95.0,0,0.0,0,19,8.46,2.2458628841607564,0.0,1.0,2025-10,Tuesday
O01656,2025-08-13,WH-East,Morning,Packing,D,A053,20,10.25,204.9,1,20.3,1,20,6.96,2.8735632183908044,0.05,1.0,2025-08,Wednesday
O01657,2025-08-22,WH-North,Morning,Picking,D,A032,16,15.11,241.7,1,25.1,0,16,8.73,1.8327605956471935,0.0,1.0,2025-08,Friday
O01658,2025-11-06,WH-North,Night,Packing,E,A063,17,10.1,171.8,0,0.0,0,17,8.93,1.9036954087346025,0.0,1.0,2025-11,Thursday
O01659,2025-01-11,WH-West,Night,Packing,D,A042,14,7.35,102.9,1,8.1,0,14,6.79,2.0618556701030926,0.0,1.0,2025-01,Saturday
O01660,2025-07-11,WH-North,Morning,Packing,D,A052,17,10.06,171.1,1,24.8,1,17,8.88,1.9144144144144142,0.058823529411764705,1.0,2025-07,Friday
O01661,2025-02-17,WH-South,Afternoon,Packing,C,A061,26,9.08,236.1,2,22.2,0,25,6.61,3.933434190620272,0.0,0.9615384615384616,2025-02,Monday
O01662,2025-06-28,WH-North,Morning,Picking,B,A045,14,14.99,209.8,1,27.3,0,14,6.99,2.0028612303290414,0.0,1.0,2025-06,Saturday
O01663,2025-01-30,WH-East,Morning,Packing,C,A028,16,14.63,234.2,0,0.0,0,16,7.09,2.2566995768688294,0.0,1.0,2025-01,Thursday
O01664,2025-08-05,WH-East,Afternoon,Sorting,E,A035,13,9.44,122.7,0,0.0,0,13,8.9,1.4606741573033708,0.0,1.0,2025-08,Tuesday
O01665,2025-06-06,WH-South,Afternoon,Packing,A,A040,16,5.75,92.0,2,29.7,0,15,7.48,2.13903743315508,0.0,0.9375,2025-06,Friday
O01666,2025-05-04,WH-East,Morning,Packing,C,A076,16,12.41,198.5,2,48.9,1,15,8.42,1.9002375296912115,0.0625,0.9375,2025-05,Sunday
O01667,2025-02-04,WH-West,Afternoon,Packing,D,A003,10,9.87,98.7,1,23.1,0,10,7.55,1.3245033112582782,0.0,1.0,2025-02,Tuesday
O01668,2025-08-07,WH-East,Night,Picking,D,A071,15,13.72,205.7,3,33.2,0,13,9.0,1.6666666666666667,0.0,0.8666666666666667,2025-08,Thursday
O01669,2025-06-27,WH-South,Afternoon,Picking,A,A075,20,12.76,255.2,2,42.6,1,19,7.43,2.691790040376851,0.05,0.95,2025-06,Friday
O01670,2025-04-04,WH-South,Night,Sorting,D,A044,19,10.93,207.7,4,65.8,1,16,6.91,2.7496382054992763,0.05263157894736842,0.8421052631578947,2025-04,Friday
O01671,2025-12-17,WH-East,Morning,Picking,E,A003,18,12.94,233.0,2,55.3,1,17,8.83,2.0385050962627407,0.05555555555555555,0.9444444444444444,2025-12,Wednesday
O01672,2025-03-18,WH-East,Night,Picking,E,A040,15,15.23,228.5,2,48.8,2,14,8.7,1.7241379310344829,0.13333333333333333,0.9333333333333333,2025-03,Tuesday
O01673,2025-06-24,WH-West,Morning,Picking,A,A070,14,16.23,227.3,1,13.6,0,14,6.75,2.074074074074074,0.0,1.0,2025-06,Tuesday
O01674,2025-02-28,WH-North,Morning,Picking,B,A037,21,13.4,281.5,0,0.0,0,21,7.23,2.904564315352697,0.0,1.0,2025-02,Friday
O01675,2025-12-25,WH-South,Morning,Picking,C,A072,18,9.13,164.4,1,21.8,1,18,8.46,2.127659574468085,0.05555555555555555,1.0,2025-12,Thursday
O01676,2025-02-23,WH-East,Morning,Packing,A,A036,18,7.51,135.1,1,26.0,0,18,8.97,2.0066889632107023,0.0,1.0,2025-02,Sunday
O01677,2025-07-14,WH-North,Night,Dispatch,A,A046,19,10.79,205.0,2,20.9,1,18,8.36,2.272727272727273,0.05263157894736842,0.9473684210526315,2025-07,Monday
O01678,2025-03-12,WH-North,Afternoon,Packing,D,A002,16,7.08,113.3,2,50.5,0,15,8.22,1.94647201946472,0.0,0.9375,2025-03,Wednesday
O01679,2025-09-16,WH-North,Morning,Sorting,A,A003,14,10.4,145.7,1,19.8,1,14,6.78,2.0648967551622417,0.07142857142857142,1.0,2025-09,Tuesday
O01680,2025-02-05,WH-South,Morning,Picking,E,A068,21,13.31,279.5,0,0.0,0,21,8.99,2.335928809788654,0.0,1.0,2025-02,Wednesday
O01681,2025-04-24,WH-South,Morning,Picking,B,A014,22,16.47,362.3,1,12.6,0,22,8.62,2.552204176334107,0.0,1.0,2025-04,Thursday
O01682,2025-01-19,WH-East,Morning,Sorting,D,A038,20,9.37,187.4,0,0.0,0,20,7.35,2.7210884353741496,0.0,1.0,2025-01,Sunday
O01683,2025-07-28,WH-North,Morning,Sorting,B,A052,22,10.19,224.1,0,0.0,0,22,6.66,3.303303303303303,0.0,1.0,2025-07,Monday
O01684,2025-10-24,WH-North,Morning,Picking,A,A065,12,14.44,173.3,1,23.8,0,12,7.65,1.5686274509803921,0.0,1.0,2025-10,Friday
O01685,2025-05-05,WH-North,Morning,Dispatch,E,A075,25,7.76,194.0,1,15.0,0,25,7.2,3.4722222222222223,0.0,1.0,2025-05,Monday
O01686,2025-09-25,WH-North,Afternoon,Sorting,A,A052,15,10.68,160.3,2,52.1,0,14,6.62,2.2658610271903323,0.0,0.9333333333333333,2025-09,Thursday
O01687,2025-11-21,WH-East,Afternoon,Picking,C,A037,17,14.68,249.5,2,48.2,0,16,7.18,2.367688022284123,0.0,0.9411764705882353,2025-11,Friday
O01688,2025-11-04,WH-East,Afternoon,Packing,E,A070,18,10.05,181.0,0,0.0,2,18,7.57,2.3778071334214004,0.1111111111111111,1.0,2025-11,Tuesday
O01689,2025-01-19,WH-North,Morning,Packing,A,A070,21,8.87,186.3,2,40.9,1,20,7.1,2.9577464788732395,0.047619047619047616,0.9523809523809523,2025-01,Sunday
O01690,2025-06-23,WH-North,Afternoon,Picking,C,A065,19,12.56,238.6,1,18.3,0,19,8.83,2.1517553793884483,0.0,1.0,2025-06,Monday
O01691,2025-04-06,WH-North,Afternoon,Packing,C,A025,13,12.46,162.0,2,44.5,0,12,7.76,1.675257731958763,0.0,0.9230769230769231,2025-04,Sunday
O01692,2025-02-20,WH-West,Afternoon,Dispatch,D,A016,12,9.72,116.6,0,0.0,0,12,8.69,1.380897583429229,0.0,1.0,2025-02,Thursday
O01693,2025-04-03,WH-South,Morning,Picking,B,A050,26,13.62,354.1,2,45.4,1,25,7.22,3.6011080332409975,0.038461538461538464,0.9615384615384616,2025-04,Thursday
O01694,2025-10-09,WH-North,Morning,Picking,D,A048,17,14.85,252.4,1,28.9,0,17,7.64,2.2251308900523563,0.0,1.0,2025-10,Thursday
O01695,2025-07-25,WH-South,Morning,Picking,D,A018,16,13.41,214.6,0,0.0,0,16,8.17,1.9583843329253365,0.0,1.0,2025-07,Friday
O01696,2025-02-04,WH-West,Morning,Packing,D,A063,19,12.36,234.9,2,23.1,0,18,8.29,2.2919179734620028,0.0,0.9473684210526315,2025-02,Tuesday
O01697,2025-06-11,WH-South,Morning,Picking,C,A011,13,12.45,161.9,1,9.4,0,13,7.54,1.7241379310344827,0.0,1.0,2025-06,Wednesday
O01698,2025-09-15,WH-North,Afternoon,Picking,B,A078,18,13.52,243.4,2,45.4,1,17,8.93,2.015677491601344,0.05555555555555555,0.9444444444444444,2025-09,Monday
O01699,2025-10-06,WH-East,Morning,Picking,B,A045,19,12.97,246.5,0,0.0,1,19,8.54,2.224824355971897,0.05263157894736842,1.0,2025-10,Monday
O01700,2025-03-18,WH-South,Afternoon,Picking,E,A044,21,15.74,330.4,1,8.0,0,21,8.92,2.3542600896860986,0.0,1.0,2025-03,Tuesday
O01701,2025-12-09,WH-East,Morning,Picking,E,A029,22,17.96,395.2,0,0.0,0,22,8.09,2.719406674907293,0.0,1.0,2025-12,Tuesday
O01702,2025-12-07,WH-North,Morning,Dispatch,E,A015,27,14.64,395.3,2,18.9,1,26,6.89,3.918722786647315,0.037037037037037035,0.9629629629629629,2025-12,Sunday
O01703,2025-08-20,WH-North,Afternoon,Dispatch,B,A074,22,14.82,326.0,2,41.9,0,21,6.99,3.1473533619456364,0.0,0.9545454545454546,2025-08,Wednesday
O01704,2025-12-05,WH-East,Night,Picking,B,A073,23,12.05,277.3,3,30.9,0,21,8.46,2.718676122931442,0.0,0.9130434782608695,2025-12,Friday
O01705,2025-11-10,WH-East,Afternoon,Sorting,C,A017,16,9.54,152.6,1,12.8,0,16,7.97,2.0075282308657467,0.0,1.0,2025-11,Monday
O01706,2025-12-24,WH-North,Night,Sorting,C,A024,22,8.9,195.7,4,98.7,0,19,8.52,2.5821596244131455,0.0,0.8636363636363636,2025-12,Wednesday
O01707,2025-10-14,WH-West,Morning,Packing,C,A055,9,8.69,78.2,1,12.2,0,9,7.58,1.187335092348285,0.0,1.0,2025-10,Tuesday
O01708,2025-01-07,WH-South,Night,Dispatch,C,A055,19,12.93,245.7,1,8.7,0,19,6.85,2.7737226277372264,0.0,1.0,2025-01,Tuesday
O01709,2025-08-01,WH-North,Morning,Sorting,B,A035,22,7.2,158.4,1,21.8,0,22,6.52,3.374233128834356,0.0,1.0,2025-08,Friday
O01710,2025-01-26,WH-North,Night,Sorting,B,A030,15,5.16,77.5,2,28.1,0,14,7.62,1.968503937007874,0.0,0.9333333333333333,2025-01,Sunday
O01711,2025-06-23,WH-North,Night,Packing,E,A032,18,9.73,175.1,1,26.9,2,18,7.05,2.5531914893617023,0.1111111111111111,1.0,2025-06,Monday
O01712,2025-01-26,WH-South,Afternoon,Sorting,E,A078,14,8.42,117.9,0,0.0,0,14,8.23,1.701093560145808,0.0,1.0,2025-01,Sunday
O01713,2025-07-14,WH-South,Morning,Sorting,C,A026,12,8.86,106.4,1,22.4,0,12,7.1,1.6901408450704227,0.0,1.0,2025-07,Monday
O01714,2025-07-24,WH-North,Afternoon,Dispatch,D,A028,22,12.72,279.7,4,35.5,0,19,8.91,2.4691358024691357,0.0,0.8636363636363636,2025-07,Thursday
O01715,2025-02-20,WH-West,Morning,Sorting,B,A028,15,5.0,75.0,0,0.0,0,15,8.06,1.8610421836228286,0.0,1.0,2025-02,Thursday
O01716,2025-10-07,WH-West,Afternoon,Packing,C,A071,26,12.16,316.1,0,0.0,1,26,7.23,3.5961272475795294,0.038461538461538464,1.0,2025-10,Tuesday
O01717,2025-03-16,WH-North,Afternoon,Dispatch,D,A074,24,13.9,333.7,0,0.0,2,24,8.96,2.6785714285714284,0.08333333333333333,1.0,2025-03,Sunday
O01718,2025-07-25,WH-North,Afternoon,Picking,C,A052,22,15.06,331.2,2,32.8,2,21,7.22,3.0470914127423825,0.09090909090909091,0.9545454545454546,2025-07,Friday
O01719,2025-02-16,WH-South,Morning,Packing,E,A026,23,12.05,277.1,1,24.1,0,23,8.36,2.751196172248804,0.0,1.0,2025-02,Sunday
O01720,2025-02-17,WH-East,Morning,Picking,E,A037,24,14.6,350.4,1,19.4,2,24,8.12,2.9556650246305423,0.08333333333333333,1.0,2025-02,Monday
O01721,2025-10-24,WH-East,Afternoon,Packing,C,A059,18,11.68,210.2,2,53.6,0,17,8.27,2.176541717049577,0.0,0.9444444444444444,2025-10,Friday
O01722,2025-08-30,WH-West,Morning,Packing,C,A069,16,6.47,103.6,0,0.0,0,16,7.67,2.0860495436766624,0.0,1.0,2025-08,Saturday
O01723,2025-05-02,WH-East,Morning,Dispatch,E,A015,16,11.67,186.8,2,29.7,0,15,8.71,1.8369690011481055,0.0,0.9375,2025-05,Friday
O01724,2025-03-31,WH-East,Morning,Sorting,B,A030,27,8.4,226.8,1,23.3,0,27,8.66,3.1177829099307157,0.0,1.0,2025-03,Monday
O01725,2025-01-24,WH-West,Morning,Picking,B,A010,17,16.65,283.0,1,30.0,1,17,7.15,2.3776223776223775,0.058823529411764705,1.0,2025-01,Friday
O01726,2025-02-07,WH-West,Night,Packing,B,A021,23,11.81,271.6,1,10.4,1,23,6.86,3.3527696793002915,0.043478260869565216,1.0,2025-02,Friday
O01727,2025-10-08,WH-West,Morning,Dispatch,C,A046,23,9.8,225.5,2,51.0,0,22,6.8,3.3823529411764706,0.0,0.9565217391304348,2025-10,Wednesday
O01728,2025-01-31,WH-North,Morning,Dispatch,A,A066,18,16.55,297.9,1,18.5,0,18,8.83,2.0385050962627407,0.0,1.0,2025-01,Friday
O01729,2025-04-24,WH-South,Afternoon,Picking,A,A015,12,15.2,182.4,1,13.3,0,12,8.39,1.430274135876043,0.0,1.0,2025-04,Thursday
O01730,2025-09-15,WH-East,Morning,Sorting,D,A044,25,8.05,201.3,0,0.0,2,25,6.69,3.7369207772795217,0.08,1.0,2025-09,Monday
O01731,2025-06-10,WH-North,Night,Picking,A,A041,16,18.08,289.2,1,23.1,0,16,8.95,1.787709497206704,0.0,1.0,2025-06,Tuesday
O01732,2025-12-10,WH-South,Morning,Sorting,C,A023,14,6.35,89.0,0,0.0,0,14,7.92,1.7676767676767677,0.0,1.0,2025-12,Wednesday
O01733,2025-05-22,WH-North,Morning,Picking,A,A063,16,12.01,192.2,1,23.6,0,16,8.72,1.8348623853211008,0.0,1.0,2025-05,Thursday
O01734,2025-07-09,WH-North,Afternoon,Sorting,B,A043,21,6.27,131.6,2,31.5,0,20,6.66,3.153153153153153,0.0,0.9523809523809523,2025-07,Wednesday
O01735,2025-07-07,WH-North,Afternoon,Picking,C,A027,19,7.77,147.7,1,19.9,0,19,8.15,2.331288343558282,0.0,1.0,2025-07,Monday
O01736,2025-01-04,WH-South,Morning,Dispatch,E,A069,22,10.33,227.3,0,0.0,1,22,6.69,3.288490284005979,0.045454545454545456,1.0,2025-01,Saturday
O01737,2025-03-20,WH-North,Morning,Picking,A,A052,20,16.34,326.9,0,0.0,0,20,8.79,2.275312855517634,0.0,1.0,2025-03,Thursday
O01738,2025-01-14,WH-West,Afternoon,Dispatch,A,A035,11,11.04,121.4,2,51.5,0,10,7.23,1.5214384508990317,0.0,0.9090909090909091,2025-01,Tuesday
O01739,2025-03-21,WH-South,Afternoon,Dispatch,E,A040,23,11.21,257.8,2,40.7,0,22,8.28,2.777777777777778,0.0,0.9565217391304348,2025-03,Friday
O01740,2025-04-29,WH-North,Morning,Picking,C,A044,21,13.64,286.5,0,0.0,0,21,7.5,2.8,0.0,1.0,2025-04,Tuesday
O01741,2025-11-22,WH-East,Morning,Picking,B,A017,14,16.16,226.2,2,54.6,0,13,7.96,1.7587939698492463,0.0,0.9285714285714286,2025-11,Saturday
O01742,2025-06-20,WH-North,Morning,Sorting,E,A026,16,5.0,80.0,0,0.0,0,16,7.2,2.2222222222222223,0.0,1.0,2025-06,Friday
O01743,2025-08-22,WH-West,Morning,Packing,E,A056,18,10.85,195.3,1,16.4,0,18,8.55,2.1052631578947367,0.0,1.0,2025-08,Friday
O01744,2025-01-30,WH-West,Morning,Picking,A,A077,22,10.12,222.6,0,0.0,0,22,8.78,2.5056947608200457,0.0,1.0,2025-01,Thursday
O01745,2025-09-20,WH-North,Night,Picking,E,A068,23,17.69,406.8,5,125.6,0,19,6.6,3.484848484848485,0.0,0.8260869565217391,2025-09,Saturday
O01746,2025-12-21,WH-South,Morning,Picking,A,A076,23,12.72,292.6,1,9.4,0,23,7.76,2.963917525773196,0.0,1.0,2025-12,Sunday
O01747,2025-04-30,WH-East,Afternoon,Packing,B,A017,17,10.18,173.1,0,0.0,0,17,6.62,2.56797583081571,0.0,1.0,2025-04,Wednesday
O01748,2025-03-20,WH-South,Morning,Picking,C,A026,13,16.05,208.7,4,96.2,0,10,6.7,1.9402985074626866,0.0,0.7692307692307693,2025-03,Thursday
O01749,2025-07-21,WH-South,Afternoon,Picking,A,A013,18,15.47,278.4,1,17.2,0,18,8.78,2.050113895216401,0.0,1.0,2025-07,Monday
O01750,2025-08-01,WH-North,Afternoon,Sorting,D,A066,19,5.23,99.3,2,58.2,0,18,7.82,2.4296675191815855,0.0,0.9473684210526315,2025-08,Friday
O01751,2025-10-21,WH-East,Morning,Picking,D,A040,16,19.9,318.4,1,29.0,0,16,8.85,1.807909604519774,0.0,1.0,2025-10,Tuesday
O01752,2025-01-30,WH-South,Morning,Picking,D,A024,21,16.19,340.1,2,34.5,0,20,7.21,2.912621359223301,0.0,0.9523809523809523,2025-01,Thursday
O01753,2025-01-14,WH-North,Night,Picking,C,A061,16,12.37,198.0,2,41.7,1,15,6.97,2.2955523672883786,0.0625,0.9375,2025-01,Tuesday
O01754,2025-04-27,WH-East,Afternoon,Dispatch,E,A042,14,9.11,127.6,0,0.0,1,14,8.04,1.7412935323383087,0.07142857142857142,1.0,2025-04,Sunday
O01755,2025-05-24,WH-North,Night,Packing,D,A076,11,8.92,98.1,2,49.1,0,10,7.27,1.5130674002751032,0.0,0.9090909090909091,2025-05,Saturday
O01756,2025-09-01,WH-South,Night,Packing,E,A025,13,15.65,203.4,2,53.9,0,12,8.16,1.5931372549019607,0.0,0.9230769230769231,2025-09,Monday
O01757,2025-03-19,WH-East,Afternoon,Picking,C,A061,26,13.35,347.2,2,30.0,0,25,8.62,3.0162412993039447,0.0,0.9615384615384616,2025-03,Wednesday
O01758,2025-03-07,WH-North,Morning,Packing,E,A056,18,12.14,218.6,1,28.4,0,18,7.54,2.387267904509284,0.0,1.0,2025-03,Friday
O01759,2025-04-08,WH-North,Night,Dispatch,E,A075,21,9.0,188.9,0,0.0,1,21,8.71,2.4110218140068884,0.047619047619047616,1.0,2025-04,Tuesday
O01760,2025-02-28,WH-North,Morning,Picking,D,A018,14,11.91,166.7,4,42.8,0,11,6.81,2.0558002936857562,0.0,0.7857142857142857,2025-02,Friday
O01761,2025-06-09,WH-West,Morning,Picking,A,A032,14,15.2,212.8,1,8.5,0,14,7.37,1.8995929443690638,0.0,1.0,2025-06,Monday
O01762,2025-02-07,WH-South,Afternoon,Packing,D,A048,16,11.65,186.4,1,28.5,0,16,7.12,2.247191011235955,0.0,1.0,2025-02,Friday
O01763,2025-03-07,WH-West,Night,Picking,D,A062,16,15.46,247.4,1,13.9,0,16,8.43,1.8979833926453145,0.0,1.0,2025-03,Friday
O01764,2025-11-17,WH-West,Afternoon,Picking,D,A072,17,11.61,197.4,1,17.0,0,17,7.11,2.390998593530239,0.0,1.0,2025-11,Monday
O01765,2025-08-30,WH-North,Morning,Picking,B,A005,24,11.28,270.7,0,0.0,1,24,7.86,3.0534351145038165,0.041666666666666664,1.0,2025-08,Saturday
O01766,2025-01-09,WH-South,Morning,Picking,D,A022,22,15.0,330.0,0,0.0,1,22,8.91,2.4691358024691357,0.045454545454545456,1.0,2025-01,Thursday
O01767,2025-10-10,WH-South,Morning,Packing,E,A048,29,7.81,226.4,1,15.2,0,29,7.2,4.027777777777778,0.0,1.0,2025-10,Friday
O01768,2025-04-27,WH-South,Morning,Sorting,D,A012,14,10.17,142.4,0,0.0,1,14,7.49,1.8691588785046729,0.07142857142857142,1.0,2025-04,Sunday
O01769,2025-12-28,WH-West,Morning,Picking,B,A072,19,13.56,257.6,1,21.5,1,19,7.64,2.486910994764398,0.05263157894736842,1.0,2025-12,Sunday
O01770,2025-11-12,WH-West,Morning,Sorting,B,A011,19,8.63,164.0,0,0.0,0,19,7.78,2.442159383033419,0.0,1.0,2025-11,Wednesday
O01771,2025-06-04,WH-North,Morning,Picking,E,A056,21,12.66,265.9,1,28.7,0,21,7.62,2.7559055118110236,0.0,1.0,2025-06,Wednesday
O01772,2025-02-18,WH-West,Afternoon,Packing,C,A011,18,9.78,176.0,1,14.6,1,18,6.91,2.6049204052098407,0.05555555555555555,1.0,2025-02,Tuesday
O01773,2025-11-14,WH-South,Afternoon,Dispatch,E,A014,23,7.19,165.3,0,0.0,1,23,7.46,3.0831099195710454,0.043478260869565216,1.0,2025-11,Friday
O01774,2025-08-04,WH-South,Morning,Sorting,D,A028,22,9.52,209.4,0,0.0,0,22,8.37,2.6284348864994027,0.0,1.0,2025-08,Monday
O01775,2025-06-23,WH-North,Night,Sorting,D,A023,19,7.7,146.3,1,17.1,0,19,7.39,2.571041948579161,0.0,1.0,2025-06,Monday
O01776,2025-08-15,WH-West,Morning,Sorting,B,A056,29,6.75,195.9,1,17.2,2,29,8.74,3.318077803203661,0.06896551724137931,1.0,2025-08,Friday
O01777,2025-12-02,WH-West,Morning,Sorting,D,A042,16,7.53,120.5,0,0.0,0,16,7.83,2.0434227330779056,0.0,1.0,2025-12,Tuesday
O01778,2025-06-10,WH-South,Night,Packing,E,A004,24,9.57,229.6,1,8.9,0,24,7.37,3.2564450474898234,0.0,1.0,2025-06,Tuesday
O01779,2025-02-11,WH-West,Afternoon,Picking,A,A017,25,11.97,299.2,2,32.2,2,24,7.92,3.1565656565656566,0.08,0.96,2025-02,Tuesday
O01780,2025-11-11,WH-West,Afternoon,Sorting,D,A043,19,7.22,137.2,0,0.0,1,19,6.91,2.7496382054992763,0.05263157894736842,1.0,2025-11,Tuesday
O01781,2025-01-11,WH-West,Night,Packing,B,A025,12,15.36,184.3,1,21.4,0,12,6.99,1.7167381974248928,0.0,1.0,2025-01,Saturday
O01782,2025-12-27,WH-South,Night,Picking,D,A068,11,12.65,139.2,1,28.6,0,11,7.65,1.4379084967320261,0.0,1.0,2025-12,Saturday
O01783,2025-04-09,WH-North,Afternoon,Packing,E,A076,16,6.45,103.1,0,0.0,0,16,6.65,2.406015037593985,0.0,1.0,2025-04,Wednesday
O01784,2025-11-15,WH-North,Afternoon,Picking,C,A068,20,14.87,297.5,2,25.6,0,19,8.8,2.2727272727272725,0.0,0.95,2025-11,Saturday
O01785,2025-03-31,WH-East,Morning,Sorting,D,A063,16,8.21,131.4,1,27.5,0,16,7.49,2.1361815754339117,0.0,1.0,2025-03,Monday
O01786,2025-07-14,WH-East,Morning,Picking,D,A008,20,13.46,269.1,1,19.4,0,20,8.23,2.430133657351154,0.0,1.0,2025-07,Monday
O01787,2025-05-26,WH-North,Morning,Packing,D,A009,24,9.38,225.1,0,0.0,0,24,7.77,3.088803088803089,0.0,1.0,2025-05,Monday
O01788,2025-02-26,WH-East,Afternoon,Packing,C,A009,22,12.45,273.9,1,15.3,0,22,7.21,3.0513176144244105,0.0,1.0,2025-02,Wednesday
O01789,2025-07-12,WH-South,Afternoon,Packing,A,A066,16,9.23,147.6,0,0.0,3,16,6.75,2.3703703703703702,0.1875,1.0,2025-07,Saturday
O01790,2025-06-24,WH-South,Afternoon,Packing,E,A053,16,8.71,139.4,0,0.0,0,16,8.29,1.9300361881785286,0.0,1.0,2025-06,Tuesday
O01791,2025-08-04,WH-East,Night,Packing,E,A021,15,10.7,160.5,1,24.0,1,15,8.8,1.7045454545454544,0.06666666666666667,1.0,2025-08,Monday
O01792,2025-07-22,WH-North,Morning,Dispatch,B,A021,18,9.6,172.8,0,0.0,0,18,6.82,2.6392961876832843,0.0,1.0,2025-07,Tuesday
O01793,2025-07-23,WH-North,Night,Picking,D,A002,22,14.13,310.9,3,62.6,0,20,8.87,2.4802705749718155,0.0,0.9090909090909091,2025-07,Wednesday
O01794,2025-02-21,WH-South,Morning,Picking,C,A008,17,12.85,218.5,0,0.0,0,17,7.62,2.2309711286089238,0.0,1.0,2025-02,Friday
O01795,2025-05-28,WH-West,Afternoon,Packing,B,A039,11,8.28,91.1,1,29.5,0,11,6.93,1.5873015873015874,0.0,1.0,2025-05,Wednesday
O01796,2025-03-06,WH-South,Afternoon,Sorting,E,A011,15,7.23,108.5,0,0.0,0,15,7.24,2.0718232044198897,0.0,1.0,2025-03,Thursday
O01797,2025-09-16,WH-East,Night,Packing,E,A046,21,7.38,155.0,0,0.0,2,21,8.19,2.5641025641025643,0.09523809523809523,1.0,2025-09,Tuesday
O01798,2025-11-27,WH-North,Afternoon,Packing,C,A030,21,9.04,189.8,0,0.0,0,21,7.48,2.8074866310160425,0.0,1.0,2025-11,Thursday
O01799,2025-04-16,WH-East,Morning,Packing,E,A030,17,9.17,155.9,0,0.0,1,17,8.48,2.0047169811320753,0.058823529411764705,1.0,2025-04,Wednesday
O01800,2025-06-21,WH-North,Morning,Picking,E,A048,13,17.44,226.7,0,0.0,1,13,7.74,1.6795865633074936,0.07692307692307693,1.0,2025-06,Saturday
O01801,2025-08-04,WH-South,Afternoon,Packing,C,A032,29,12.2,353.8,2,47.2,1,28,7.04,4.119318181818182,0.034482758620689655,0.9655172413793104,2025-08,Monday
O01802,2025-09-30,WH-North,Night,Dispatch,D,A070,24,8.09,194.1,1,25.4,0,24,8.71,2.755453501722158,0.0,1.0,2025-09,Tuesday
O01803,2025-02-23,WH-West,Night,Picking,B,A003,16,12.75,204.1,0,0.0,0,16,7.37,2.1709633649932156,0.0,1.0,2025-02,Sunday
O01804,2025-05-25,WH-South,Afternoon,Sorting,C,A039,17,10.53,178.9,1,13.6,0,17,8.87,1.9165727170236755,0.0,1.0,2025-05,Sunday
O01805,2025-06-26,WH-West,Morning,Picking,E,A060,16,16.11,257.8,1,13.3,0,16,7.32,2.1857923497267757,0.0,1.0,2025-06,Thursday
O01806,2025-02-22,WH-South,Afternoon,Sorting,A,A061,19,6.83,129.8,2,28.0,1,18,7.49,2.53671562082777,0.05263157894736842,0.9473684210526315,2025-02,Saturday
O01807,2025-08-10,WH-East,Afternoon,Picking,C,A057,18,11.95,215.2,1,22.9,1,18,6.85,2.6277372262773726,0.05555555555555555,1.0,2025-08,Sunday
O01808,2025-12-03,WH-South,Night,Dispatch,B,A004,23,14.63,336.6,1,19.3,1,23,8.0,2.875,0.043478260869565216,1.0,2025-12,Wednesday
O01809,2025-09-26,WH-West,Morning,Picking,D,A057,11,15.15,166.7,0,0.0,0,11,7.31,1.5047879616963065,0.0,1.0,2025-09,Friday
O01810,2025-03-04,WH-South,Morning,Dispatch,C,A026,14,13.18,184.5,0,0.0,0,14,8.89,1.574803149606299,0.0,1.0,2025-03,Tuesday
O01811,2025-11-04,WH-South,Night,Sorting,C,A074,21,8.52,179.0,2,26.7,0,20,8.53,2.4618991793669402,0.0,0.9523809523809523,2025-11,Tuesday
O01812,2025-06-29,WH-East,Afternoon,Picking,A,A078,24,13.05,313.2,0,0.0,0,24,8.62,2.7842227378190256,0.0,1.0,2025-06,Sunday
O01813,2025-11-03,WH-East,Morning,Sorting,C,A069,13,8.54,111.0,2,34.5,1,12,7.09,1.8335684062059239,0.07692307692307693,0.9230769230769231,2025-11,Monday
O01814,2025-05-16,WH-West,Afternoon,Picking,B,A080,16,16.27,260.4,0,0.0,0,16,6.62,2.416918429003021,0.0,1.0,2025-05,Friday
O01815,2025-06-18,WH-East,Afternoon,Picking,B,A019,18,10.56,190.1,6,108.2,1,14,7.96,2.2613065326633164,0.05555555555555555,0.7777777777777778,2025-06,Wednesday
O01816,2025-05-27,WH-East,Morning,Packing,D,A068,16,5.0,80.0,0,0.0,0,16,6.62,2.416918429003021,0.0,1.0,2025-05,Tuesday
O01817,2025-09-26,WH-South,Morning,Dispatch,B,A052,25,7.48,187.0,0,0.0,1,25,6.54,3.8226299694189603,0.04,1.0,2025-09,Friday
O01818,2025-03-06,WH-West,Night,Packing,B,A017,15,13.22,198.3,1,26.6,0,15,7.55,1.9867549668874174,0.0,1.0,2025-03,Thursday
O01819,2025-06-21,WH-East,Night,Packing,A,A042,21,5.0,105.0,2,45.1,0,20,6.66,3.153153153153153,0.0,0.9523809523809523,2025-06,Saturday
O01820,2025-04-08,WH-South,Afternoon,Picking,A,A080,18,13.62,245.1,1,14.2,0,18,7.05,2.5531914893617023,0.0,1.0,2025-04,Tuesday
O01821,2025-12-22,WH-South,Night,Packing,C,A029,21,11.28,237.0,1,10.3,0,21,7.77,2.7027027027027026,0.0,1.0,2025-12,Monday
O01822,2025-05-22,WH-North,Morning,Packing,D,A032,24,11.49,275.8,0,0.0,1,24,8.26,2.9055690072639226,0.041666666666666664,1.0,2025-05,Thursday
O01823,2025-05-03,WH-South,Night,Picking,E,A058,23,16.2,372.7,2,35.3,2,22,7.45,3.087248322147651,0.08695652173913043,0.9565217391304348,2025-05,Saturday
O01824,2025-10-12,WH-South,Morning,Sorting,B,A029,18,8.67,156.0,0,0.0,1,18,8.35,2.155688622754491,0.05555555555555555,1.0,2025-10,Sunday
O01825,2025-06-16,WH-North,Morning,Sorting,D,A023,18,9.74,175.3,1,15.2,1,18,7.74,2.3255813953488373,0.05555555555555555,1.0,2025-06,Monday
O01826,2025-06-01,WH-North,Morning,Picking,A,A050,23,14.04,322.9,1,8.8,1,23,8.86,2.595936794582393,0.043478260869565216,1.0,2025-06,Sunday
O01827,2025-06-27,WH-North,Morning,Packing,D,A027,12,11.97,143.6,3,25.4,0,10,6.64,1.8072289156626506,0.0,0.8333333333333334,2025-06,Friday
O01828,2025-05-09,WH-South,Afternoon,Packing,E,A027,9,10.37,93.3,0,0.0,1,9,7.2,1.25,0.1111111111111111,1.0,2025-05,Friday
O01829,2025-04-03,WH-North,Morning,Picking,D,A008,14,12.87,180.2,1,29.9,0,14,7.86,1.7811704834605597,0.0,1.0,2025-04,Thursday
O01830,2025-04-16,WH-South,Morning,Dispatch,B,A031,26,10.8,280.9,1,9.9,0,26,6.97,3.7302725968436157,0.0,1.0,2025-04,Wednesday
O01831,2025-10-21,WH-West,Afternoon,Picking,D,A075,10,13.89,138.9,7,166.2,0,5,7.45,1.342281879194631,0.0,0.5,2025-10,Tuesday
O01832,2025-02-05,WH-North,Night,Packing,A,A027,25,12.14,303.5,1,24.5,0,25,8.08,3.094059405940594,0.0,1.0,2025-02,Wednesday
O01833,2025-10-09,WH-South,Afternoon,Picking,E,A052,21,11.39,239.3,0,0.0,0,21,8.51,2.4676850763807288,0.0,1.0,2025-10,Thursday
O01834,2025-04-16,WH-East,Afternoon,Picking,D,A040,21,10.11,212.2,0,0.0,0,21,8.12,2.586206896551724,0.0,1.0,2025-04,Wednesday
O01835,2025-02-26,WH-East,Afternoon,Sorting,C,A069,18,8.67,156.1,0,0.0,1,18,7.31,2.4623803009575926,0.05555555555555555,1.0,2025-02,Wednesday
O01836,2025-01-08,WH-West,Morning,Packing,C,A061,21,15.53,326.2,1,22.8,2,21,8.14,2.5798525798525795,0.09523809523809523,1.0,2025-01,Wednesday
O01837,2025-06-23,WH-West,Afternoon,Packing,B,A040,17,9.06,154.1,2,28.0,0,16,6.89,2.467343976777939,0.0,0.9411764705882353,2025-06,Monday
O01838,2025-07-31,WH-North,Afternoon,Packing,A,A029,23,12.16,279.7,0,0.0,0,23,7.48,3.0748663101604277,0.0,1.0,2025-07,Thursday
O01839,2025-09-23,WH-South,Night,Picking,A,A058,15,15.35,230.3,2,45.5,0,14,7.6,1.973684210526316,0.0,0.9333333333333333,2025-09,Tuesday
O01840,2025-06-15,WH-North,Afternoon,Picking,C,A068,21,18.41,386.7,2,26.8,0,20,8.81,2.383654937570942,0.0,0.9523809523809523,2025-06,Sunday
O01841,2025-02-06,WH-West,Night,Packing,D,A007,15,12.08,181.1,2,46.5,0,14,8.97,1.672240802675585,0.0,0.9333333333333333,2025-02,Thursday
O01842,2025-04-15,WH-South,Morning,Picking,A,A065,14,12.21,171.0,1,28.5,1,14,7.02,1.9943019943019944,0.07142857142857142,1.0,2025-04,Tuesday
O01843,2025-09-02,WH-South,Morning,Packing,C,A036,22,13.2,290.4,1,19.9,1,22,7.88,2.7918781725888326,0.045454545454545456,1.0,2025-09,Tuesday
O01844,2025-06-15,WH-South,Afternoon,Packing,E,A013,16,9.32,149.2,1,27.4,0,16,8.1,1.9753086419753088,0.0,1.0,2025-06,Sunday
O01845,2025-06-03,WH-East,Morning,Sorting,C,A043,10,8.63,86.3,0,0.0,0,10,7.57,1.321003963011889,0.0,1.0,2025-06,Tuesday
O01846,2025-03-23,WH-North,Morning,Packing,C,A012,21,14.0,293.9,0,0.0,0,21,7.91,2.6548672566371683,0.0,1.0,2025-03,Sunday
O01847,2025-04-05,WH-West,Morning,Picking,E,A047,12,12.73,152.7,1,29.2,0,12,8.43,1.4234875444839858,0.0,1.0,2025-04,Saturday
O01848,2025-12-31,WH-West,Afternoon,Picking,D,A058,14,14.31,200.3,0,0.0,0,14,7.57,1.8494055482166445,0.0,1.0,2025-12,Wednesday
O01849,2025-09-03,WH-South,Night,Picking,A,A027,11,17.02,187.2,4,61.1,0,8,8.9,1.2359550561797752,0.0,0.7272727272727273,2025-09,Wednesday
O01850,2025-01-18,WH-East,Morning,Sorting,E,A021,18,9.03,162.6,0,0.0,0,18,6.59,2.731411229135053,0.0,1.0,2025-01,Saturday
O01851,2025-01-05,WH-North,Morning,Picking,E,A004,16,12.61,201.8,1,16.9,1,16,8.1,1.9753086419753088,0.0625,1.0,2025-01,Sunday
O01852,2025-09-01,WH-West,Afternoon,Picking,D,A034,20,12.87,257.4,0,0.0,0,20,8.89,2.249718785151856,0.0,1.0,2025-09,Monday
O01853,2025-06-17,WH-North,Morning,Dispatch,D,A017,10,12.99,129.9,1,26.0,1,10,7.47,1.3386880856760375,0.1,1.0,2025-06,Tuesday
O01854,2025-09-21,WH-South,Afternoon,Sorting,E,A046,18,9.97,179.4,1,8.6,0,18,7.21,2.4965325936199725,0.0,1.0,2025-09,Sunday
O01855,2025-03-29,WH-North,Afternoon,Packing,B,A050,25,10.11,252.7,1,10.7,0,25,8.78,2.847380410022779,0.0,1.0,2025-03,Saturday
O01856,2025-08-31,WH-East,Night,Picking,B,A010,21,13.67,287.0,1,16.4,2,21,7.07,2.9702970297029703,0.09523809523809523,1.0,2025-08,Sunday
O01857,2025-06-06,WH-East,Afternoon,Dispatch,E,A061,23,11.2,257.6,0,0.0,1,23,7.43,3.095558546433378,0.043478260869565216,1.0,2025-06,Friday
O01858,2025-04-08,WH-West,Afternoon,Dispatch,C,A009,17,15.49,263.3,3,51.4,0,15,8.25,2.0606060606060606,0.0,0.8823529411764706,2025-04,Tuesday
O01859,2025-01-30,WH-North,Morning,Dispatch,D,A039,19,14.64,278.2,1,24.6,0,19,7.31,2.5991792065663475,0.0,1.0,2025-01,Thursday
O01860,2025-07-13,WH-South,Afternoon,Sorting,D,A047,12,5.0,60.0,0,0.0,0,12,6.52,1.8404907975460123,0.0,1.0,2025-07,Sunday
O01861,2025-08-27,WH-East,Morning,Picking,C,A054,16,12.29,196.7,2,19.6,0,15,6.69,2.3916292974588935,0.0,0.9375,2025-08,Wednesday
O01862,2025-12-08,WH-North,Afternoon,Packing,C,A073,14,12.81,179.3,2,46.7,0,13,7.39,1.8944519621109608,0.0,0.9285714285714286,2025-12,Monday
O01863,2025-01-16,WH-West,Afternoon,Picking,E,A047,14,13.46,188.4,0,0.0,1,14,8.38,1.6706443914081144,0.07142857142857142,1.0,2025-01,Thursday
O01864,2025-01-17,WH-North,Night,Packing,D,A026,12,11.27,135.3,3,68.4,0,10,7.0,1.7142857142857142,0.0,0.8333333333333334,2025-01,Friday
O01865,2025-05-11,WH-East,Night,Packing,D,A054,15,15.56,233.4,2,48.6,2,14,6.59,2.276176024279211,0.13333333333333333,0.9333333333333333,2025-05,Sunday
O01866,2025-10-08,WH-South,Morning,Picking,B,A022,14,17.35,242.9,0,0.0,0,14,7.7,1.8181818181818181,0.0,1.0,2025-10,Wednesday
O01867,2025-09-30,WH-South,Morning,Packing,D,A052,20,13.47,269.5,1,26.5,0,20,6.93,2.886002886002886,0.0,1.0,2025-09,Tuesday
O01868,2025-10-11,WH-North,Morning,Picking,B,A044,12,13.6,163.3,0,0.0,0,12,7.28,1.6483516483516483,0.0,1.0,2025-10,Saturday
O01869,2025-11-30,WH-West,Afternoon,Packing,C,A019,18,11.71,210.8,0,0.0,0,18,8.15,2.2085889570552144,0.0,1.0,2025-11,Sunday
O01870,2025-06-18,WH-East,Morning,Picking,D,A036,20,12.08,241.6,1,14.2,0,20,6.99,2.8612303290414878,0.0,1.0,2025-06,Wednesday
O01871,2025-10-26,WH-East,Night,Packing,C,A030,13,12.35,160.5,2,44.7,0,12,8.91,1.4590347923681257,0.0,0.9230769230769231,2025-10,Sunday
O01872,2025-04-08,WH-South,Morning,Packing,C,A039,16,13.56,216.9,2,31.1,0,15,6.92,2.3121387283236996,0.0,0.9375,2025-04,Tuesday
O01873,2025-11-27,WH-West,Morning,Dispatch,E,A065,18,9.35,168.3,1,26.6,0,18,7.99,2.252816020025031,0.0,1.0,2025-11,Thursday
O01874,2025-09-02,WH-North,Morning,Packing,A,A052,15,11.29,169.3,1,20.7,0,15,7.13,2.1037868162692845,0.0,1.0,2025-09,Tuesday
O01875,2025-07-16,WH-South,Morning,Packing,A,A039,23,11.06,254.3,0,0.0,1,23,8.02,2.8678304239401498,0.043478260869565216,1.0,2025-07,Wednesday
O01876,2025-04-17,WH-North,Night,Picking,E,A028,11,14.11,155.2,2,56.3,0,10,8.53,1.2895662368112546,0.0,0.9090909090909091,2025-04,Thursday
O01877,2025-04-10,WH-South,Night,Picking,C,A069,17,16.0,272.0,3,87.6,2,15,6.81,2.49632892804699,0.11764705882352941,0.8823529411764706,2025-04,Thursday
O01878,2025-08-18,WH-North,Night,Picking,C,A004,24,14.06,337.4,0,0.0,0,24,7.38,3.252032520325203,0.0,1.0,2025-08,Monday
O01879,2025-01-23,WH-South,Afternoon,Picking,B,A005,20,10.37,207.5,0,0.0,1,20,8.24,2.4271844660194173,0.05,1.0,2025-01,Thursday
O01880,2025-07-18,WH-East,Night,Picking,E,A013,21,15.29,321.0,1,19.4,0,21,7.05,2.978723404255319,0.0,1.0,2025-07,Friday
O01881,2025-11-20,WH-North,Morning,Packing,B,A016,20,11.35,226.9,1,18.2,1,20,7.57,2.642007926023778,0.05,1.0,2025-11,Thursday
O01882,2025-03-23,WH-North,Morning,Picking,A,A063,16,10.42,166.8,1,13.4,0,16,7.33,2.1828103683492497,0.0,1.0,2025-03,Sunday
O01883,2025-09-29,WH-South,Morning,Dispatch,D,A035,19,15.6,296.5,1,25.8,1,19,8.55,2.222222222222222,0.05263157894736842,1.0,2025-09,Monday
O01884,2025-02-17,WH-West,Afternoon,Sorting,E,A001,16,8.72,139.5,0,0.0,1,16,6.56,2.4390243902439024,0.0625,1.0,2025-02,Monday
O01885,2025-04-09,WH-South,Night,Picking,D,A008,19,13.18,250.4,2,53.0,1,18,8.45,2.248520710059172,0.05263157894736842,0.9473684210526315,2025-04,Wednesday
O01886,2025-02-13,WH-North,Morning,Picking,B,A043,19,17.97,341.5,0,0.0,0,19,8.25,2.303030303030303,0.0,1.0,2025-02,Thursday
O01887,2025-01-06,WH-North,Morning,Picking,D,A034,20,14.57,291.3,2,52.2,2,19,8.33,2.4009603841536613,0.1,0.95,2025-01,Monday
O01888,2025-11-21,WH-South,Afternoon,Packing,A,A014,19,5.0,95.0,2,19.4,0,18,8.78,2.1640091116173124,0.0,0.9473684210526315,2025-11,Friday
O01889,2025-12-04,WH-North,Morning,Packing,E,A064,15,9.34,140.1,1,27.8,0,15,8.81,1.70261066969353,0.0,1.0,2025-12,Thursday
O01890,2025-12-10,WH-West,Morning,Sorting,E,A028,20,9.39,187.9,1,14.4,0,20,8.82,2.2675736961451247,0.0,1.0,2025-12,Wednesday
O01891,2025-04-04,WH-East,Night,Dispatch,A,A001,18,14.5,261.0,0,0.0,0,18,6.97,2.582496413199426,0.0,1.0,2025-04,Friday
O01892,2025-02-02,WH-South,Afternoon,Picking,C,A029,22,15.33,337.2,3,44.8,0,20,7.2,3.0555555555555554,0.0,0.9090909090909091,2025-02,Sunday
O01893,2025-09-05,WH-North,Morning,Picking,A,A065,10,11.32,113.2,1,23.7,0,10,7.87,1.2706480304955527,0.0,1.0,2025-09,Friday
O01894,2025-12-09,WH-South,Afternoon,Packing,B,A054,22,5.0,110.0,2,33.0,0,21,6.57,3.34855403348554,0.0,0.9545454545454546,2025-12,Tuesday
O01895,2025-02-21,WH-North,Night,Picking,C,A021,9,12.93,116.4,3,81.1,0,7,6.8,1.3235294117647058,0.0,0.7777777777777778,2025-02,Friday
O01896,2025-08-31,WH-East,Afternoon,Dispatch,A,A057,20,12.78,255.6,2,40.4,1,19,8.94,2.237136465324385,0.05,0.95,2025-08,Sunday
O01897,2025-10-02,WH-South,Night,Picking,A,A028,17,12.97,220.5,1,27.9,1,17,7.21,2.3578363384188625,0.058823529411764705,1.0,2025-10,Thursday
O01898,2025-12-04,WH-East,Night,Packing,A,A077,20,6.85,137.0,1,20.2,0,20,7.64,2.617801047120419,0.0,1.0,2025-12,Thursday
O01899,2025-03-19,WH-East,Afternoon,Picking,C,A007,24,12.42,298.1,0,0.0,0,24,8.5,2.823529411764706,0.0,1.0,2025-03,Wednesday
O01900,2025-06-04,WH-North,Afternoon,Sorting,E,A015,15,8.47,127.0,4,79.5,0,12,7.76,1.9329896907216495,0.0,0.8,2025-06,Wednesday
O01901,2025-04-13,WH-West,Afternoon,Sorting,E,A045,11,7.96,87.6,1,10.8,0,11,7.31,1.5047879616963065,0.0,1.0,2025-04,Sunday
O01902,2025-09-09,WH-West,Afternoon,Dispatch,B,A027,27,11.55,311.9,1,25.0,0,27,7.59,3.5573122529644268,0.0,1.0,2025-09,Tuesday
O01903,2025-06-17,WH-South,Morning,Sorting,C,A078,14,8.13,113.8,0,0.0,0,14,7.53,1.8592297476759627,0.0,1.0,2025-06,Tuesday
O01904,2025-06-15,WH-West,Morning,Sorting,A,A062,30,10.68,320.5,1,11.0,0,30,6.53,4.594180704441041,0.0,1.0,2025-06,Sunday
O01905,2025-02-12,WH-South,Night,Dispatch,A,A044,19,11.76,223.5,2,53.7,1,18,8.6,2.2093023255813953,0.05263157894736842,0.9473684210526315,2025-02,Wednesday
O01906,2025-03-03,WH-North,Afternoon,Picking,C,A045,20,15.87,317.4,3,79.2,0,18,7.82,2.557544757033248,0.0,0.9,2025-03,Monday
O01907,2025-07-05,WH-East,Morning,Packing,A,A026,21,7.3,153.3,2,17.1,0,20,8.21,2.557856272838002,0.0,0.9523809523809523,2025-07,Saturday
O01908,2025-05-02,WH-North,Morning,Picking,C,A014,24,12.88,309.2,3,81.1,0,22,6.67,3.598200899550225,0.0,0.9166666666666666,2025-05,Friday
O01909,2025-10-29,WH-West,Morning,Picking,C,A075,15,16.6,249.0,1,10.4,0,15,8.88,1.689189189189189,0.0,1.0,2025-10,Wednesday
O01910,2025-10-06,WH-North,Afternoon,Packing,B,A080,20,12.67,253.4,0,0.0,0,20,6.79,2.9455081001472756,0.0,1.0,2025-10,Monday
O01911,2025-05-29,WH-East,Morning,Packing,C,A066,12,13.05,156.6,3,80.7,1,10,8.9,1.348314606741573,0.08333333333333333,0.8333333333333334,2025-05,Thursday
O01912,2025-05-22,WH-East,Morning,Packing,E,A016,21,14.26,299.4,0,0.0,0,21,7.2,2.9166666666666665,0.0,1.0,2025-05,Thursday
O01913,2025-03-20,WH-South,Morning,Dispatch,E,A065,20,12.53,250.7,3,62.9,0,18,7.51,2.663115845539281,0.0,0.9,2025-03,Thursday
O01914,2025-01-27,WH-West,Afternoon,Picking,C,A010,17,18.38,312.5,0,0.0,0,17,8.63,1.9698725376593278,0.0,1.0,2025-01,Monday
O01915,2025-06-10,WH-North,Afternoon,Packing,B,A032,19,7.85,149.2,3,84.0,1,17,8.66,2.1939953810623556,0.05263157894736842,0.8947368421052632,2025-06,Tuesday
O01916,2025-01-05,WH-South,Afternoon,Picking,C,A012,14,12.53,175.4,4,56.2,0,11,8.27,1.6928657799274487,0.0,0.7857142857142857,2025-01,Sunday
O01917,2025-11-02,WH-West,Afternoon,Picking,D,A037,23,13.13,302.1,2,53.0,0,22,6.61,3.479576399394856,0.0,0.9565217391304348,2025-11,Sunday
O01918,2025-12-04,WH-North,Afternoon,Picking,E,A058,21,12.22,256.6,3,83.6,0,19,6.52,3.2208588957055215,0.0,0.9047619047619048,2025-12,Thursday
O01919,2025-02-09,WH-West,Night,Packing,E,A069,14,9.92,138.9,4,89.4,0,11,6.88,2.0348837209302326,0.0,0.7857142857142857,2025-02,Sunday
O01920,2025-04-11,WH-West,Night,Picking,B,A015,32,11.95,382.3,1,25.9,0,32,6.53,4.900459418070444,0.0,1.0,2025-04,Friday
O01921,2025-04-14,WH-East,Night,Packing,A,A055,14,10.2,142.8,2,44.5,0,13,7.45,1.8791946308724832,0.0,0.9285714285714286,2025-04,Monday
O01922,2025-03-28,WH-North,Morning,Picking,E,A057,17,11.21,190.6,0,0.0,1,17,7.44,2.2849462365591395,0.058823529411764705,1.0,2025-03,Friday
O01923,2025-01-03,WH-East,Night,Picking,A,A032,19,15.07,286.4,2,42.1,1,18,8.95,2.122905027932961,0.05263157894736842,0.9473684210526315,2025-01,Friday
O01924,2025-01-18,WH-South,Afternoon,Packing,E,A030,17,6.53,111.1,3,34.7,0,15,8.54,1.9906323185011712,0.0,0.8823529411764706,2025-01,Saturday
O01925,2025-02-27,WH-South,Morning,Picking,E,A058,19,16.55,314.5,0,0.0,0,19,8.29,2.2919179734620028,0.0,1.0,2025-02,Thursday
O01926,2025-10-25,WH-South,Afternoon,Packing,A,A071,20,12.47,249.4,1,11.4,2,20,8.61,2.3228803716608595,0.1,1.0,2025-10,Saturday
O01927,2025-12-13,WH-South,Night,Picking,D,A013,19,14.01,266.2,2,23.0,2,18,7.14,2.6610644257703084,0.10526315789473684,0.9473684210526315,2025-12,Saturday
O01928,2025-06-05,WH-East,Night,Sorting,B,A018,13,10.56,137.3,3,79.5,1,11,7.51,1.7310252996005326,0.07692307692307693,0.8461538461538461,2025-06,Thursday
O01929,2025-09-21,WH-South,Afternoon,Sorting,C,A011,19,9.3,176.7,2,48.9,0,18,7.03,2.7027027027027026,0.0,0.9473684210526315,2025-09,Sunday
O01930,2025-10-26,WH-South,Afternoon,Picking,B,A080,10,9.84,98.4,1,17.2,0,10,6.52,1.5337423312883436,0.0,1.0,2025-10,Sunday
O01931,2025-02-13,WH-South,Morning,Packing,D,A031,13,5.78,75.2,1,22.5,0,13,7.05,1.8439716312056738,0.0,1.0,2025-02,Thursday
O01932,2025-03-22,WH-South,Morning,Picking,B,A055,18,12.86,231.5,0,0.0,0,18,7.75,2.3225806451612905,0.0,1.0,2025-03,Saturday
O01933,2025-05-26,WH-North,Morning,Picking,A,A018,26,16.52,429.4,1,13.2,1,26,6.63,3.9215686274509807,0.038461538461538464,1.0,2025-05,Monday
O01934,2025-08-25,WH-South,Morning,Packing,B,A040,21,7.39,155.1,1,11.7,0,21,7.43,2.8263795423956934,0.0,1.0,2025-08,Monday
O01935,2025-01-27,WH-South,Morning,Picking,B,A009,15,16.95,254.3,2,29.7,0,14,8.83,1.6987542468856172,0.0,0.9333333333333333,2025-01,Monday
O01936,2025-06-09,WH-North,Morning,Packing,B,A032,13,7.68,99.9,0,0.0,1,13,8.75,1.4857142857142858,0.07692307692307693,1.0,2025-06,Monday
O01937,2025-07-14,WH-East,Morning,Packing,A,A008,16,10.19,163.0,1,14.4,1,16,6.67,2.39880059970015,0.0625,1.0,2025-07,Monday
O01938,2025-10-12,WH-West,Morning,Picking,B,A060,16,11.45,183.2,0,0.0,1,16,8.81,1.8161180476730987,0.0625,1.0,2025-10,Sunday
O01939,2025-02-01,WH-East,Afternoon,Picking,A,A062,19,12.89,244.8,3,33.0,1,17,8.82,2.1541950113378685,0.05263157894736842,0.8947368421052632,2025-02,Saturday
O01940,2025-06-13,WH-North,Morning,Picking,D,A030,10,13.08,130.8,1,29.3,0,10,8.53,1.1723329425556859,0.0,1.0,2025-06,Friday
O01941,2025-12-10,WH-South,Morning,Picking,B,A032,20,17.12,342.3,1,11.5,1,20,7.94,2.5188916876574305,0.05,1.0,2025-12,Wednesday
O01942,2025-07-30,WH-East,Afternoon,Sorting,C,A055,17,7.38,125.5,2,49.5,0,16,7.67,2.2164276401564535,0.0,0.9411764705882353,2025-07,Wednesday
O01943,2025-11-29,WH-South,Morning,Packing,E,A029,22,9.0,198.1,0,0.0,0,22,8.86,2.483069977426637,0.0,1.0,2025-11,Saturday
O01944,2025-02-02,WH-South,Morning,Packing,E,A008,23,8.44,194.1,1,14.3,0,23,8.19,2.8083028083028085,0.0,1.0,2025-02,Sunday
O01945,2025-12-24,WH-North,Morning,Picking,C,A015,24,20.02,480.5,1,12.2,0,24,6.79,3.5346097201767304,0.0,1.0,2025-12,Wednesday
O01946,2025-01-06,WH-East,Morning,Sorting,C,A056,16,9.69,155.1,0,0.0,0,16,6.88,2.3255813953488373,0.0,1.0,2025-01,Monday
O01947,2025-04-01,WH-West,Afternoon,Packing,E,A037,10,9.76,97.6,2,24.9,1,9,8.87,1.1273957158962797,0.1,0.9,2025-04,Tuesday
O01948,2025-03-21,WH-South,Morning,Picking,C,A013,26,9.7,252.3,1,29.8,1,26,7.6,3.4210526315789473,0.038461538461538464,1.0,2025-03,Friday
O01949,2025-10-29,WH-South,Night,Dispatch,D,A005,22,11.0,242.0,1,19.0,1,22,8.38,2.6252983293556085,0.045454545454545456,1.0,2025-10,Wednesday
O01950,2025-08-05,WH-South,Morning,Sorting,B,A032,20,7.53,150.6,0,0.0,2,20,6.67,2.9985007496251876,0.1,1.0,2025-08,Tuesday
O01951,2025-09-28,WH-North,Morning,Packing,E,A073,22,14.74,324.3,2,45.4,1,21,6.83,3.22108345534407,0.045454545454545456,0.9545454545454546,2025-09,Sunday
O01952,2025-05-21,WH-East,Night,Sorting,C,A078,14,10.92,152.8,2,36.7,0,13,7.8,1.794871794871795,0.0,0.9285714285714286,2025-05,Wednesday
O01953,2025-09-10,WH-East,Night,Sorting,A,A077,14,8.17,114.4,1,21.4,2,14,8.15,1.7177914110429446,0.14285714285714285,1.0,2025-09,Wednesday
O01954,2025-08-18,WH-North,Afternoon,Picking,E,A040,18,16.86,303.4,0,0.0,0,18,7.95,2.2641509433962264,0.0,1.0,2025-08,Monday
O01955,2025-10-15,WH-North,Night,Packing,C,A030,18,5.68,102.3,5,63.5,1,14,8.76,2.0547945205479454,0.05555555555555555,0.7777777777777778,2025-10,Wednesday
O01956,2025-12-08,WH-West,Afternoon,Sorting,B,A017,15,12.0,180.0,2,36.1,1,14,7.28,2.0604395604395602,0.06666666666666667,0.9333333333333333,2025-12,Monday
O01957,2025-05-19,WH-West,Afternoon,Sorting,E,A002,19,9.66,183.5,0,0.0,0,19,6.93,2.741702741702742,0.0,1.0,2025-05,Monday
O01958,2025-11-23,WH-South,Afternoon,Packing,E,A051,16,8.59,137.4,1,27.6,0,16,8.03,1.9925280199252804,0.0,1.0,2025-11,Sunday
O01959,2025-08-20,WH-South,Afternoon,Dispatch,D,A076,17,11.24,191.0,2,30.3,0,16,8.78,1.9362186788154898,0.0,0.9411764705882353,2025-08,Wednesday
O01960,2025-09-29,WH-East,Night,Dispatch,C,A073,17,6.46,109.8,3,71.0,0,15,8.28,2.0531400966183577,0.0,0.8823529411764706,2025-09,Monday
O01961,2025-02-10,WH-North,Morning,Picking,E,A028,14,15.2,212.8,1,21.3,1,14,6.74,2.0771513353115725,0.07142857142857142,1.0,2025-02,Monday
O01962,2025-03-01,WH-North,Morning,Packing,E,A032,23,6.21,142.8,0,0.0,0,23,8.32,2.7644230769230766,0.0,1.0,2025-03,Saturday
O01963,2025-10-26,WH-West,Afternoon,Picking,C,A040,20,17.03,340.5,2,40.2,1,19,8.79,2.275312855517634,0.05,0.95,2025-10,Sunday
O01964,2025-05-04,WH-North,Night,Sorting,B,A034,17,5.55,94.4,0,0.0,1,17,7.94,2.141057934508816,0.058823529411764705,1.0,2025-05,Sunday
O01965,2025-09-07,WH-North,Afternoon,Picking,A,A005,19,10.45,198.5,0,0.0,0,19,8.2,2.3170731707317076,0.0,1.0,2025-09,Sunday
O01966,2025-05-08,WH-West,Morning,Dispatch,A,A050,20,10.75,215.1,1,23.7,0,20,8.0,2.5,0.0,1.0,2025-05,Thursday
O01967,2025-08-18,WH-North,Afternoon,Picking,E,A048,16,15.06,240.9,0,0.0,0,16,6.56,2.4390243902439024,0.0,1.0,2025-08,Monday
O01968,2025-04-07,WH-South,Afternoon,Picking,C,A040,21,11.05,232.0,1,24.1,0,21,8.12,2.586206896551724,0.0,1.0,2025-04,Monday
O01969,2025-11-18,WH-North,Morning,Sorting,C,A040,20,7.61,152.2,0,0.0,1,20,7.24,2.7624309392265194,0.05,1.0,2025-11,Tuesday
O01970,2025-05-02,WH-South,Morning,Dispatch,A,A053,15,12.44,186.6,2,19.0,2,14,8.2,1.829268292682927,0.13333333333333333,0.9333333333333333,2025-05,Friday
O01971,2025-10-21,WH-North,Morning,Packing,E,A017,19,7.88,149.8,2,38.8,0,18,7.85,2.4203821656050954,0.0,0.9473684210526315,2025-10,Tuesday
O01972,2025-12-12,WH-North,Morning,Dispatch,B,A065,19,12.48,237.2,2,27.9,0,18,8.38,2.267303102625298,0.0,0.9473684210526315,2025-12,Friday
O01973,2025-05-05,WH-South,Morning,Picking,B,A079,14,13.46,188.5,1,16.8,0,14,7.1,1.971830985915493,0.0,1.0,2025-05,Monday
O01974,2025-01-14,WH-North,Morning,Picking,B,A046,21,11.26,236.4,1,8.7,1,21,7.67,2.7379400260756195,0.047619047619047616,1.0,2025-01,Tuesday
O01975,2025-03-15,WH-North,Afternoon,Picking,C,A067,24,14.89,357.2,0,0.0,0,24,6.85,3.5036496350364965,0.0,1.0,2025-03,Saturday
O01976,2025-10-26,WH-North,Morning,Packing,B,A011,12,10.85,130.2,1,18.7,1,12,7.75,1.5483870967741935,0.08333333333333333,1.0,2025-10,Sunday
O01977,2025-03-26,WH-South,Night,Picking,E,A047,14,15.32,214.4,0,0.0,0,14,6.78,2.0648967551622417,0.0,1.0,2025-03,Wednesday
O01978,2025-09-26,WH-South,Morning,Picking,B,A036,20,11.13,222.6,1,21.1,0,20,8.33,2.4009603841536613,0.0,1.0,2025-09,Friday
O01979,2025-07-08,WH-East,Morning,Picking,A,A073,20,11.12,222.4,2,17.2,0,19,8.46,2.3640661938534278,0.0,0.95,2025-07,Tuesday
O01980,2025-07-27,WH-South,Morning,Dispatch,B,A023,17,10.19,173.2,1,21.3,1,17,8.93,1.9036954087346025,0.058823529411764705,1.0,2025-07,Sunday
O01981,2025-06-05,WH-North,Night,Packing,C,A016,24,12.67,304.1,2,40.0,1,23,8.4,2.857142857142857,0.041666666666666664,0.9583333333333334,2025-06,Thursday
O01982,2025-07-15,WH-South,Morning,Packing,C,A035,25,13.89,347.3,1,27.9,0,25,7.32,3.4153005464480874,0.0,1.0,2025-07,Tuesday
O01983,2025-08-16,WH-West,Morning,Packing,D,A027,22,10.03,220.6,0,0.0,0,22,8.23,2.6731470230862695,0.0,1.0,2025-08,Saturday
O01984,2025-03-17,WH-North,Morning,Packing,B,A053,16,11.27,180.3,1,17.7,1,16,6.57,2.43531202435312,0.0625,1.0,2025-03,Monday
O01985,2025-08-15,WH-West,Afternoon,Dispatch,E,A015,19,9.49,180.3,1,13.4,0,19,8.7,2.1839080459770117,0.0,1.0,2025-08,Friday
O01986,2025-04-12,WH-West,Night,Dispatch,C,A009,16,13.62,217.9,0,0.0,0,16,8.84,1.8099547511312217,0.0,1.0,2025-04,Saturday
O01987,2025-03-13,WH-South,Night,Picking,B,A003,21,14.89,312.8,1,17.2,0,21,7.24,2.9005524861878453,0.0,1.0,2025-03,Thursday
O01988,2025-11-20,WH-West,Morning,Picking,E,A021,14,16.19,226.6,0,0.0,0,14,7.14,1.9607843137254903,0.0,1.0,2025-11,Thursday
O01989,2025-05-13,WH-North,Afternoon,Dispatch,B,A011,30,6.13,183.9,4,115.5,0,27,8.58,3.4965034965034967,0.0,0.9,2025-05,Tuesday
O01990,2025-09-29,WH-East,Afternoon,Packing,D,A023,15,7.11,106.7,2,46.9,1,14,8.39,1.7878426698450536,0.06666666666666667,0.9333333333333333,2025-09,Monday
O01991,2025-10-28,WH-South,Afternoon,Picking,E,A065,14,14.05,196.7,3,35.6,0,12,8.12,1.7241379310344829,0.0,0.8571428571428571,2025-10,Tuesday
O01992,2025-09-03,WH-North,Night,Picking,E,A073,24,11.54,276.9,1,25.6,0,24,8.03,2.9887920298879207,0.0,1.0,2025-09,Wednesday
O01993,2025-10-09,WH-South,Afternoon,Picking,D,A069,14,19.06,266.8,0,0.0,0,14,6.8,2.058823529411765,0.0,1.0,2025-10,Thursday
O01994,2025-12-08,WH-West,Night,Packing,C,A006,19,10.67,202.8,3,50.6,0,17,6.6,2.878787878787879,0.0,0.8947368421052632,2025-12,Monday
O01995,2025-08-08,WH-West,Afternoon,Picking,B,A062,14,8.94,125.2,1,29.5,0,14,6.64,2.108433734939759,0.0,1.0,2025-08,Friday
O01996,2025-04-13,WH-East,Afternoon,Packing,C,A020,18,10.79,194.2,2,44.0,0,17,6.63,2.7149321266968327,0.0,0.9444444444444444,2025-04,Sunday
O01997,2025-06-23,WH-East,Afternoon,Sorting,C,A008,19,7.81,148.3,1,8.7,1,19,6.98,2.7220630372492836,0.05263157894736842,1.0,2025-06,Monday
O01998,2025-05-05,WH-West,Night,Picking,A,A001,22,21.33,469.3,2,29.7,0,21,7.18,3.064066852367688,0.0,0.9545454545454546,2025-05,Monday
O01999,2025-11-15,WH-North,Night,Packing,C,A016,20,14.29,285.7,0,0.0,1,20,8.59,2.3282887077997674,0.05,1.0,2025-11,Saturday
O02000,2025-06-30,WH-East,Morning,Sorting,E,A031,13,11.18,145.4,3,33.3,0,11,7.36,1.766304347826087,0.0,0.8461538461538461,2025-06,Monday
O02001,2025-06-24,WH-South,Morning,Packing,E,A026,22,9.4,206.7,0,0.0,0,22,7.34,2.997275204359673,0.0,1.0,2025-06,Tuesday
O02002,2025-03-29,WH-South,Night,Packing,D,A062,20,9.83,196.5,2,35.1,0,19,6.77,2.9542097488921715,0.0,0.95,2025-03,Saturday
O02003,2025-02-24,WH-East,Morning,Sorting,D,A040,23,5.69,130.9,0,0.0,0,23,8.08,2.8465346534653464,0.0,1.0,2025-02,Monday
O02004,2025-04-10,WH-North,Afternoon,Packing,C,A016,12,8.51,102.1,1,26.2,1,12,7.84,1.530612244897959,0.08333333333333333,1.0,2025-04,Thursday
O02005,2025-01-19,WH-North,Night,Sorting,A,A060,15,6.01,90.2,1,14.7,2,15,7.75,1.935483870967742,0.13333333333333333,1.0,2025-01,Sunday
O02006,2025-10-13,WH-North,Night,Picking,D,A034,17,14.38,244.5,1,19.0,1,17,7.61,2.2339027595269383,0.058823529411764705,1.0,2025-10,Monday
O02007,2025-03-14,WH-South,Morning,Picking,C,A058,19,13.2,250.9,2,46.3,0,18,8.85,2.146892655367232,0.0,0.9473684210526315,2025-03,Friday
O02008,2025-11-06,WH-East,Morning,Packing,C,A020,22,9.0,198.0,1,22.7,0,22,8.26,2.663438256658596,0.0,1.0,2025-11,Thursday
O02009,2025-12-05,WH-East,Night,Dispatch,B,A044,11,14.5,159.6,2,27.5,0,10,8.68,1.2672811059907834,0.0,0.9090909090909091,2025-12,Friday
O02010,2025-02-28,WH-East,Morning,Packing,B,A034,19,11.55,219.4,1,13.7,0,19,7.51,2.5299600532623168,0.0,1.0,2025-02,Friday
O02011,2025-01-18,WH-North,Afternoon,Picking,B,A024,18,12.09,217.7,0,0.0,0,18,8.91,2.0202020202020203,0.0,1.0,2025-01,Saturday
O02012,2025-09-19,WH-West,Night,Packing,C,A019,19,12.7,241.2,1,17.8,0,19,8.04,2.3631840796019903,0.0,1.0,2025-09,Friday
O02013,2025-09-30,WH-East,Morning,Dispatch,D,A075,17,9.37,159.2,0,0.0,0,17,8.08,2.103960396039604,0.0,1.0,2025-09,Tuesday
O02014,2025-06-26,WH-East,Afternoon,Packing,E,A012,12,14.79,177.5,1,16.5,0,12,6.9,1.7391304347826086,0.0,1.0,2025-06,Thursday
O02015,2025-12-13,WH-West,Morning,Packing,B,A032,21,11.22,235.6,0,0.0,0,21,7.63,2.7522935779816513,0.0,1.0,2025-12,Saturday
O02016,2025-02-01,WH-North,Afternoon,Dispatch,D,A007,20,13.68,273.7,1,12.9,1,20,7.42,2.6954177897574123,0.05,1.0,2025-02,Saturday
O02017,2025-04-23,WH-North,Night,Sorting,B,A006,18,10.18,183.3,1,22.9,0,18,8.79,2.0477815699658706,0.0,1.0,2025-04,Wednesday
O02018,2025-02-16,WH-South,Morning,Dispatch,C,A076,16,8.58,137.2,0,0.0,0,16,7.6,2.1052631578947367,0.0,1.0,2025-02,Sunday
O02019,2025-10-27,WH-South,Morning,Picking,D,A072,19,15.46,293.8,4,43.4,1,16,8.0,2.375,0.05263157894736842,0.8421052631578947,2025-10,Monday
O02020,2025-07-23,WH-South,Afternoon,Picking,D,A010,22,13.66,300.5,0,0.0,0,22,8.29,2.653799758745477,0.0,1.0,2025-07,Wednesday
O02021,2025-09-17,WH-North,Afternoon,Sorting,C,A041,19,8.18,155.4,7,82.3,0,14,6.78,2.8023598820058995,0.0,0.7368421052631579,2025-09,Wednesday
O02022,2025-06-02,WH-South,Morning,Picking,E,A024,9,13.18,118.6,0,0.0,0,9,6.99,1.2875536480686696,0.0,1.0,2025-06,Monday
O02023,2025-10-11,WH-East,Afternoon,Packing,D,A045,26,9.34,243.0,1,23.8,0,26,7.71,3.372243839169909,0.0,1.0,2025-10,Saturday
O02024,2025-07-01,WH-South,Morning,Picking,D,A047,13,11.17,145.2,1,27.3,0,13,8.55,1.5204678362573099,0.0,1.0,2025-07,Tuesday
O02025,2025-08-31,WH-East,Afternoon,Packing,D,A066,22,9.31,204.8,1,9.8,1,22,8.06,2.729528535980149,0.045454545454545456,1.0,2025-08,Sunday
O02026,2025-05-05,WH-East,Night,Packing,D,A002,23,13.56,311.9,2,38.9,0,22,6.96,3.3045977011494254,0.0,0.9565217391304348,2025-05,Monday
O02027,2025-07-19,WH-East,Night,Packing,E,A013,14,9.19,128.7,1,10.2,0,14,6.52,2.147239263803681,0.0,1.0,2025-07,Saturday
O02028,2025-07-06,WH-North,Morning,Sorting,E,A055,23,10.39,239.0,1,28.8,0,23,6.63,3.469079939668175,0.0,1.0,2025-07,Sunday
O02029,2025-11-27,WH-South,Afternoon,Packing,D,A067,16,11.97,191.5,2,58.5,0,15,6.69,2.3916292974588935,0.0,0.9375,2025-11,Thursday
O02030,2025-12-28,WH-North,Afternoon,Picking,C,A026,21,14.95,314.0,2,34.8,1,20,7.03,2.987197724039829,0.047619047619047616,0.9523809523809523,2025-12,Sunday
O02031,2025-09-21,WH-East,Night,Picking,E,A011,20,16.32,326.4,1,17.9,1,20,6.52,3.067484662576687,0.05,1.0,2025-09,Sunday
O02032,2025-01-02,WH-South,Morning,Packing,D,A056,15,5.0,75.0,2,40.9,0,14,7.28,2.0604395604395602,0.0,0.9333333333333333,2025-01,Thursday
O02033,2025-02-26,WH-East,Afternoon,Packing,A,A053,16,13.4,214.4,2,25.3,1,15,8.66,1.8475750577367205,0.0625,0.9375,2025-02,Wednesday
O02034,2025-08-10,WH-East,Morning,Picking,B,A063,16,11.01,176.1,1,11.1,0,16,8.75,1.8285714285714285,0.0,1.0,2025-08,Sunday
O02035,2025-05-24,WH-West,Night,Sorting,C,A068,17,5.95,101.1,1,26.1,1,17,8.31,2.045728038507822,0.058823529411764705,1.0,2025-05,Saturday
O02036,2025-02-17,WH-East,Night,Packing,A,A071,21,7.25,152.2,0,0.0,1,21,6.98,3.0085959885386817,0.047619047619047616,1.0,2025-02,Monday
O02037,2025-11-24,WH-South,Night,Packing,B,A036,12,11.51,138.2,1,12.7,0,12,8.74,1.3729977116704806,0.0,1.0,2025-11,Monday
O02038,2025-04-09,WH-South,Morning,Sorting,A,A049,16,7.6,121.7,3,71.3,2,14,6.88,2.3255813953488373,0.125,0.875,2025-04,Wednesday
O02039,2025-07-01,WH-South,Morning,Sorting,D,A011,15,5.52,82.7,1,9.1,0,15,8.59,1.7462165308498254,0.0,1.0,2025-07,Tuesday
O02040,2025-03-01,WH-West,Afternoon,Packing,A,A027,16,6.18,98.9,1,22.7,0,16,7.66,2.0887728459530024,0.0,1.0,2025-03,Saturday
O02041,2025-03-06,WH-West,Afternoon,Picking,E,A008,10,14.2,142.0,0,0.0,0,10,7.68,1.3020833333333335,0.0,1.0,2025-03,Thursday
O02042,2025-03-12,WH-East,Afternoon,Sorting,E,A024,15,10.37,155.6,0,0.0,1,15,6.97,2.1520803443328553,0.06666666666666667,1.0,2025-03,Wednesday
O02043,2025-12-08,WH-South,Morning,Dispatch,D,A011,15,13.37,200.5,3,44.2,0,13,6.84,2.192982456140351,0.0,0.8666666666666667,2025-12,Monday
O02044,2025-01-06,WH-South,Night,Sorting,E,A073,23,7.8,179.4,2,18.1,0,22,7.42,3.0997304582210243,0.0,0.9565217391304348,2025-01,Monday
O02045,2025-09-20,WH-East,Night,Packing,A,A061,15,10.03,150.5,2,55.3,0,14,8.2,1.829268292682927,0.0,0.9333333333333333,2025-09,Saturday
O02046,2025-12-08,WH-South,Morning,Packing,D,A066,6,6.57,39.4,2,47.5,0,5,8.25,0.7272727272727273,0.0,0.8333333333333334,2025-12,Monday
O02047,2025-02-10,WH-North,Morning,Picking,D,A013,15,13.93,209.0,1,20.5,0,15,8.41,1.78359096313912,0.0,1.0,2025-02,Monday
O02048,2025-11-02,WH-East,Afternoon,Packing,A,A035,19,13.71,260.6,1,20.3,0,19,8.05,2.3602484472049685,0.0,1.0,2025-11,Sunday
O02049,2025-03-25,WH-West,Afternoon,Picking,C,A018,19,10.48,199.1,1,15.9,0,19,7.1,2.676056338028169,0.0,1.0,2025-03,Tuesday
O02050,2025-04-05,WH-East,Night,Picking,D,A022,18,12.21,219.7,2,31.6,0,17,7.86,2.2900763358778624,0.0,0.9444444444444444,2025-04,Saturday
O02051,2025-03-31,WH-East,Morning,Dispatch,C,A058,13,11.0,143.0,1,19.2,0,13,7.36,1.766304347826087,0.0,1.0,2025-03,Monday
O02052,2025-11-13,WH-South,Night,Sorting,D,A068,25,12.0,300.1,0,0.0,0,25,6.72,3.7202380952380953,0.0,1.0,2025-11,Thursday
O02053,2025-06-24,WH-East,Afternoon,Sorting,D,A026,18,9.37,168.7,0,0.0,0,18,8.86,2.0316027088036117,0.0,1.0,2025-06,Tuesday
O02054,2025-11-16,WH-East,Morning,Dispatch,D,A080,8,9.43,75.5,0,0.0,1,8,7.15,1.1188811188811187,0.125,1.0,2025-11,Sunday
O02055,2025-05-01,WH-South,Morning,Picking,C,A066,20,15.0,300.0,3,56.7,0,18,8.29,2.4125452352231607,0.0,0.9,2025-05,Thursday
O02056,2025-07-07,WH-West,Afternoon,Packing,A,A075,22,12.19,268.2,1,9.6,0,22,7.78,2.827763496143959,0.0,1.0,2025-07,Monday
O02057,2025-10-29,WH-South,Night,Dispatch,C,A046,17,13.1,222.6,4,66.8,1,14,8.08,2.103960396039604,0.058823529411764705,0.8235294117647058,2025-10,Wednesday
O02058,2025-10-02,WH-South,Night,Picking,B,A037,18,9.61,172.9,0,0.0,0,18,6.55,2.7480916030534353,0.0,1.0,2025-10,Thursday
O02059,2025-02-18,WH-West,Morning,Dispatch,C,A039,26,12.5,325.1,0,0.0,0,26,7.56,3.4391534391534395,0.0,1.0,2025-02,Tuesday
O02060,2025-03-31,WH-South,Afternoon,Packing,D,A018,18,7.63,137.3,1,22.1,1,18,7.21,2.4965325936199725,0.05555555555555555,1.0,2025-03,Monday
O02061,2025-04-22,WH-East,Morning,Dispatch,C,A066,16,11.8,188.7,0,0.0,0,16,6.88,2.3255813953488373,0.0,1.0,2025-04,Tuesday
O02062,2025-06-11,WH-North,Afternoon,Sorting,B,A005,20,5.5,110.0,3,41.4,0,18,6.5,3.076923076923077,0.0,0.9,2025-06,Wednesday
O02063,2025-07-24,WH-North,Morning,Sorting,A,A033,17,9.4,159.8,0,0.0,0,17,7.22,2.3545706371191137,0.0,1.0,2025-07,Thursday
O02064,2025-05-14,WH-West,Afternoon,Sorting,E,A054,21,12.02,252.4,0,0.0,0,21,6.79,3.0927835051546393,0.0,1.0,2025-05,Wednesday
O02065,2025-08-20,WH-West,Afternoon,Sorting,A,A036,28,8.21,229.8,1,21.1,0,28,8.15,3.4355828220858893,0.0,1.0,2025-08,Wednesday
O02066,2025-01-17,WH-North,Morning,Packing,E,A009,22,14.11,310.4,0,0.0,0,22,7.58,2.9023746701846966,0.0,1.0,2025-01,Friday
O02067,2025-01-16,WH-South,Night,Sorting,D,A019,16,7.3,116.8,1,12.7,0,16,6.87,2.328966521106259,0.0,1.0,2025-01,Thursday
O02068,2025-09-13,WH-West,Morning,Picking,D,A069,18,15.97,287.5,1,14.1,0,18,7.25,2.4827586206896552,0.0,1.0,2025-09,Saturday
O02069,2025-12-25,WH-North,Night,Dispatch,B,A014,16,16.91,270.6,3,28.3,0,14,8.98,1.7817371937639197,0.0,0.875,2025-12,Thursday
O02070,2025-10-02,WH-West,Morning,Picking,E,A047,19,16.78,318.8,1,22.1,0,19,6.9,2.753623188405797,0.0,1.0,2025-10,Thursday
O02071,2025-07-23,WH-North,Afternoon,Packing,E,A066,18,7.89,142.1,2,47.6,0,17,8.63,2.0857473928157586,0.0,0.9444444444444444,2025-07,Wednesday
O02072,2025-11-10,WH-West,Afternoon,Packing,A,A035,16,7.46,119.4,1,19.9,0,16,8.59,1.8626309662398137,0.0,1.0,2025-11,Monday
O02073,2025-02-06,WH-East,Afternoon,Picking,E,A051,16,13.12,210.0,3,78.6,0,14,8.32,1.923076923076923,0.0,0.875,2025-02,Thursday
O02074,2025-10-23,WH-West,Afternoon,Sorting,E,A053,15,10.93,163.9,0,0.0,1,15,7.47,2.0080321285140563,0.06666666666666667,1.0,2025-10,Thursday
O02075,2025-12-17,WH-North,Morning,Dispatch,A,A011,12,13.19,158.3,1,23.1,1,12,7.93,1.5132408575031526,0.08333333333333333,1.0,2025-12,Wednesday
O02076,2025-12-12,WH-South,Night,Dispatch,C,A024,19,10.7,203.4,2,60.0,0,18,7.87,2.4142312579415504,0.0,0.9473684210526315,2025-12,Friday
O02077,2025-07-20,WH-South,Morning,Picking,B,A054,22,10.75,236.5,2,45.3,0,21,6.93,3.174603174603175,0.0,0.9545454545454546,2025-07,Sunday
O02078,2025-04-12,WH-West,Morning,Dispatch,B,A057,20,14.04,280.8,2,38.4,0,19,8.99,2.2246941045606228,0.0,0.95,2025-04,Saturday
O02079,2025-08-17,WH-East,Morning,Sorting,A,A009,23,8.72,200.5,1,10.8,0,23,6.62,3.474320241691843,0.0,1.0,2025-08,Sunday
O02080,2025-04-16,WH-West,Morning,Sorting,B,A063,19,5.44,103.3,1,21.9,0,19,8.87,2.1420518602029315,0.0,1.0,2025-04,Wednesday
O02081,2025-09-01,WH-North,Afternoon,Packing,D,A008,20,7.12,142.4,1,28.4,0,20,8.8,2.2727272727272725,0.0,1.0,2025-09,Monday
O02082,2025-03-10,WH-East,Afternoon,Packing,E,A013,15,9.02,135.3,3,81.7,0,13,7.91,1.8963337547408343,0.0,0.8666666666666667,2025-03,Monday
O02083,2025-12-13,WH-South,Afternoon,Packing,E,A066,20,11.51,230.2,2,36.1,0,19,8.31,2.4067388688327314,0.0,0.95,2025-12,Saturday
O02084,2025-07-29,WH-North,Afternoon,Picking,A,A054,16,17.86,285.7,1,23.5,0,16,7.18,2.2284122562674096,0.0,1.0,2025-07,Tuesday
O02085,2025-10-31,WH-West,Night,Dispatch,C,A025,25,15.03,375.8,4,59.7,0,22,6.89,3.62844702467344,0.0,0.88,2025-10,Friday
O02086,2025-07-09,WH-East,Morning,Sorting,D,A065,16,8.43,134.9,0,0.0,0,16,7.2,2.2222222222222223,0.0,1.0,2025-07,Wednesday
O02087,2025-04-03,WH-South,Morning,Packing,D,A046,17,9.9,168.2,1,13.3,0,17,7.26,2.3415977961432506,0.0,1.0,2025-04,Thursday
O02088,2025-08-21,WH-North,Morning,Packing,D,A068,15,10.19,152.9,0,0.0,0,15,6.72,2.232142857142857,0.0,1.0,2025-08,Thursday
O02089,2025-11-04,WH-North,Afternoon,Sorting,C,A016,16,5.87,93.9,1,13.0,0,16,8.96,1.7857142857142856,0.0,1.0,2025-11,Tuesday
O02090,2025-09-11,WH-West,Morning,Sorting,A,A060,11,11.81,129.9,0,0.0,0,11,7.5,1.4666666666666666,0.0,1.0,2025-09,Thursday
O02091,2025-04-07,WH-West,Morning,Picking,D,A032,23,15.27,351.2,0,0.0,0,23,7.42,3.0997304582210243,0.0,1.0,2025-04,Monday
O02092,2025-12-20,WH-East,Afternoon,Packing,A,A040,16,9.96,159.4,0,0.0,1,16,6.72,2.380952380952381,0.0625,1.0,2025-12,Saturday
O02093,2025-04-05,WH-North,Morning,Picking,D,A071,19,13.46,255.8,1,19.5,0,19,6.85,2.7737226277372264,0.0,1.0,2025-04,Saturday
O02094,2025-06-23,WH-West,Night,Sorting,A,A066,19,14.01,266.1,0,0.0,0,19,7.78,2.442159383033419,0.0,1.0,2025-06,Monday
O02095,2025-07-25,WH-East,Morning,Packing,E,A064,24,12.86,308.5,3,31.7,0,22,6.71,3.5767511177347244,0.0,0.9166666666666666,2025-07,Friday
O02096,2025-12-05,WH-West,Afternoon,Packing,C,A067,22,9.14,201.1,1,28.0,0,22,8.07,2.7261462205700124,0.0,1.0,2025-12,Friday
O02097,2025-01-08,WH-North,Morning,Packing,E,A033,9,9.06,81.5,1,29.9,0,9,7.47,1.2048192771084338,0.0,1.0,2025-01,Wednesday
O02098,2025-02-26,WH-South,Night,Sorting,A,A071,16,5.0,80.0,1,21.4,0,16,6.73,2.37741456166419,0.0,1.0,2025-02,Wednesday
O02099,2025-01-01,WH-East,Night,Packing,C,A069,19,9.45,179.6,4,84.9,1,16,6.93,2.741702741702742,0.05263157894736842,0.8421052631578947,2025-01,Wednesday
O02100,2025-04-10,WH-East,Night,Packing,C,A052,15,8.17,122.6,5,51.3,0,11,7.23,2.0746887966804977,0.0,0.7333333333333333,2025-04,Thursday
O02101,2025-01-27,WH-East,Afternoon,Packing,B,A043,16,9.61,153.7,1,22.8,0,16,6.56,2.4390243902439024,0.0,1.0,2025-01,Monday
O02102,2025-03-23,WH-South,Night,Picking,C,A058,22,13.24,291.4,2,52.4,1,21,8.2,2.682926829268293,0.045454545454545456,0.9545454545454546,2025-03,Sunday
O02103,2025-04-30,WH-East,Afternoon,Packing,A,A077,9,10.69,96.2,0,0.0,0,9,8.54,1.053864168618267,0.0,1.0,2025-04,Wednesday
O02104,2025-11-20,WH-North,Morning,Packing,C,A079,13,13.41,174.3,2,40.7,0,12,7.5,1.7333333333333334,0.0,0.9230769230769231,2025-11,Thursday
O02105,2025-04-12,WH-South,Morning,Sorting,E,A036,21,9.94,208.8,0,0.0,1,21,8.8,2.3863636363636362,0.047619047619047616,1.0,2025-04,Saturday
O02106,2025-05-07,WH-West,Night,Packing,C,A008,13,12.73,165.6,2,37.2,2,12,7.23,1.7980636237897647,0.15384615384615385,0.9230769230769231,2025-05,Wednesday
O02107,2025-04-04,WH-North,Morning,Picking,A,A075,19,12.9,245.1,0,0.0,0,19,7.32,2.5956284153005464,0.0,1.0,2025-04,Friday
O02108,2025-02-25,WH-North,Night,Sorting,C,A033,13,5.0,65.0,0,0.0,0,13,8.79,1.478953356086462,0.0,1.0,2025-02,Tuesday
O02109,2025-06-09,WH-West,Morning,Sorting,E,A053,16,5.57,89.1,1,19.5,0,16,7.23,2.213001383125864,0.0,1.0,2025-06,Monday
O02110,2025-01-19,WH-East,Night,Picking,B,A070,15,16.67,250.1,3,39.4,0,13,8.18,1.8337408312958436,0.0,0.8666666666666667,2025-01,Sunday
O02111,2025-01-26,WH-West,Night,Sorting,B,A063,18,5.0,90.0,1,20.4,0,18,6.74,2.6706231454005933,0.0,1.0,2025-01,Sunday
O02112,2025-12-23,WH-North,Morning,Picking,A,A015,21,11.72,246.1,1,15.8,1,21,8.92,2.3542600896860986,0.047619047619047616,1.0,2025-12,Tuesday
O02113,2025-09-02,WH-South,Afternoon,Dispatch,E,A056,25,12.59,314.8,1,22.5,1,25,6.94,3.6023054755043225,0.04,1.0,2025-09,Tuesday
O02114,2025-03-12,WH-East,Afternoon,Picking,A,A041,11,15.97,175.7,0,0.0,0,11,7.93,1.3871374527112232,0.0,1.0,2025-03,Wednesday
O02115,2025-12-27,WH-North,Afternoon,Picking,A,A005,24,13.96,335.0,0,0.0,0,24,6.65,3.6090225563909772,0.0,1.0,2025-12,Saturday
O02116,2025-11-02,WH-South,Morning,Packing,A,A029,24,7.28,174.8,0,0.0,0,24,6.75,3.5555555555555554,0.0,1.0,2025-11,Sunday
O02117,2025-09-19,WH-North,Morning,Packing,A,A023,23,9.43,216.9,2,26.3,1,22,7.19,3.198887343532684,0.043478260869565216,0.9565217391304348,2025-09,Friday
O02118,2025-06-28,WH-South,Morning,Dispatch,E,A076,23,11.74,270.1,0,0.0,0,23,7.28,3.159340659340659,0.0,1.0,2025-06,Saturday
O02119,2025-08-03,WH-East,Morning,Packing,E,A028,22,13.54,297.9,0,0.0,1,22,7.88,2.7918781725888326,0.045454545454545456,1.0,2025-08,Sunday
O02120,2025-05-23,WH-South,Afternoon,Sorting,E,A057,10,6.09,60.9,2,40.2,0,9,7.62,1.3123359580052494,0.0,0.9,2025-05,Friday
O02121,2025-04-16,WH-West,Morning,Packing,B,A063,18,9.19,165.4,4,55.4,1,15,8.11,2.219482120838471,0.05555555555555555,0.8333333333333334,2025-04,Wednesday
O02122,2025-01-02,WH-South,Night,Dispatch,A,A007,32,7.23,231.4,2,18.2,1,31,7.29,4.3895747599451305,0.03125,0.96875,2025-01,Thursday
O02123,2025-09-27,WH-South,Afternoon,Picking,E,A048,13,10.98,142.8,2,30.7,0,12,6.53,1.9908116385911179,0.0,0.9230769230769231,2025-09,Saturday
O02124,2025-09-13,WH-North,Morning,Picking,D,A029,14,15.05,210.7,3,81.3,0,12,7.68,1.8229166666666667,0.0,0.8571428571428571,2025-09,Saturday
O02125,2025-11-04,WH-East,Morning,Picking,B,A049,18,13.33,239.9,0,0.0,1,18,8.93,2.015677491601344,0.05555555555555555,1.0,2025-11,Tuesday
O02126,2025-02-27,WH-East,Night,Packing,A,A035,20,8.74,174.7,2,52.1,1,19,8.0,2.5,0.05,0.95,2025-02,Thursday
O02127,2025-09-02,WH-West,Morning,Picking,C,A033,19,11.68,221.9,2,21.9,0,18,8.51,2.2326674500587544,0.0,0.9473684210526315,2025-09,Tuesday
O02128,2025-10-22,WH-East,Afternoon,Sorting,A,A047,19,6.33,120.2,4,41.5,1,16,7.0,2.7142857142857144,0.05263157894736842,0.8421052631578947,2025-10,Wednesday
O02129,2025-04-05,WH-West,Night,Picking,B,A069,15,11.29,169.4,3,63.5,0,13,8.54,1.7564402810304451,0.0,0.8666666666666667,2025-04,Saturday
O02130,2025-02-03,WH-East,Morning,Picking,A,A002,18,12.35,222.3,2,22.6,0,17,8.32,2.1634615384615383,0.0,0.9444444444444444,2025-02,Monday
O02131,2025-12-26,WH-South,Morning,Picking,A,A009,20,17.7,354.1,0,0.0,1,20,6.53,3.0627871362940273,0.05,1.0,2025-12,Friday
O02132,2025-09-30,WH-North,Afternoon,Sorting,D,A016,23,5.0,115.0,2,16.7,0,22,6.91,3.3285094066570187,0.0,0.9565217391304348,2025-09,Tuesday
O02133,2025-03-19,WH-South,Afternoon,Sorting,D,A017,22,5.71,125.7,1,24.6,0,22,8.32,2.644230769230769,0.0,1.0,2025-03,Wednesday
O02134,2025-12-06,WH-North,Afternoon,Picking,A,A037,19,10.67,202.8,1,19.0,0,19,6.8,2.794117647058824,0.0,1.0,2025-12,Saturday
O02135,2025-08-18,WH-East,Afternoon,Packing,B,A050,16,11.24,179.8,1,19.0,1,16,6.55,2.4427480916030535,0.0625,1.0,2025-08,Monday
O02136,2025-05-04,WH-East,Morning,Dispatch,E,A048,16,10.48,167.7,1,28.1,0,16,8.86,1.8058690744920995,0.0,1.0,2025-05,Sunday
O02137,2025-06-29,WH-North,Night,Packing,B,A008,13,10.18,132.4,0,0.0,1,13,7.61,1.7082785808147174,0.07692307692307693,1.0,2025-06,Sunday
O02138,2025-06-03,WH-South,Afternoon,Dispatch,B,A043,19,11.5,218.6,3,59.3,1,17,6.74,2.8189910979228485,0.05263157894736842,0.8947368421052632,2025-06,Tuesday
O02139,2025-02-28,WH-North,Morning,Picking,B,A009,18,16.58,298.4,1,13.1,0,18,8.55,2.1052631578947367,0.0,1.0,2025-02,Friday
O02140,2025-06-11,WH-South,Night,Picking,C,A039,9,15.4,138.6,3,66.0,1,7,8.16,1.1029411764705883,0.1111111111111111,0.7777777777777778,2025-06,Wednesday
O02141,2025-09-15,WH-North,Night,Picking,E,A035,20,11.2,224.0,1,19.5,0,20,8.01,2.4968789013732833,0.0,1.0,2025-09,Monday
O02142,2025-01-18,WH-West,Night,Sorting,B,A072,12,8.68,104.1,3,29.4,0,10,8.97,1.3377926421404682,0.0,0.8333333333333334,2025-01,Saturday
O02143,2025-12-08,WH-East,Afternoon,Packing,B,A056,17,5.22,88.7,1,12.6,0,17,7.01,2.425106990014265,0.0,1.0,2025-12,Monday
O02144,2025-11-12,WH-West,Morning,Picking,C,A049,23,17.41,400.5,1,16.9,0,23,8.78,2.619589977220957,0.0,1.0,2025-11,Wednesday
O02145,2025-07-20,WH-East,Morning,Picking,C,A069,17,13.77,234.1,0,0.0,1,17,8.1,2.0987654320987654,0.058823529411764705,1.0,2025-07,Sunday
O02146,2025-02-12,WH-West,Night,Sorting,C,A052,12,9.29,111.4,1,19.9,1,12,6.55,1.83206106870229,0.08333333333333333,1.0,2025-02,Wednesday
O02147,2025-12-27,WH-West,Night,Picking,C,A077,22,13.11,288.4,2,52.0,2,21,8.04,2.736318407960199,0.09090909090909091,0.9545454545454546,2025-12,Saturday
O02148,2025-08-14,WH-East,Afternoon,Picking,B,A059,14,15.12,211.6,0,0.0,0,14,7.06,1.98300283286119,0.0,1.0,2025-08,Thursday
O02149,2025-02-13,WH-East,Night,Sorting,C,A019,15,5.0,75.0,2,43.5,1,14,6.71,2.235469448584203,0.06666666666666667,0.9333333333333333,2025-02,Thursday
O02150,2025-02-07,WH-South,Morning,Packing,A,A068,18,11.08,199.4,0,0.0,0,18,7.5,2.4,0.0,1.0,2025-02,Friday
O02151,2025-09-08,WH-West,Morning,Sorting,E,A002,17,7.88,134.0,0,0.0,0,17,7.31,2.3255813953488373,0.0,1.0,2025-09,Monday
O02152,2025-04-28,WH-East,Morning,Sorting,A,A021,12,5.0,60.0,1,16.4,0,12,8.48,1.4150943396226414,0.0,1.0,2025-04,Monday
O02153,2025-08-23,WH-West,Morning,Sorting,E,A031,11,6.96,76.6,2,23.9,0,10,8.83,1.245753114382786,0.0,0.9090909090909091,2025-08,Saturday
O02154,2025-03-22,WH-North,Morning,Dispatch,D,A028,9,16.25,146.3,0,0.0,0,9,8.83,1.0192525481313703,0.0,1.0,2025-03,Saturday
O02155,2025-11-01,WH-East,Afternoon,Sorting,A,A037,14,9.35,130.9,1,14.6,1,14,7.77,1.8018018018018018,0.07142857142857142,1.0,2025-11,Saturday
O02156,2025-01-16,WH-West,Afternoon,Dispatch,D,A027,23,9.38,215.7,2,34.0,1,22,6.75,3.4074074074074074,0.043478260869565216,0.9565217391304348,2025-01,Thursday
O02157,2025-11-24,WH-South,Morning,Sorting,C,A027,19,5.02,95.3,1,13.1,0,19,8.22,2.311435523114355,0.0,1.0,2025-11,Monday
O02158,2025-02-27,WH-East,Afternoon,Picking,C,A035,10,17.84,178.4,0,0.0,0,10,7.29,1.3717421124828533,0.0,1.0,2025-02,Thursday
O02159,2025-09-10,WH-North,Morning,Packing,E,A031,21,10.17,213.6,0,0.0,1,21,7.73,2.7166882276843465,0.047619047619047616,1.0,2025-09,Wednesday
O02160,2025-09-14,WH-North,Night,Picking,B,A076,21,9.52,200.0,0,0.0,4,21,8.52,2.4647887323943665,0.19047619047619047,1.0,2025-09,Sunday
O02161,2025-10-04,WH-East,Afternoon,Picking,A,A055,17,12.16,206.7,0,0.0,0,17,7.93,2.1437578814627996,0.0,1.0,2025-10,Saturday
O02162,2025-01-20,WH-East,Morning,Dispatch,E,A052,19,12.15,230.8,1,17.1,0,19,7.4,2.5675675675675675,0.0,1.0,2025-01,Monday
O02163,2025-10-17,WH-West,Afternoon,Sorting,C,A017,21,7.99,167.7,2,36.1,2,20,6.58,3.1914893617021276,0.09523809523809523,0.9523809523809523,2025-10,Friday
O02164,2025-04-30,WH-South,Morning,Dispatch,E,A059,15,12.18,182.7,0,0.0,1,15,8.48,1.7688679245283019,0.06666666666666667,1.0,2025-04,Wednesday
O02165,2025-05-05,WH-South,Morning,Packing,B,A078,26,9.93,258.3,3,62.4,1,24,8.47,3.06965761511216,0.038461538461538464,0.9230769230769231,2025-05,Monday
O02166,2025-02-16,WH-East,Afternoon,Picking,A,A040,22,14.41,316.9,1,12.3,1,22,7.15,3.0769230769230766,0.045454545454545456,1.0,2025-02,Sunday
O02167,2025-06-07,WH-West,Morning,Sorting,C,A004,14,7.31,102.3,0,0.0,0,14,7.34,1.9073569482288828,0.0,1.0,2025-06,Saturday
O02168,2025-02-23,WH-South,Morning,Packing,D,A012,21,9.55,200.5,1,28.5,0,21,6.6,3.181818181818182,0.0,1.0,2025-02,Sunday
O02169,2025-10-03,WH-East,Morning,Picking,A,A071,15,12.18,182.6,1,17.6,0,15,8.64,1.736111111111111,0.0,1.0,2025-10,Friday
O02170,2025-08-01,WH-East,Night,Packing,C,A048,12,7.11,85.3,1,15.3,0,12,8.23,1.4580801944106925,0.0,1.0,2025-08,Friday
O02171,2025-04-10,WH-East,Morning,Packing,E,A080,15,6.69,100.3,1,28.3,1,15,7.41,2.0242914979757085,0.06666666666666667,1.0,2025-04,Thursday
O02172,2025-08-01,WH-North,Afternoon,Packing,D,A023,16,9.36,149.8,1,29.8,0,16,8.2,1.9512195121951221,0.0,1.0,2025-08,Friday
O02173,2025-10-21,WH-South,Morning,Packing,C,A012,23,5.71,131.4,1,20.6,0,23,6.97,3.2998565279770444,0.0,1.0,2025-10,Tuesday
O02174,2025-05-04,WH-South,Night,Packing,A,A080,19,13.25,251.8,1,24.9,2,19,7.4,2.5675675675675675,0.10526315789473684,1.0,2025-05,Sunday
O02175,2025-10-30,WH-East,Morning,Packing,C,A039,16,5.0,80.0,0,0.0,0,16,7.28,2.1978021978021975,0.0,1.0,2025-10,Thursday
O02176,2025-09-27,WH-West,Afternoon,Dispatch,C,A026,17,12.53,213.0,1,27.0,0,17,8.31,2.045728038507822,0.0,1.0,2025-09,Saturday
O02177,2025-02-03,WH-South,Morning,Picking,E,A023,24,14.77,354.5,0,0.0,0,24,8.53,2.813599062133646,0.0,1.0,2025-02,Monday
O02178,2025-07-29,WH-North,Morning,Dispatch,D,A021,19,12.94,245.9,1,14.9,0,19,7.25,2.6206896551724137,0.0,1.0,2025-07,Tuesday
O02179,2025-12-29,WH-East,Night,Picking,E,A001,13,14.62,190.1,2,33.4,0,12,8.87,1.4656144306651635,0.0,0.9230769230769231,2025-12,Monday
O02180,2025-10-02,WH-West,Night,Sorting,B,A017,15,8.6,129.0,1,16.3,0,15,8.33,1.800720288115246,0.0,1.0,2025-10,Thursday
O02181,2025-11-12,WH-West,Afternoon,Sorting,D,A009,21,5.0,105.0,3,53.4,0,19,8.27,2.5392986698911733,0.0,0.9047619047619048,2025-11,Wednesday
O02182,2025-08-18,WH-West,Afternoon,Picking,B,A061,23,16.86,387.8,3,81.5,0,21,7.22,3.1855955678670362,0.0,0.9130434782608695,2025-08,Monday
O02183,2025-06-13,WH-South,Morning,Packing,B,A027,13,11.84,153.9,1,20.2,0,13,8.1,1.6049382716049383,0.0,1.0,2025-06,Friday
O02184,2025-12-13,WH-South,Afternoon,Packing,A,A030,13,11.19,145.5,2,22.8,0,12,7.56,1.7195767195767198,0.0,0.9230769230769231,2025-12,Saturday
O02185,2025-04-19,WH-West,Morning,Picking,B,A012,12,11.28,135.4,1,8.8,1,12,8.52,1.4084507042253522,0.08333333333333333,1.0,2025-04,Saturday
O02186,2025-02-20,WH-North,Morning,Picking,A,A052,28,13.76,385.4,0,0.0,1,28,8.34,3.357314148681055,0.03571428571428571,1.0,2025-02,Thursday
O02187,2025-05-13,WH-North,Night,Picking,D,A038,19,7.55,143.4,1,17.4,0,19,7.45,2.5503355704697985,0.0,1.0,2025-05,Tuesday
O02188,2025-12-31,WH-West,Morning,Sorting,E,A005,23,8.56,196.8,0,0.0,1,23,7.18,3.203342618384401,0.043478260869565216,1.0,2025-12,Wednesday
O02189,2025-02-26,WH-North,Night,Packing,A,A071,9,11.03,99.2,3,26.9,0,7,8.53,1.0550996483001174,0.0,0.7777777777777778,2025-02,Wednesday
O02190,2025-10-03,WH-South,Afternoon,Packing,B,A038,24,7.3,175.1,0,0.0,1,24,8.1,2.9629629629629632,0.041666666666666664,1.0,2025-10,Friday
O02191,2025-11-03,WH-East,Morning,Picking,B,A061,23,13.79,317.1,1,27.8,2,23,7.54,3.050397877984085,0.08695652173913043,1.0,2025-11,Monday
O02192,2025-02-03,WH-West,Afternoon,Picking,B,A026,15,9.19,137.9,2,55.8,0,14,6.71,2.235469448584203,0.0,0.9333333333333333,2025-02,Monday
O02193,2025-11-08,WH-East,Night,Sorting,C,A006,15,8.31,124.6,4,58.4,1,12,7.07,2.1216407355021216,0.06666666666666667,0.8,2025-11,Saturday
O02194,2025-05-22,WH-West,Morning,Dispatch,B,A048,20,12.14,242.7,0,0.0,1,20,6.96,2.8735632183908044,0.05,1.0,2025-05,Thursday
O02195,2025-05-04,WH-North,Afternoon,Dispatch,A,A036,14,13.14,183.9,1,16.7,2,14,8.97,1.560758082497213,0.14285714285714285,1.0,2025-05,Sunday
O02196,2025-04-20,WH-West,Afternoon,Sorting,C,A015,17,9.21,156.5,0,0.0,0,17,6.53,2.603369065849923,0.0,1.0,2025-04,Sunday
O02197,2025-10-25,WH-West,Night,Packing,B,A038,17,6.63,112.7,2,19.2,1,16,7.89,2.1546261089987326,0.058823529411764705,0.9411764705882353,2025-10,Saturday
O02198,2025-07-13,WH-North,Morning,Sorting,A,A026,24,11.76,282.3,0,0.0,0,24,8.84,2.7149321266968327,0.0,1.0,2025-07,Sunday
O02199,2025-07-07,WH-North,Afternoon,Picking,A,A059,16,17.28,276.4,2,38.9,0,15,8.48,1.8867924528301885,0.0,0.9375,2025-07,Monday
O02200,2025-11-02,WH-West,Afternoon,Picking,B,A063,15,16.72,250.8,1,19.8,0,15,7.49,2.0026702269692924,0.0,1.0,2025-11,Sunday
O02201,2025-02-13,WH-East,Afternoon,Picking,A,A045,18,18.11,326.0,2,30.7,0,17,7.12,2.5280898876404496,0.0,0.9444444444444444,2025-02,Thursday
O02202,2025-03-16,WH-South,Morning,Picking,C,A007,19,16.39,311.4,1,30.0,0,19,7.08,2.6836158192090394,0.0,1.0,2025-03,Sunday
O02203,2025-04-21,WH-East,Night,Packing,A,A029,29,13.51,391.8,4,68.9,2,26,8.95,3.240223463687151,0.06896551724137931,0.896551724137931,2025-04,Monday
O02204,2025-04-20,WH-East,Afternoon,Picking,A,A023,15,12.43,186.5,1,9.6,0,15,8.06,1.8610421836228286,0.0,1.0,2025-04,Sunday
O02205,2025-08-18,WH-South,Afternoon,Picking,B,A036,17,15.98,271.7,3,58.9,2,15,8.54,1.9906323185011712,0.11764705882352941,0.8823529411764706,2025-08,Monday
O02206,2025-06-02,WH-West,Morning,Packing,C,A058,12,5.75,69.0,1,28.2,0,12,8.89,1.3498312710911136,0.0,1.0,2025-06,Monday
O02207,2025-03-21,WH-West,Afternoon,Packing,A,A015,20,9.14,182.8,0,0.0,0,20,8.5,2.3529411764705883,0.0,1.0,2025-03,Friday
O02208,2025-05-26,WH-North,Night,Packing,D,A064,20,5.43,108.7,1,13.2,0,20,6.76,2.9585798816568047,0.0,1.0,2025-05,Monday
O02209,2025-07-07,WH-West,Afternoon,Packing,E,A007,21,13.39,281.3,1,20.9,1,21,8.13,2.5830258302583022,0.047619047619047616,1.0,2025-07,Monday
O02210,2025-12-25,WH-South,Afternoon,Picking,A,A053,20,13.04,260.7,0,0.0,1,20,8.09,2.4721878862793574,0.05,1.0,2025-12,Thursday
O02211,2025-06-23,WH-South,Morning,Picking,B,A023,16,9.68,154.8,1,8.4,0,16,7.06,2.26628895184136,0.0,1.0,2025-06,Monday
O02212,2025-05-16,WH-South,Morning,Packing,E,A005,27,6.75,182.3,0,0.0,0,27,7.35,3.673469387755102,0.0,1.0,2025-05,Friday
O02213,2025-09-01,WH-South,Afternoon,Packing,C,A031,14,8.46,118.4,2,21.7,0,13,8.54,1.6393442622950822,0.0,0.9285714285714286,2025-09,Monday
O02214,2025-07-17,WH-South,Night,Picking,B,A024,17,16.57,281.8,3,58.5,1,15,8.09,2.1013597033374536,0.058823529411764705,0.8823529411764706,2025-07,Thursday
O02215,2025-08-11,WH-East,Night,Sorting,D,A042,13,8.91,115.8,2,27.0,0,12,6.63,1.9607843137254903,0.0,0.9230769230769231,2025-08,Monday
O02216,2025-03-02,WH-South,Afternoon,Picking,B,A036,19,14.61,277.6,0,0.0,0,19,6.86,2.769679300291545,0.0,1.0,2025-03,Sunday
O02217,2025-11-24,WH-East,Morning,Sorting,A,A008,17,6.09,103.5,1,27.5,0,17,8.57,1.9836639439906651,0.0,1.0,2025-11,Monday
O02218,2025-10-17,WH-North,Morning,Picking,C,A041,21,14.69,308.5,0,0.0,0,21,8.5,2.4705882352941178,0.0,1.0,2025-10,Friday
O02219,2025-09-13,WH-East,Night,Packing,A,A035,20,8.39,167.7,3,75.1,1,18,7.46,2.680965147453083,0.05,0.9,2025-09,Saturday
O02220,2025-01-10,WH-West,Night,Dispatch,D,A064,14,15.1,211.4,4,35.2,0,11,7.04,1.9886363636363635,0.0,0.7857142857142857,2025-01,Friday
O02221,2025-01-28,WH-South,Morning,Sorting,A,A004,21,10.04,210.8,2,56.2,1,20,6.89,3.0478955007256894,0.047619047619047616,0.9523809523809523,2025-01,Tuesday
O02222,2025-01-20,WH-East,Afternoon,Packing,A,A052,14,9.07,127.0,2,40.1,0,13,8.94,1.5659955257270695,0.0,0.9285714285714286,2025-01,Monday
O02223,2025-06-14,WH-South,Afternoon,Picking,B,A030,14,16.62,232.6,1,19.2,1,14,8.32,1.6826923076923077,0.07142857142857142,1.0,2025-06,Saturday
O02224,2025-04-23,WH-North,Night,Dispatch,E,A031,12,14.02,168.2,2,32.1,0,11,8.01,1.4981273408239701,0.0,0.9166666666666666,2025-04,Wednesday
O02225,2025-10-28,WH-South,Afternoon,Picking,D,A058,26,14.81,385.0,0,0.0,0,26,6.81,3.8179148311306905,0.0,1.0,2025-10,Tuesday
O02226,2025-10-06,WH-East,Afternoon,Packing,B,A044,15,11.43,171.4,2,37.1,0,14,7.56,1.9841269841269842,0.0,0.9333333333333333,2025-10,Monday
O02227,2025-06-09,WH-South,Night,Sorting,A,A048,13,7.11,92.4,1,22.6,1,13,8.92,1.4573991031390134,0.07692307692307693,1.0,2025-06,Monday
O02228,2025-11-13,WH-West,Morning,Dispatch,A,A028,25,10.46,261.5,2,35.8,0,24,7.21,3.4674063800277395,0.0,0.96,2025-11,Thursday
O02229,2025-06-10,WH-South,Morning,Picking,D,A002,22,14.44,317.6,0,0.0,0,22,6.57,3.34855403348554,0.0,1.0,2025-06,Tuesday
O02230,2025-01-27,WH-East,Afternoon,Picking,D,A052,10,14.69,146.9,1,11.7,0,10,7.59,1.3175230566534915,0.0,1.0,2025-01,Monday
O02231,2025-02-28,WH-West,Afternoon,Packing,A,A044,21,11.76,246.9,1,28.7,0,21,7.54,2.7851458885941645,0.0,1.0,2025-02,Friday
O02232,2025-06-17,WH-East,Afternoon,Picking,D,A016,17,14.28,242.8,0,0.0,0,17,8.89,1.9122609673790776,0.0,1.0,2025-06,Tuesday
O02233,2025-10-15,WH-West,Afternoon,Picking,D,A060,19,14.26,270.9,0,0.0,1,19,7.04,2.6988636363636362,0.05263157894736842,1.0,2025-10,Wednesday
O02234,2025-05-08,WH-West,Morning,Packing,B,A068,21,10.58,222.3,1,21.0,0,21,6.78,3.0973451327433628,0.0,1.0,2025-05,Thursday
O02235,2025-09-04,WH-South,Afternoon,Packing,D,A006,15,10.1,151.6,1,25.1,0,15,7.34,2.043596730245232,0.0,1.0,2025-09,Thursday
O02236,2025-09-01,WH-West,Morning,Sorting,E,A067,11,13.48,148.2,1,11.4,0,11,6.74,1.632047477744807,0.0,1.0,2025-09,Monday
O02237,2025-10-01,WH-West,Night,Packing,D,A059,18,13.26,238.6,2,32.4,0,17,6.99,2.575107296137339,0.0,0.9444444444444444,2025-10,Wednesday
O02238,2025-12-24,WH-South,Afternoon,Packing,B,A042,19,11.53,219.0,1,15.6,0,19,7.96,2.3869346733668344,0.0,1.0,2025-12,Wednesday
O02239,2025-11-20,WH-South,Afternoon,Sorting,A,A039,25,11.74,293.5,1,18.0,3,25,6.5,3.8461538461538463,0.12,1.0,2025-11,Thursday
O02240,2025-04-26,WH-West,Morning,Sorting,D,A036,18,10.07,181.3,0,0.0,1,18,7.76,2.3195876288659796,0.05555555555555555,1.0,2025-04,Saturday
O02241,2025-08-10,WH-West,Afternoon,Packing,C,A046,15,7.19,107.8,0,0.0,1,15,8.19,1.8315018315018317,0.06666666666666667,1.0,2025-08,Sunday
O02242,2025-05-27,WH-West,Night,Picking,A,A048,23,18.02,414.4,1,10.5,1,23,8.53,2.6963657678780777,0.043478260869565216,1.0,2025-05,Tuesday
O02243,2025-03-28,WH-East,Night,Picking,C,A058,17,17.34,294.8,0,0.0,1,17,6.83,2.4890190336749636,0.058823529411764705,1.0,2025-03,Friday
O02244,2025-01-03,WH-South,Morning,Packing,E,A065,22,10.2,224.4,1,17.3,0,22,6.98,3.151862464183381,0.0,1.0,2025-01,Friday
O02245,2025-01-14,WH-South,Afternoon,Picking,A,A073,22,15.12,332.6,3,36.1,0,20,7.71,2.853437094682231,0.0,0.9090909090909091,2025-01,Tuesday
O02246,2025-09-16,WH-South,Morning,Packing,E,A049,9,10.58,95.2,0,0.0,0,9,7.23,1.2448132780082988,0.0,1.0,2025-09,Tuesday
O02247,2025-07-07,WH-North,Morning,Packing,D,A006,22,5.0,110.0,0,0.0,0,22,7.54,2.9177718832891246,0.0,1.0,2025-07,Monday
O02248,2025-06-29,WH-West,Afternoon,Sorting,C,A067,19,5.49,104.3,0,0.0,0,19,7.4,2.5675675675675675,0.0,1.0,2025-06,Sunday
O02249,2025-08-24,WH-North,Afternoon,Packing,A,A051,15,8.73,130.9,1,12.8,1,15,6.99,2.1459227467811157,0.06666666666666667,1.0,2025-08,Sunday
O02250,2025-05-28,WH-South,Morning,Picking,E,A007,12,15.63,187.6,2,50.7,0,11,6.74,1.7804154302670623,0.0,0.9166666666666666,2025-05,Wednesday
O02251,2025-10-11,WH-West,Afternoon,Picking,A,A012,16,17.87,286.0,2,21.5,0,15,6.5,2.4615384615384617,0.0,0.9375,2025-10,Saturday
O02252,2025-08-22,WH-East,Morning,Packing,D,A020,17,10.4,176.8,0,0.0,0,17,6.74,2.522255192878338,0.0,1.0,2025-08,Friday
O02253,2025-06-13,WH-North,Afternoon,Picking,B,A027,14,16.63,232.9,0,0.0,2,14,6.56,2.1341463414634148,0.14285714285714285,1.0,2025-06,Friday
O02254,2025-01-08,WH-West,Morning,Picking,E,A063,23,13.09,301.1,1,16.7,1,23,6.72,3.422619047619048,0.043478260869565216,1.0,2025-01,Wednesday
O02255,2025-04-04,WH-West,Morning,Sorting,D,A074,19,5.0,95.0,1,16.6,0,19,8.18,2.3227383863080684,0.0,1.0,2025-04,Friday
O02256,2025-01-04,WH-East,Night,Picking,A,A075,17,14.41,244.9,1,13.6,0,17,6.78,2.5073746312684366,0.0,1.0,2025-01,Saturday
O02257,2025-03-22,WH-East,Night,Sorting,C,A004,16,11.78,188.5,1,26.0,1,16,6.85,2.3357664233576645,0.0625,1.0,2025-03,Saturday
O02258,2025-06-29,WH-East,Morning,Picking,D,A025,21,17.77,373.3,1,15.9,0,21,8.05,2.6086956521739126,0.0,1.0,2025-06,Sunday
O02259,2025-12-31,WH-North,Morning,Picking,C,A074,11,13.87,152.5,0,0.0,0,11,7.78,1.4138817480719794,0.0,1.0,2025-12,Wednesday
O02260,2025-06-12,WH-North,Afternoon,Packing,B,A080,19,15.65,297.4,1,23.5,1,19,8.05,2.3602484472049685,0.05263157894736842,1.0,2025-06,Thursday
O02261,2025-12-16,WH-East,Afternoon,Packing,D,A059,25,12.7,317.5,2,34.1,0,24,8.06,3.1017369727047144,0.0,0.96,2025-12,Tuesday
O02262,2025-07-05,WH-East,Night,Picking,D,A022,14,10.66,149.2,2,55.8,0,13,8.59,1.6298020954598371,0.0,0.9285714285714286,2025-07,Saturday
O02263,2025-05-28,WH-East,Morning,Picking,C,A052,25,15.96,399.1,0,0.0,0,25,6.56,3.8109756097560976,0.0,1.0,2025-05,Wednesday
O02264,2025-07-24,WH-South,Morning,Sorting,D,A006,16,10.33,165.3,0,0.0,1,16,6.62,2.416918429003021,0.0625,1.0,2025-07,Thursday
O02265,2025-06-24,WH-North,Morning,Packing,E,A038,16,9.83,157.2,0,0.0,0,16,7.1,2.2535211267605635,0.0,1.0,2025-06,Tuesday
O02266,2025-01-06,WH-South,Night,Packing,C,A049,10,11.67,116.7,2,43.1,0,9,8.66,1.1547344110854503,0.0,0.9,2025-01,Monday
O02267,2025-02-16,WH-North,Afternoon,Packing,A,A029,20,11.27,225.3,1,26.1,0,20,6.56,3.048780487804878,0.0,1.0,2025-02,Sunday
O02268,2025-02-27,WH-South,Afternoon,Picking,A,A051,19,15.41,292.8,3,51.5,1,17,8.92,2.1300448430493275,0.05263157894736842,0.8947368421052632,2025-02,Thursday
O02269,2025-03-18,WH-South,Morning,Sorting,D,A038,25,10.14,253.5,0,0.0,0,25,7.22,3.4626038781163437,0.0,1.0,2025-03,Tuesday
O02270,2025-10-01,WH-South,Afternoon,Packing,B,A080,15,12.59,188.9,1,21.8,1,15,7.12,2.106741573033708,0.06666666666666667,1.0,2025-10,Wednesday
O02271,2025-01-15,WH-West,Night,Picking,D,A007,19,12.35,234.7,0,0.0,0,19,6.55,2.900763358778626,0.0,1.0,2025-01,Wednesday
O02272,2025-04-29,WH-East,Morning,Sorting,B,A070,12,5.0,60.0,2,22.7,0,11,7.21,1.6643550624133148,0.0,0.9166666666666666,2025-04,Tuesday
O02273,2025-05-14,WH-South,Morning,Picking,D,A052,24,10.58,253.9,1,20.8,1,24,6.56,3.658536585365854,0.041666666666666664,1.0,2025-05,Wednesday
O02274,2025-07-30,WH-East,Afternoon,Picking,A,A031,18,20.72,372.9,0,0.0,0,18,6.64,2.710843373493976,0.0,1.0,2025-07,Wednesday
O02275,2025-03-13,WH-North,Morning,Packing,B,A025,15,10.38,155.7,0,0.0,0,15,8.16,1.838235294117647,0.0,1.0,2025-03,Thursday
O02276,2025-02-05,WH-South,Morning,Picking,D,A006,20,18.01,360.3,1,25.1,1,20,7.12,2.8089887640449436,0.05,1.0,2025-02,Wednesday
O02277,2025-07-29,WH-South,Morning,Packing,D,A024,16,11.4,182.4,0,0.0,1,16,8.43,1.8979833926453145,0.0625,1.0,2025-07,Tuesday
O02278,2025-12-21,WH-East,Morning,Picking,C,A003,14,13.34,186.7,1,24.4,0,14,8.56,1.6355140186915886,0.0,1.0,2025-12,Sunday
O02279,2025-11-22,WH-North,Night,Packing,C,A070,11,7.6,83.6,0,0.0,0,11,8.64,1.2731481481481481,0.0,1.0,2025-11,Saturday
O02280,2025-02-25,WH-North,Afternoon,Packing,D,A064,23,7.86,180.8,3,81.1,1,21,7.44,3.0913978494623655,0.043478260869565216,0.9130434782608695,2025-02,Tuesday
O02281,2025-02-28,WH-South,Morning,Packing,D,A026,13,9.95,129.4,2,24.0,0,12,8.82,1.473922902494331,0.0,0.9230769230769231,2025-02,Friday
O02282,2025-06-27,WH-North,Night,Packing,C,A016,16,11.34,181.4,3,32.0,1,14,8.61,1.8583042973286876,0.0625,0.875,2025-06,Friday
O02283,2025-01-20,WH-North,Morning,Dispatch,C,A018,22,10.79,237.5,1,15.2,0,22,6.93,3.174603174603175,0.0,1.0,2025-01,Monday
O02284,2025-08-03,WH-East,Afternoon,Sorting,B,A015,24,6.6,158.4,0,0.0,1,24,7.8,3.076923076923077,0.041666666666666664,1.0,2025-08,Sunday
O02285,2025-07-10,WH-East,Morning,Picking,A,A010,18,16.76,301.7,1,8.9,0,18,7.23,2.4896265560165975,0.0,1.0,2025-07,Thursday
O02286,2025-10-20,WH-East,Afternoon,Packing,E,A004,14,5.64,78.9,0,0.0,0,14,7.04,1.9886363636363635,0.0,1.0,2025-10,Monday
O02287,2025-02-08,WH-West,Morning,Picking,D,A043,15,16.76,251.5,2,22.6,0,14,7.44,2.0161290322580645,0.0,0.9333333333333333,2025-02,Saturday
O02288,2025-12-06,WH-West,Night,Sorting,A,A053,17,13.05,221.9,2,46.3,0,16,8.38,2.0286396181384245,0.0,0.9411764705882353,2025-12,Saturday
O02289,2025-02-12,WH-South,Night,Sorting,A,A080,20,6.87,137.5,3,89.0,0,18,7.33,2.728512960436562,0.0,0.9,2025-02,Wednesday
O02290,2025-06-08,WH-East,Afternoon,Packing,C,A020,20,9.46,189.1,1,21.3,0,20,6.81,2.9368575624082234,0.0,1.0,2025-06,Sunday
O02291,2025-12-04,WH-North,Morning,Sorting,B,A025,19,7.19,136.7,0,0.0,0,19,8.72,2.1788990825688073,0.0,1.0,2025-12,Thursday
O02292,2025-03-03,WH-North,Night,Dispatch,C,A071,15,11.7,175.5,0,0.0,0,15,7.76,1.9329896907216495,0.0,1.0,2025-03,Monday
O02293,2025-06-10,WH-South,Afternoon,Picking,A,A008,23,16.19,372.3,1,11.4,0,23,7.3,3.1506849315068495,0.0,1.0,2025-06,Tuesday
O02294,2025-12-23,WH-East,Morning,Dispatch,B,A009,19,11.64,221.1,2,32.4,0,18,8.3,2.2891566265060237,0.0,0.9473684210526315,2025-12,Tuesday
O02295,2025-06-19,WH-South,Night,Packing,B,A075,16,8.28,132.6,1,12.1,0,16,7.5,2.1333333333333333,0.0,1.0,2025-06,Thursday
O02296,2025-03-31,WH-North,Morning,Packing,A,A042,16,11.62,185.9,0,0.0,1,16,6.96,2.2988505747126435,0.0625,1.0,2025-03,Monday
O02297,2025-04-27,WH-South,Afternoon,Packing,D,A034,15,9.17,137.5,1,28.4,0,15,6.93,2.1645021645021645,0.0,1.0,2025-04,Sunday
O02298,2025-04-08,WH-South,Morning,Packing,D,A010,16,6.81,108.9,1,20.0,0,16,8.26,1.937046004842615,0.0,1.0,2025-04,Tuesday
O02299,2025-06-02,WH-East,Morning,Picking,E,A053,18,11.47,206.4,0,0.0,0,18,7.34,2.452316076294278,0.0,1.0,2025-06,Monday
O02300,2025-01-16,WH-South,Night,Sorting,E,A010,16,10.97,175.5,1,13.3,0,16,7.38,2.1680216802168024,0.0,1.0,2025-01,Thursday
O02301,2025-03-16,WH-South,Night,Picking,C,A039,19,15.33,291.2,1,10.8,0,19,6.9,2.753623188405797,0.0,1.0,2025-03,Sunday
O02302,2025-11-26,WH-South,Night,Picking,C,A077,19,11.31,214.9,4,68.2,1,16,7.58,2.5065963060686016,0.05263157894736842,0.8421052631578947,2025-11,Wednesday
O02303,2025-09-23,WH-South,Night,Dispatch,C,A053,19,13.58,258.0,2,46.8,1,18,7.77,2.4453024453024454,0.05263157894736842,0.9473684210526315,2025-09,Tuesday
O02304,2025-10-06,WH-South,Afternoon,Sorting,C,A058,21,5.17,108.6,0,0.0,1,21,7.63,2.7522935779816513,0.047619047619047616,1.0,2025-10,Monday
O02305,2025-04-03,WH-South,Morning,Packing,B,A002,15,7.89,118.4,2,53.4,0,14,8.48,1.7688679245283019,0.0,0.9333333333333333,2025-04,Thursday
O02306,2025-11-10,WH-West,Afternoon,Packing,E,A058,23,9.01,207.1,4,70.9,1,20,8.84,2.6018099547511313,0.043478260869565216,0.8695652173913043,2025-11,Monday
O02307,2025-07-15,WH-West,Night,Picking,A,A041,16,18.25,291.9,2,40.1,1,15,8.24,1.941747572815534,0.0625,0.9375,2025-07,Tuesday
O02308,2025-10-24,WH-East,Afternoon,Picking,B,A035,19,13.38,254.1,2,35.2,0,18,8.71,2.1814006888633752,0.0,0.9473684210526315,2025-10,Friday
O02309,2025-06-07,WH-West,Afternoon,Picking,A,A056,16,10.91,174.5,3,48.1,0,14,8.09,1.9777503090234858,0.0,0.875,2025-06,Saturday
O02310,2025-07-24,WH-North,Afternoon,Dispatch,A,A051,23,11.7,269.1,0,0.0,0,23,7.52,3.0585106382978724,0.0,1.0,2025-07,Thursday
O02311,2025-05-06,WH-East,Afternoon,Packing,B,A037,16,9.06,145.0,1,13.6,0,16,8.41,1.9024970273483948,0.0,1.0,2025-05,Tuesday
O02312,2025-05-30,WH-North,Morning,Packing,A,A030,26,12.25,318.5,0,0.0,0,26,6.58,3.951367781155015,0.0,1.0,2025-05,Friday
O02313,2025-11-24,WH-North,Afternoon,Sorting,A,A080,21,6.02,126.5,1,14.9,0,21,8.44,2.4881516587677726,0.0,1.0,2025-11,Monday
O02314,2025-03-15,WH-East,Morning,Packing,C,A020,18,13.1,235.8,1,28.8,0,18,8.07,2.2304832713754648,0.0,1.0,2025-03,Saturday
O02315,2025-08-11,WH-South,Morning,Picking,C,A013,16,8.54,136.6,0,0.0,0,16,8.27,1.9347037484885128,0.0,1.0,2025-08,Monday
O02316,2025-10-29,WH-East,Night,Sorting,B,A069,21,5.0,105.0,2,36.7,0,20,8.94,2.348993288590604,0.0,0.9523809523809523,2025-10,Wednesday
O02317,2025-11-04,WH-West,Night,Picking,B,A069,14,16.49,230.9,3,79.4,0,12,8.77,1.596351197263398,0.0,0.8571428571428571,2025-11,Tuesday
O02318,2025-07-04,WH-North,Afternoon,Dispatch,A,A043,25,8.12,203.0,1,29.0,0,25,7.34,3.4059945504087192,0.0,1.0,2025-07,Friday
O02319,2025-05-26,WH-East,Morning,Packing,A,A005,18,8.41,151.3,1,16.7,0,18,8.84,2.0361990950226243,0.0,1.0,2025-05,Monday
O02320,2025-09-17,WH-North,Afternoon,Packing,D,A044,15,12.15,182.3,2,27.4,1,14,7.23,2.0746887966804977,0.06666666666666667,0.9333333333333333,2025-09,Wednesday
O02321,2025-09-26,WH-North,Afternoon,Packing,E,A080,19,10.71,203.5,1,18.9,1,19,8.62,2.204176334106729,0.05263157894736842,1.0,2025-09,Friday
O02322,2025-10-26,WH-West,Afternoon,Picking,A,A045,16,17.41,278.6,0,0.0,0,16,7.81,2.0486555697823303,0.0,1.0,2025-10,Sunday
O02323,2025-09-21,WH-East,Morning,Sorting,C,A041,20,5.33,106.5,1,24.6,0,20,8.84,2.262443438914027,0.0,1.0,2025-09,Sunday
O02324,2025-03-03,WH-North,Afternoon,Picking,B,A025,19,14.34,272.5,1,23.8,0,19,6.86,2.769679300291545,0.0,1.0,2025-03,Monday
O02325,2025-10-12,WH-East,Night,Picking,A,A049,16,13.03,208.5,0,0.0,0,16,8.9,1.797752808988764,0.0,1.0,2025-10,Sunday
O02326,2025-12-18,WH-West,Morning,Picking,E,A056,22,16.18,356.1,0,0.0,1,22,7.37,2.9850746268656714,0.045454545454545456,1.0,2025-12,Thursday
O02327,2025-05-27,WH-East,Afternoon,Sorting,B,A065,22,8.06,177.3,1,19.9,0,22,7.08,3.1073446327683616,0.0,1.0,2025-05,Tuesday
O02328,2025-09-02,WH-North,Morning,Picking,E,A035,29,9.1,263.9,1,11.2,0,29,7.14,4.061624649859944,0.0,1.0,2025-09,Tuesday
O02329,2025-08-20,WH-East,Afternoon,Picking,E,A029,7,15.59,109.1,4,89.4,1,4,8.39,0.8343265792610249,0.14285714285714285,0.5714285714285714,2025-08,Wednesday
O02330,2025-10-24,WH-East,Morning,Picking,A,A002,13,13.1,170.4,1,9.1,0,13,8.71,1.4925373134328357,0.0,1.0,2025-10,Friday
O02331,2025-10-09,WH-West,Morning,Dispatch,E,A027,25,11.74,293.5,2,22.7,3,24,7.33,3.4106412005457027,0.12,0.96,2025-10,Thursday
O02332,2025-02-12,WH-South,Afternoon,Packing,B,A043,21,12.03,252.6,1,15.4,1,21,6.64,3.162650602409639,0.047619047619047616,1.0,2025-02,Wednesday
O02333,2025-11-07,WH-East,Afternoon,Picking,B,A059,15,18.17,272.5,0,0.0,0,15,8.96,1.6741071428571428,0.0,1.0,2025-11,Friday
O02334,2025-11-30,WH-East,Morning,Picking,B,A013,16,19.49,311.8,0,0.0,0,16,6.97,2.2955523672883786,0.0,1.0,2025-11,Sunday
O02335,2025-07-09,WH-North,Morning,Packing,A,A017,17,7.85,133.5,1,21.4,0,17,6.68,2.5449101796407185,0.0,1.0,2025-07,Wednesday
O02336,2025-03-24,WH-North,Night,Picking,D,A075,20,18.2,364.0,0,0.0,0,20,6.82,2.932551319648094,0.0,1.0,2025-03,Monday
O02337,2025-02-12,WH-East,Afternoon,Dispatch,C,A015,16,10.97,175.5,0,0.0,1,16,7.95,2.0125786163522013,0.0625,1.0,2025-02,Wednesday
O02338,2025-03-28,WH-South,Morning,Packing,E,A032,21,8.85,185.8,1,14.9,1,21,8.75,2.4,0.047619047619047616,1.0,2025-03,Friday
O02339,2025-03-13,WH-North,Morning,Picking,B,A001,20,8.73,174.6,2,22.0,2,19,6.54,3.058103975535168,0.1,0.95,2025-03,Thursday
O02340,2025-09-24,WH-North,Morning,Picking,E,A075,18,15.3,275.4,0,0.0,1,18,8.42,2.137767220902613,0.05555555555555555,1.0,2025-09,Wednesday
O02341,2025-05-01,WH-North,Afternoon,Dispatch,C,A028,12,12.24,146.9,0,0.0,1,12,7.14,1.680672268907563,0.08333333333333333,1.0,2025-05,Thursday
O02342,2025-01-05,WH-West,Afternoon,Packing,B,A070,18,14.21,255.7,3,59.5,1,16,8.97,2.0066889632107023,0.05555555555555555,0.8888888888888888,2025-01,Sunday
O02343,2025-02-09,WH-North,Morning,Packing,D,A006,17,9.04,153.7,1,23.4,1,17,8.85,1.92090395480226,0.058823529411764705,1.0,2025-02,Sunday
O02344,2025-09-20,WH-North,Morning,Packing,A,A026,11,10.12,111.3,0,0.0,0,11,7.29,1.5089163237311385,0.0,1.0,2025-09,Saturday
O02345,2025-01-26,WH-West,Afternoon,Picking,A,A009,14,17.12,239.7,1,15.2,0,14,8.89,1.574803149606299,0.0,1.0,2025-01,Sunday
O02346,2025-02-11,WH-South,Morning,Packing,A,A041,11,9.86,108.4,0,0.0,0,11,8.25,1.3333333333333333,0.0,1.0,2025-02,Tuesday
O02347,2025-11-16,WH-North,Morning,Packing,E,A074,18,7.64,137.5,3,71.2,2,16,7.66,2.3498694516971277,0.1111111111111111,0.8888888888888888,2025-11,Sunday
O02348,2025-03-22,WH-West,Afternoon,Sorting,D,A059,22,9.54,209.9,3,40.2,0,20,8.84,2.48868778280543,0.0,0.9090909090909091,2025-03,Saturday
O02349,2025-10-26,WH-North,Afternoon,Packing,E,A002,10,16.61,166.1,2,49.6,0,9,7.0,1.4285714285714286,0.0,0.9,2025-10,Sunday
O02350,2025-06-01,WH-South,Morning,Picking,D,A061,23,16.6,381.7,1,15.9,0,23,6.88,3.3430232558139537,0.0,1.0,2025-06,Sunday
O02351,2025-10-14,WH-South,Night,Picking,A,A052,21,13.24,278.1,0,0.0,0,21,7.28,2.8846153846153846,0.0,1.0,2025-10,Tuesday
O02352,2025-11-26,WH-North,Afternoon,Sorting,C,A004,20,8.97,179.5,1,10.5,0,20,8.01,2.4968789013732833,0.0,1.0,2025-11,Wednesday
O02353,2025-12-10,WH-West,Night,Picking,A,A042,24,13.39,321.4,1,25.0,0,24,8.65,2.7745664739884393,0.0,1.0,2025-12,Wednesday
O02354,2025-01-11,WH-South,Afternoon,Picking,E,A011,18,12.81,230.6,0,0.0,0,18,7.01,2.5677603423680457,0.0,1.0,2025-01,Saturday
O02355,2025-11-01,WH-North,Afternoon,Picking,B,A023,13,11.77,153.0,1,28.9,0,13,8.45,1.5384615384615385,0.0,1.0,2025-11,Saturday
O02356,2025-06-16,WH-West,Morning,Sorting,B,A042,21,5.0,105.0,1,17.4,0,21,7.57,2.7741083223249667,0.0,1.0,2025-06,Monday
O02357,2025-01-09,WH-East,Afternoon,Picking,B,A004,16,14.92,238.7,1,17.5,0,16,8.13,1.9680196801968017,0.0,1.0,2025-01,Thursday
O02358,2025-05-10,WH-West,Morning,Picking,C,A072,21,14.57,305.9,1,18.2,0,21,7.79,2.6957637997432604,0.0,1.0,2025-05,Saturday
O02359,2025-12-10,WH-North,Morning,Sorting,A,A003,23,9.21,211.8,4,59.3,0,20,8.1,2.8395061728395063,0.0,0.8695652173913043,2025-12,Wednesday
O02360,2025-02-02,WH-West,Afternoon,Picking,A,A046,18,12.9,232.3,0,0.0,0,18,8.74,2.059496567505721,0.0,1.0,2025-02,Sunday
O02361,2025-06-13,WH-East,Afternoon,Dispatch,B,A036,22,9.0,198.1,2,26.3,1,21,8.77,2.5085518814139114,0.045454545454545456,0.9545454545454546,2025-06,Friday
O02362,2025-09-08,WH-North,Afternoon,Sorting,D,A067,10,12.13,121.3,3,25.2,0,8,8.72,1.146788990825688,0.0,0.8,2025-09,Monday
O02363,2025-01-28,WH-West,Morning,Packing,D,A009,16,6.65,106.4,0,0.0,0,16,7.21,2.219140083217753,0.0,1.0,2025-01,Tuesday
O02364,2025-10-17,WH-North,Night,Picking,D,A066,23,11.44,263.1,1,23.4,0,23,7.43,3.095558546433378,0.0,1.0,2025-10,Friday
O02365,2025-05-01,WH-North,Afternoon,Picking,E,A039,18,18.29,329.2,4,65.8,0,15,9.0,2.0,0.0,0.8333333333333334,2025-05,Thursday
O02366,2025-01-11,WH-West,Morning,Sorting,E,A065,18,9.08,163.4,1,24.0,0,18,7.65,2.3529411764705883,0.0,1.0,2025-01,Saturday
O02367,2025-09-17,WH-East,Night,Picking,A,A034,19,15.32,291.2,2,52.1,1,18,7.85,2.4203821656050954,0.05263157894736842,0.9473684210526315,2025-09,Wednesday
O02368,2025-06-08,WH-North,Afternoon,Picking,C,A009,8,19.14,153.1,2,48.2,0,7,6.6,1.2121212121212122,0.0,0.875,2025-06,Sunday
O02369,2025-10-16,WH-East,Morning,Picking,C,A049,18,12.87,231.6,0,0.0,0,18,8.66,2.0785219399538106,0.0,1.0,2025-10,Thursday
O02370,2025-03-16,WH-East,Night,Packing,B,A048,15,9.78,146.6,0,0.0,0,15,7.97,1.8820577164366374,0.0,1.0,2025-03,Sunday
O02371,2025-01-21,WH-West,Afternoon,Dispatch,D,A031,15,9.06,136.0,0,0.0,0,15,6.5,2.3076923076923075,0.0,1.0,2025-01,Tuesday
O02372,2025-11-23,WH-South,Afternoon,Picking,D,A080,21,11.95,251.0,0,0.0,1,21,7.63,2.7522935779816513,0.047619047619047616,1.0,2025-11,Sunday
O02373,2025-09-13,WH-West,Morning,Packing,B,A059,23,9.53,219.2,1,26.4,0,23,7.39,3.1123139377537212,0.0,1.0,2025-09,Saturday
O02374,2025-04-08,WH-East,Afternoon,Picking,C,A022,21,15.35,322.4,0,0.0,1,21,8.43,2.491103202846975,0.047619047619047616,1.0,2025-04,Tuesday
O02375,2025-10-26,WH-South,Afternoon,Picking,C,A048,15,16.63,249.5,1,9.7,0,15,8.96,1.6741071428571428,0.0,1.0,2025-10,Sunday
O02376,2025-09-04,WH-North,Afternoon,Packing,E,A076,21,13.92,292.4,2,57.6,0,20,8.33,2.5210084033613445,0.0,0.9523809523809523,2025-09,Thursday
O02377,2025-04-16,WH-West,Morning,Picking,A,A008,25,14.18,354.5,0,0.0,0,25,7.15,3.4965034965034962,0.0,1.0,2025-04,Wednesday
O02378,2025-04-25,WH-South,Afternoon,Picking,C,A022,16,16.92,270.6,0,0.0,0,16,7.04,2.272727272727273,0.0,1.0,2025-04,Friday
O02379,2025-01-19,WH-West,Afternoon,Picking,E,A072,13,15.34,199.4,1,10.7,0,13,8.63,1.5063731170336037,0.0,1.0,2025-01,Sunday
O02380,2025-01-24,WH-West,Afternoon,Picking,E,A006,25,7.87,196.7,0,0.0,0,25,8.04,3.109452736318408,0.0,1.0,2025-01,Friday
O02381,2025-10-28,WH-South,Afternoon,Dispatch,D,A033,15,11.31,169.7,1,11.3,1,15,6.75,2.2222222222222223,0.06666666666666667,1.0,2025-10,Tuesday
O02382,2025-05-02,WH-South,Night,Sorting,A,A013,12,7.01,84.1,3,89.1,0,10,6.93,1.7316017316017316,0.0,0.8333333333333334,2025-05,Friday
O02383,2025-08-19,WH-East,Night,Picking,D,A067,25,12.84,320.9,1,17.2,1,25,7.18,3.4818941504178276,0.04,1.0,2025-08,Tuesday
O02384,2025-02-22,WH-East,Morning,Dispatch,D,A017,25,13.08,326.9,1,23.6,0,25,8.84,2.828054298642534,0.0,1.0,2025-02,Saturday
O02385,2025-06-11,WH-East,Morning,Sorting,B,A045,26,7.8,202.8,2,34.2,2,25,6.7,3.8805970149253732,0.07692307692307693,0.9615384615384616,2025-06,Wednesday
O02386,2025-09-25,WH-East,Morning,Sorting,A,A048,15,8.32,124.8,2,34.6,0,14,8.38,1.7899761336515512,0.0,0.9333333333333333,2025-09,Thursday
O02387,2025-01-22,WH-South,Afternoon,Dispatch,B,A080,22,12.9,283.9,0,0.0,0,22,8.27,2.660217654171705,0.0,1.0,2025-01,Wednesday
O02388,2025-12-17,WH-North,Morning,Packing,B,A049,18,14.66,263.8,2,55.8,1,17,7.98,2.255639097744361,0.05555555555555555,0.9444444444444444,2025-12,Wednesday
O02389,2025-12-29,WH-North,Afternoon,Picking,E,A030,11,15.68,172.5,1,27.7,0,11,8.22,1.338199513381995,0.0,1.0,2025-12,Monday
O02390,2025-11-13,WH-East,Morning,Picking,D,A008,18,13.94,250.9,2,35.8,2,17,8.49,2.1201413427561837,0.1111111111111111,0.9444444444444444,2025-11,Thursday
O02391,2025-11-10,WH-North,Afternoon,Picking,B,A059,24,14.53,348.7,2,44.0,0,23,7.96,3.0150753768844223,0.0,0.9583333333333334,2025-11,Monday
O02392,2025-09-22,WH-South,Morning,Packing,D,A005,12,13.94,167.3,1,24.1,0,12,7.98,1.5037593984962405,0.0,1.0,2025-09,Monday
O02393,2025-07-17,WH-North,Morning,Picking,B,A003,15,13.71,205.6,1,25.9,1,15,6.98,2.148997134670487,0.06666666666666667,1.0,2025-07,Thursday
O02394,2025-10-20,WH-East,Morning,Picking,C,A055,22,11.24,247.3,0,0.0,0,22,8.87,2.4802705749718155,0.0,1.0,2025-10,Monday
O02395,2025-07-11,WH-East,Afternoon,Dispatch,A,A019,15,11.7,175.5,1,10.8,0,15,7.99,1.8773466833541927,0.0,1.0,2025-07,Friday
O02396,2025-10-23,WH-South,Night,Picking,C,A053,21,15.77,331.3,0,0.0,0,21,8.75,2.4,0.0,1.0,2025-10,Thursday
O02397,2025-12-14,WH-South,Afternoon,Picking,D,A001,22,16.67,366.7,1,25.5,0,22,8.57,2.5670945157526255,0.0,1.0,2025-12,Sunday
O02398,2025-11-09,WH-North,Morning,Sorting,B,A001,17,9.73,165.5,1,16.3,0,17,7.47,2.2757697456492636,0.0,1.0,2025-11,Sunday
O02399,2025-04-29,WH-North,Morning,Packing,B,A026,12,9.48,113.8,1,18.9,1,12,7.1,1.6901408450704227,0.08333333333333333,1.0,2025-04,Tuesday
O02400,2025-10-20,WH-South,Morning,Packing,E,A011,17,9.94,169.0,0,0.0,0,17,8.69,1.9562715765247412,0.0,1.0,2025-10,Monday
